time_index,hour,temperature,humidity,wind_speed,visibility,dew_point_temperature,solar_radiation,rainfall,snowfall,season_autumn,season_spring,season_summer,season_winter,holiday_holiday,holiday_no_holiday,functioning_day_no,functioning_day_yes,rented_bike_count
1,0,-5.2,37,2.2,2000,-17.6,0,0,0,0,0,0,1,0,1,0,1,254
2,1,-5.5,38,0.8,2000,-17.6,0,0,0,0,0,0,1,0,1,0,1,204
3,2,-6,39,1,2000,-17.7,0,0,0,0,0,0,1,0,1,0,1,173
4,3,-6.2,40,0.9,2000,-17.6,0,0,0,0,0,0,1,0,1,0,1,107
5,4,-6,36,2.3,2000,-18.6,0,0,0,0,0,0,1,0,1,0,1,78
6,5,-6.4,37,1.5,2000,-18.7,0,0,0,0,0,0,1,0,1,0,1,100
7,6,-6.6,35,1.3,2000,-19.5,0,0,0,0,0,0,1,0,1,0,1,181
8,7,-7.4,38,0.9,2000,-19.3,0,0,0,0,0,0,1,0,1,0,1,460
9,8,-7.6,37,1.1,2000,-19.8,0.01,0,0,0,0,0,1,0,1,0,1,930
10,9,-6.5,27,0.5,1928,-22.4,0.23,0,0,0,0,0,1,0,1,0,1,490
11,10,-3.5,24,1.2,1996,-21.2,0.65,0,0,0,0,0,1,0,1,0,1,339
12,11,-0.5,21,1.3,1936,-20.2,0.94,0,0,0,0,0,1,0,1,0,1,360
13,12,1.7,23,1.4,2000,-17.2,1.11,0,0,0,0,0,1,0,1,0,1,449
14,13,2.4,25,1.6,2000,-15.6,1.16,0,0,0,0,0,1,0,1,0,1,451
15,14,3,26,2,2000,-14.6,1.01,0,0,0,0,0,1,0,1,0,1,447
16,15,2.1,36,3.2,2000,-11.4,0.54,0,0,0,0,0,1,0,1,0,1,463
17,16,1.2,54,4.2,793,-7,0.24,0,0,0,0,0,1,0,1,0,1,484
18,17,0.8,58,1.6,2000,-6.5,0.08,0,0,0,0,0,1,0,1,0,1,555
19,18,0.6,66,1.4,2000,-5,0,0,0,0,0,0,1,0,1,0,1,862
20,19,0,77,1.7,2000,-3.5,0,0,0,0,0,0,1,0,1,0,1,600
21,20,-0.3,79,1.5,1913,-3.5,0,0,0,0,0,0,1,0,1,0,1,426
22,21,-0.8,81,0.8,1687,-3.6,0,0,0,0,0,0,1,0,1,0,1,405
23,22,-0.9,83,1.5,1380,-3.4,0,0,0,0,0,0,1,0,1,0,1,398
24,23,-1.3,84,1,1265,-3.6,0,0,0,0,0,0,1,0,1,0,1,323
25,0,-1.8,87,1.1,994,-3.6,0,0,0,0,0,0,1,0,1,0,1,328
26,1,-2.2,86,0.6,990,-4.2,0,0,0,0,0,0,1,0,1,0,1,308
27,2,-2.9,86,1.5,1256,-4.9,0,0,0,0,0,0,1,0,1,0,1,262
28,3,-3.5,81,2.2,1221,-6.2,0,0,0,0,0,0,1,0,1,0,1,167
29,4,-3.8,79,2,1167,-6.9,0,0,0,0,0,0,1,0,1,0,1,89
30,5,-4,79,1.5,1202,-7.1,0,0,0,0,0,0,1,0,1,0,1,79
31,6,-4.3,82,2.1,1178,-6.9,0,0,0,0,0,0,1,0,1,0,1,70
32,7,-4.4,81,2.5,1276,-7.1,0,0,0,0,0,0,1,0,1,0,1,146
33,8,-4.2,79,2.1,1436,-7.3,0.01,0,0,0,0,0,1,0,1,0,1,219
34,9,-2.9,68,1.6,1487,-7.9,0.3,0,0,0,0,0,1,0,1,0,1,328
35,10,-0.4,57,1.6,1309,-7.8,0.8,0,0,0,0,0,1,0,1,0,1,334
36,11,1.9,49,1.8,1406,-7.7,1,0,0,0,0,0,1,0,1,0,1,388
37,12,4.3,41,1.3,1666,-7.8,1.09,0,0,0,0,0,1,0,1,0,1,479
38,13,6,36,1.8,1780,-7.9,1.12,0,0,0,0,0,1,0,1,0,1,606
39,14,7.3,35,1.3,1955,-7.1,0.99,0,0,0,0,0,1,0,1,0,1,611
40,15,7.6,41,2.3,1953,-4.8,0.74,0,0,0,0,0,1,0,1,0,1,589
41,16,6.4,48,2.6,1945,-3.8,0.22,0,0,0,0,0,1,0,1,0,1,618
42,17,6,51,2.5,1891,-3.3,0.06,0,0,0,0,0,1,0,1,0,1,572
43,18,5.5,53,1.5,1697,-3.3,0,0,0,0,0,0,1,0,1,0,1,489
44,19,5,52,2.3,1666,-4,0,0,0,0,0,0,1,0,1,0,1,385
45,20,4.6,51,1.2,1585,-4.6,0,0,0,0,0,0,1,0,1,0,1,359
46,21,4.1,55,1.2,1448,-4.1,0,0,0,0,0,0,1,0,1,0,1,377
47,22,3.5,54,1.5,1446,-4.9,0,0,0,0,0,0,1,0,1,0,1,354
48,23,4,56,1,1352,-4,0,0,0,0,0,0,1,0,1,0,1,366
49,0,4,58,1.4,1296,-3.5,0,0,0,0,0,0,1,0,1,0,1,342
50,1,3.9,69,1.7,485,-1.2,0,0,0,0,0,0,1,0,1,0,1,227
51,2,3.3,79,1.4,830,0,0,0,0,0,0,0,1,0,1,0,1,228
52,3,3.4,71,1.6,1011,-1.3,0,0.5,0,0,0,0,1,0,1,0,1,117
53,4,3.5,73,1,1060,-0.8,0,0,0,0,0,0,1,0,1,0,1,76
54,5,3.9,75,1.9,914,-0.1,0,0,0,0,0,0,1,0,1,0,1,32
55,6,3.4,86,2.5,278,1.2,0,1,0,0,0,0,1,0,1,0,1,13
56,7,3.1,91,1.2,129,1.7,0,0,0,0,0,0,1,0,1,0,1,22
57,8,3.2,92,1.8,244,2,0,0,0,0,0,0,1,0,1,0,1,85
58,9,3.5,91,1.8,231,2.1,0.02,2.5,0,0,0,0,1,0,1,0,1,152
59,10,4.4,89,2.2,257,2.7,0.24,0,0,0,0,0,1,0,1,0,1,200
60,11,5.1,87,1.4,321,3.1,0.25,0,0,0,0,0,1,0,1,0,1,273
61,12,5.8,85,1.7,349,3.4,0.43,0,0,0,0,0,1,0,1,0,1,333
62,13,6.8,81,1.9,390,3.7,0.6,0,0,0,0,0,1,0,1,0,1,495
63,14,7.6,76,1.2,422,3.6,0.69,0,0,0,0,0,1,0,1,0,1,563
64,15,8,73,1.6,433,3.4,0.53,0,0,0,0,0,1,0,1,0,1,621
65,16,7.6,77,1.6,399,3.8,0.2,0,0,0,0,0,1,0,1,0,1,598
66,17,6.7,82,1.5,358,3.8,0.05,0,0,0,0,0,1,0,1,0,1,545
67,18,6,84,1.9,327,3.4,0,0,0,0,0,0,1,0,1,0,1,443
68,19,5.7,85,1.7,309,3.3,0,0,0,0,0,0,1,0,1,0,1,422
69,20,5.2,87,1.4,253,3.2,0,0,0,0,0,0,1,0,1,0,1,397
70,21,4.7,87,1.2,247,2.7,0,0,0,0,0,0,1,0,1,0,1,385
71,22,4.3,89,1.8,201,2.6,0,0,0,0,0,0,1,0,1,0,1,350
72,23,3.9,90,1.3,194,2.4,0,0,0,0,0,0,1,0,1,0,1,303
73,0,4.2,88,0.6,216,2.3,0,0,0,0,0,0,1,0,1,0,1,285
74,1,4.3,87,0.5,221,2.3,0,0,0,0,0,0,1,0,1,0,1,186
75,2,4.4,87,1.8,207,2.4,0,0,0,0,0,0,1,0,1,0,1,112
76,3,3.6,85,2.3,206,1.3,0,0,0,0,0,0,1,0,1,0,1,65
77,4,2.8,89,1.5,130,1.1,0,0,0,0,0,0,1,0,1,0,1,41
78,5,2,83,2.7,253,-0.5,0,0,0,0,0,0,1,0,1,0,1,82
79,6,1.2,76,3.7,371,-2.5,0,0.1,0,0,0,0,1,0,1,0,1,200
80,7,0.2,68,3.4,702,-5,0,0,0,0,0,0,1,0,1,0,1,498
81,8,-0.8,69,3.5,954,-5.7,0.01,0,0,0,0,0,1,0,1,0,1,937
82,9,-1.5,47,4.2,1888,-11.3,0.22,0,0,0,0,0,1,0,1,0,1,509
83,10,-1.1,40,4.5,2000,-13,0.64,0,0,0,0,0,1,0,1,0,1,311
84,11,-0.5,41,4.1,1799,-12.1,0.94,0,0,0,0,0,1,0,1,0,1,379
85,12,-0.3,38,4.8,1823,-12.9,1.11,0,0,0,0,0,1,0,1,0,1,393
86,13,0,30,5.4,1938,-15.5,1.17,0,0,0,0,0,1,0,1,0,1,391
87,14,0.1,27,4.5,2000,-16.7,1.09,0,0,0,0,0,1,0,1,0,1,338
88,15,-0.1,25,5.8,2000,-17.8,0.88,0,0,0,0,0,1,0,1,0,1,341
89,16,-0.2,23,4.7,2000,-18.8,0.55,0,0,0,0,0,1,0,1,0,1,375
90,17,-1.3,26,5.3,2000,-18.3,0.18,0,0,0,0,0,1,0,1,0,1,515
91,18,-2.1,29,3.9,2000,-17.7,0,0,0,0,0,0,1,0,1,0,1,807
92,19,-2.9,32,3.2,2000,-17.3,0,0,0,0,0,0,1,0,1,0,1,568
93,20,-3.6,38,3,2000,-15.8,0,0,0,0,0,0,1,0,1,0,1,398
94,21,-4.6,43,4.5,2000,-15.3,0,0,0,0,0,0,1,0,1,0,1,397
95,22,-5.3,45,2.5,2000,-15.3,0,0,0,0,0,0,1,0,1,0,1,353
96,23,-5.8,44,2.4,2000,-16.1,0,0,0,0,0,0,1,0,1,0,1,248
97,0,-6.1,42,2.6,2000,-16.9,0,0,0,0,0,0,1,0,1,0,1,216
98,1,-6.5,41,2.8,2000,-17.6,0,0,0,0,0,0,1,0,1,0,1,198
99,2,-6.8,41,2.5,2000,-17.8,0,0,0,0,0,0,1,0,1,0,1,124
100,3,-6.9,39,2,2000,-18.5,0,0,0,0,0,0,1,0,1,0,1,62
101,4,-7.2,34,3,2000,-20.4,0,0,0,0,0,0,1,0,1,0,1,42
102,5,-7.4,33,2.6,2000,-20.9,0,0,0,0,0,0,1,0,1,0,1,82
103,6,-7.4,34,3.2,2000,-20.6,0,0,0,0,0,0,1,0,1,0,1,172
104,7,-7.5,33,2.2,2000,-21,0,0,0,0,0,0,1,0,1,0,1,381
105,8,-8.1,36,1.6,2000,-20.5,0.01,0,0,0,0,0,1,0,1,0,1,812
106,9,-7.6,31,1.3,1974,-21.8,0.21,0,0,0,0,0,1,0,1,0,1,462
107,10,-5.5,26,2.8,1967,-22,0.64,0,0,0,0,0,1,0,1,0,1,269
108,11,-3.9,25,0,1959,-21,0,0,0,0,0,0,1,0,1,0,1,334
109,12,-2.3,25,0,1962,-19.7,0,0,0,0,0,0,1,0,1,0,1,321
110,13,-1.6,27,0,1955,-18.2,0,0,0,0,0,0,1,0,1,0,1,325
111,14,-1.1,28,0,2000,-17.3,0,0,0,0,0,0,1,0,1,0,1,334
112,15,-0.7,28,0,2000,-16.9,0,0,0,0,0,0,1,0,1,0,1,353
113,16,-0.5,30,0,2000,-16,0,0,0,0,0,0,1,0,1,0,1,435
114,17,-1.6,35,0,2000,-15.1,0,0,0,0,0,0,1,0,1,0,1,529
115,18,-2.6,40,0,2000,-14.4,0,0,0,0,0,0,1,0,1,0,1,789
116,19,-3.2,45,0,2000,-13.5,0,0,0,0,0,0,1,0,1,0,1,597
117,20,-3.5,46,0,2000,-13.4,0,0,0,0,0,0,1,0,1,0,1,418
118,21,-3.7,47,0,2000,-13.3,0,0,0,0,0,0,1,0,1,0,1,415
119,22,-2.8,49,0,2000,-12,0,0,0,0,0,0,1,0,1,0,1,393
120,23,-2.5,59,0,1210,-9.4,0,0,0,0,0,0,1,0,1,0,1,244
121,0,-2.8,77,0,331,-6.2,0,0.1,0.1,0,0,0,1,0,1,0,1,145
122,1,-3,79,0,293,-6.1,0,0,0.3,0,0,0,1,0,1,0,1,144
123,2,-3,79,0,1862,-6.1,0,0,0.4,0,0,0,1,0,1,0,1,117
124,3,-3.2,78,0,1808,-6.4,0,0.2,0.4,0,0,0,1,0,1,0,1,78
125,4,-3.4,75,0,1982,-7.2,0,0,0.4,0,0,0,1,0,1,0,1,58
126,5,-3.6,76,0,1934,-7.2,0,0,0.4,0,0,0,1,0,1,0,1,87
127,6,-3.7,76,0,1864,-7.3,0,0,0.4,0,0,0,1,0,1,0,1,142
128,7,-4.2,77,0,1741,-7.6,0,0,0.3,0,0,0,1,0,1,0,1,379
129,8,-4.2,78,0,1518,-7.4,0.01,0,0.2,0,0,0,1,0,1,0,1,802
130,9,-3.3,70,0,1324,-7.9,0.25,0,0.2,0,0,0,1,0,1,0,1,440
131,10,-0.9,64,0,1224,-6.8,0.63,0,0.2,0,0,0,1,0,1,0,1,307
132,11,1.6,57,1.2,1261,-6,0.93,0,0,0,0,0,1,0,1,0,1,381
133,12,2.4,52,0.9,1224,-6.4,1.08,0,0,0,0,0,1,0,1,0,1,405
134,13,4.2,47,1.1,1469,-6.1,1.1,0,0,0,0,0,1,0,1,0,1,442
135,14,5.5,34,1,1966,-9.1,0.96,0,0,0,0,0,1,0,1,0,1,416
136,15,5.5,31,3.1,1968,-10.3,0.72,0,0,0,0,0,1,0,1,0,1,412
137,16,5.3,37,2.9,2000,-8.2,0.36,0,0,0,0,0,1,0,1,0,1,496
138,17,4.1,60,2.5,1565,-2.9,0.1,0,0,0,0,0,1,0,1,0,1,239
139,18,1.7,90,1,66,0.2,0,0.3,0.3,0,0,0,1,0,1,0,1,204
140,19,1.2,92,0.7,180,0,0,0,1,0,0,0,1,0,1,0,1,205
141,20,1.2,94,0.6,228,0.3,0,0,1,0,0,0,1,0,1,0,1,190
142,21,1.1,92,0.5,235,0,0,0.7,1,0,0,0,1,0,1,0,1,165
143,22,1.3,92,0.6,233,0.1,0,0,1,0,0,0,1,0,1,0,1,222
144,23,1.3,92,0.6,209,0.1,0,0,1,0,0,0,1,0,1,0,1,193
145,0,1.4,92,0.5,240,0.2,0,0,0.9,0,0,0,1,0,1,0,1,198
146,1,1.5,92,0.4,227,0.3,0,0,0.9,0,0,0,1,0,1,0,1,218
147,2,1.4,92,0.7,168,0.2,0,0,0.9,0,0,0,1,0,1,0,1,149
148,3,1.9,91,1.4,218,0.5,0,0,0.9,0,0,0,1,0,1,0,1,102
149,4,1.6,92,0.7,119,0.4,0,0,0.9,0,0,0,1,0,1,0,1,62
150,5,1.5,92,1.1,175,0.3,0,0,0.9,0,0,0,1,0,1,0,1,83
151,6,1,93,0.5,148,0,0,0,0.9,0,0,0,1,0,1,0,1,137
152,7,0.3,93,0.5,173,-0.7,0,0,0.9,0,0,0,1,0,1,0,1,367
153,8,-0.2,96,0.8,173,-0.7,0.01,0,0.8,0,0,0,1,0,1,0,1,754
154,9,0.1,91,0.8,265,-1.1,0.14,0,0.8,0,0,0,1,0,1,0,1,415
155,10,1.1,83,0.7,311,-1.4,0.41,0,0.7,0,0,0,1,0,1,0,1,321
156,11,2.3,69,1.7,628,-2.8,0.63,0,0.6,0,0,0,1,0,1,0,1,333
157,12,3.7,65,2.4,833,-2.2,0.98,0,0.3,0,0,0,1,0,1,0,1,431
158,13,4.1,37,3.1,1767,-9.3,1.14,0,0,0,0,0,1,0,1,0,1,394
159,14,4.4,36,2.7,1975,-9.4,1.04,0,0,0,0,0,1,0,1,0,1,390
160,15,4,35,3.1,1962,-10.1,0.84,0,0,0,0,0,1,0,1,0,1,430
161,16,3.2,38,2.9,1817,-9.7,0.51,0,0,0,0,0,1,0,1,0,1,471
162,17,2.1,50,2,1434,-7.2,0.15,0,0,0,0,0,1,0,1,0,1,552
163,18,0.7,46,2.7,1558,-9.6,0,0,0,0,0,0,1,0,1,0,1,795
164,19,-0.4,47,2.5,1269,-10.3,0,0,0,0,0,0,1,0,1,0,1,507
165,20,-1.4,47,2.5,1620,-11.2,0,0,0,0,0,0,1,0,1,0,1,390
166,21,-2.2,46,2.2,1975,-12.2,0,0,0,0,0,0,1,0,1,0,1,402
167,22,-2.7,48,2.6,1844,-12.2,0,0,0,0,0,0,1,0,1,0,1,389
168,23,-3.2,50,2.1,1887,-12.1,0,0,0,0,0,0,1,0,1,0,1,259
169,0,-3.5,49,2.6,1893,-12.6,0,0,0,0,0,0,1,0,1,0,1,233
170,1,-3.7,50,2.5,1902,-12.6,0,0,0,0,0,0,1,0,1,0,1,230
171,2,-4.3,53,1,1918,-12.4,0,0,0,0,0,0,1,0,1,0,1,131
172,3,-4.8,52,1.6,1978,-13.1,0,0,0,0,0,0,1,0,1,0,1,99
173,4,-5.3,53,2.4,1936,-13.4,0,0,0,0,0,0,1,0,1,0,1,71
174,5,-5.8,56,2,1941,-13.1,0,0,0,0,0,0,1,0,1,0,1,84
175,6,-6,56,3.5,1853,-13.3,0,0,0,0,0,0,1,0,1,0,1,158
176,7,-6.5,57,0.8,1776,-13.6,0,0,0,0,0,0,1,0,1,0,1,387
177,8,-7,59,0.8,1559,-13.6,0.01,0,0,0,0,0,1,0,1,0,1,780
178,9,-6.7,50,0.9,1492,-15.4,0.23,0,0,0,0,0,1,0,1,0,1,395
179,10,-5.3,44,2.8,1516,-15.6,0.63,0,0,0,0,0,1,0,1,0,1,261
180,11,-3.7,39,1.4,1595,-15.6,0.93,0,0,0,0,0,1,0,1,0,1,310
181,12,-2,30,1.4,1728,-17.3,1.14,0,0,0,0,0,1,0,1,0,1,355
182,13,-1.7,28,1.8,1963,-17.8,1.22,0,0,0,0,0,1,0,1,0,1,354
183,14,-1.3,27,3.1,1906,-17.9,1.12,0,0,0,0,0,1,0,1,0,1,350
184,15,-0.8,26,3.3,1977,-17.9,0.87,0,0,0,0,0,1,0,1,0,1,362
185,16,-1.1,24,3.4,2000,-19.1,0.56,0,0,0,0,0,1,0,1,0,1,401
186,17,-2.4,30,2.7,2000,-17.6,0.18,0,0,0,0,0,1,0,1,0,1,500
187,18,-3.1,33,1.2,2000,-17.1,0,0,0,0,0,0,1,0,1,0,1,752
188,19,-3.3,35,1.1,2000,-16.6,0,0,0,0,0,0,1,0,1,0,1,477
189,20,-3.3,34,1.5,2000,-16.9,0,0,0,0,0,0,1,0,1,0,1,384
190,21,-3.3,35,0.5,2000,-16.6,0,0,0,0,0,0,1,0,1,0,1,336
191,22,-3.4,39,1.2,2000,-15.4,0,0,0,0,0,0,1,0,1,0,1,347
192,23,-3.5,43,0.9,2000,-14.3,0,0,0,0,0,0,1,0,1,0,1,275
193,0,-3.5,48,0.9,1967,-12.9,0,0,0,0,0,0,1,0,1,0,1,267
194,1,-4.1,49,0.6,2000,-13.2,0,0,0,0,0,0,1,0,1,0,1,296
195,2,-4.7,50,0.7,1983,-13.5,0,0,0,0,0,0,1,0,1,0,1,237
196,3,-4.3,47,0.6,1992,-13.9,0,0,0,0,0,0,1,0,1,0,1,169
197,4,-4.3,49,0.7,2000,-13.4,0,0,0,0,0,0,1,0,1,0,1,96
198,5,-4.7,49,0.8,1999,-13.8,0,0,0,0,0,0,1,0,1,0,1,56
199,6,-5.1,53,0.9,1975,-13.2,0,0,0,0,0,0,1,0,1,0,1,76
200,7,-5.5,56,0.8,1950,-12.9,0,0,0,0,0,0,1,0,1,0,1,127
201,8,-5.4,56,0.7,1940,-12.8,0.01,0,0,0,0,0,1,0,1,0,1,222
202,9,-4.7,48,1,1784,-14,0.23,0,0,0,0,0,1,0,1,0,1,291
203,10,-2.2,42,1.3,1646,-13.4,0.61,0,0,0,0,0,1,0,1,0,1,273
204,11,0,45,1.1,1500,-10.5,0.89,0,0,0,0,0,1,0,1,0,1,351
205,12,2.4,40,0.8,1809,-9.8,1.05,0,0,0,0,0,1,0,1,0,1,427
206,13,3.9,36,2,1702,-9.8,1.13,0,0,0,0,0,1,0,1,0,1,431
207,14,4.7,32,2.2,1948,-10.6,1.06,0,0,0,0,0,1,0,1,0,1,486
208,15,5.2,30,2,1963,-11,0.84,0,0,0,0,0,1,0,1,0,1,569
209,16,4.4,33,1.6,1963,-10.5,0.4,0,0,0,0,0,1,0,1,0,1,546
210,17,3.5,37,1.8,1963,-9.8,0.1,0,0,0,0,0,1,0,1,0,1,481
211,18,2.5,41,1,1974,-9.4,0,0,0,0,0,0,1,0,1,0,1,384
212,19,1.5,48,0.4,1878,-8.3,0,0,0,0,0,0,1,0,1,0,1,275
213,20,0.8,51,1.4,1848,-8.2,0,0,0,0,0,0,1,0,1,0,1,298
214,21,-0.1,55,0.7,1654,-8,0,0,0,0,0,0,1,0,1,0,1,321
215,22,-0.5,55,0.6,1655,-8.4,0,0,0,0,0,0,1,0,1,0,1,289
216,23,-0.1,54,1.3,1570,-8.3,0,0,0,0,0,0,1,0,1,0,1,265
217,0,-0.2,55,1,1629,-8.1,0,0,0,0,0,0,1,0,1,0,1,326
218,1,-0.2,54,0.5,1747,-8.4,0,0,0,0,0,0,1,0,1,0,1,280
219,2,0.2,52,0.7,1726,-8.5,0,0,0,0,0,0,1,0,1,0,1,243
220,3,0.3,53,0.5,1748,-8.1,0,0,0,0,0,0,1,0,1,0,1,169
221,4,0.4,52,1.6,1816,-8.3,0,0,0,0,0,0,1,0,1,0,1,71
222,5,0.3,74,1,178,-3.7,0,0,0.7,0,0,0,1,0,1,0,1,13
223,6,-0.5,90,0.9,91,-1.9,0,2.5,2.7,0,0,0,1,0,1,0,1,9
224,7,-0.4,92,1.1,121,-1.5,0,0,4,0,0,0,1,0,1,0,1,20
225,8,-0.2,90,1.2,378,-1.6,0,0,4.1,0,0,0,1,0,1,0,1,35
226,9,0.2,90,1,305,-1.2,0,1.6,4.3,0,0,0,1,0,1,0,1,31
227,10,0.5,91,0.4,143,-0.8,0,0,4.3,0,0,0,1,0,1,0,1,19
228,11,0.9,92,0.9,137,-0.2,0.03,0,3.9,0,0,0,1,0,1,0,1,58
229,12,2.3,88,0.3,245,0.5,0.28,0,3.1,0,0,0,1,0,1,0,1,119
230,13,3.3,87,1.1,230,1.3,0.54,0,2.1,0,0,0,1,0,1,0,1,182
231,14,4.2,85,0.7,325,1.8,0.65,0,1.4,0,0,0,1,0,1,0,1,235
232,15,6.7,63,4.5,715,0.1,0.35,0,1,0,0,0,1,0,1,0,1,180
233,16,5.4,71,3.5,622,0.5,0.2,0,0.5,0,0,0,1,0,1,0,1,214
234,17,3.6,65,4.3,1061,-2.3,0.03,0,0.4,0,0,0,1,0,1,0,1,226
235,18,2,61,3,2000,-4.7,0,0,0,0,0,0,1,0,1,0,1,210
236,19,1.6,53,4,2000,-6.9,0,0,0,0,0,0,1,0,1,0,1,181
237,20,0.6,57,3.9,1954,-6.9,0,0,0,0,0,0,1,0,1,0,1,165
238,21,0,59,3,1862,-7,0,0,0,0,0,0,1,0,1,0,1,167
239,22,-1,56,4.7,2000,-8.6,0,0,0,0,0,0,1,0,1,0,1,152
240,23,-1.4,43,4.3,2000,-12.3,0,0,0,0,0,0,1,0,1,0,1,148
241,0,-2.5,39,3.4,2000,-14.5,0,0,0,0,0,0,1,0,1,0,1,125
242,1,-3.4,36,3.8,2000,-16.3,0,0,0,0,0,0,1,0,1,0,1,111
243,2,-4.2,35,3.4,2000,-17.4,0,0,0,0,0,0,1,0,1,0,1,67
244,3,-4.7,38,2.4,2000,-16.8,0,0,0,0,0,0,1,0,1,0,1,45
245,4,-5.2,35,3.2,2000,-18.3,0,0,0,0,0,0,1,0,1,0,1,44
246,5,-5.6,38,3.2,1974,-17.6,0,0,0,0,0,0,1,0,1,0,1,86
247,6,-5.9,39,2.9,1979,-17.6,0,0,0,0,0,0,1,0,1,0,1,136
248,7,-6,39,3.1,1996,-17.7,0,0,0,0,0,0,1,0,1,0,1,325
249,8,-6,38,3.6,1994,-18,0.01,0,0,0,0,0,1,0,1,0,1,653
250,9,-5.9,36,5.1,1941,-18.6,0.1,0,0,0,0,0,1,0,1,0,1,326
251,10,-5.3,32,4.5,2000,-19.4,0.62,0,0,0,0,0,1,0,1,0,1,212
252,11,-4.7,36,3.8,2000,-17.5,1,0,0,0,0,0,1,0,1,0,1,226
253,12,-5.2,33,4.6,1973,-19,1.26,0,0,0,0,0,1,0,1,0,1,247
254,13,-5.4,32,5.1,1986,-19.5,1.24,0,0,0,0,0,1,0,1,0,1,241
255,14,-5.4,31,4.1,1945,-19.9,1.13,0,0,0,0,0,1,0,1,0,1,253
256,15,-5.5,33,4.5,2000,-19.2,0.92,0,0,0,0,0,1,0,1,0,1,269
257,16,-6,40,4,2000,-17.4,0.55,0,0,0,0,0,1,0,1,0,1,277
258,17,-7.1,44,4.2,2000,-17.3,0.18,0,0,0,0,0,1,0,1,0,1,361
259,18,-7.9,43,3.3,2000,-18.3,0,0,0,0,0,0,1,0,1,0,1,557
260,19,-8.6,45,3.9,2000,-18.4,0,0,0,0,0,0,1,0,1,0,1,371
261,20,-9.3,49,3.8,2000,-18,0,0,0,0,0,0,1,0,1,0,1,254
262,21,-9.7,51,2.5,2000,-17.9,0,0,0,0,0,0,1,0,1,0,1,266
263,22,-10.2,50,3,2000,-18.6,0,0,0,0,0,0,1,0,1,0,1,222
264,23,-10.7,53,1.2,2000,-18.4,0,0,0,0,0,0,1,0,1,0,1,174
265,0,-11,51,1.1,2000,-19.1,0,0,0,0,0,0,1,0,1,0,1,133
266,1,-11.2,51,1.1,2000,-19.3,0,0,0,0,0,0,1,0,1,0,1,127
267,2,-11.5,50,0.7,2000,-19.8,0,0,0,0,0,0,1,0,1,0,1,95
268,3,-11.6,50,2.2,1995,-19.9,0,0,0,0,0,0,1,0,1,0,1,54
269,4,-11.6,47,2.1,1982,-20.6,0,0,0,0,0,0,1,0,1,0,1,46
270,5,-11.6,45,2.8,1951,-21.1,0,0,0,0,0,0,1,0,1,0,1,65
271,6,-11.8,47,2.5,1973,-20.8,0,0,0,0,0,0,1,0,1,0,1,104
272,7,-12.1,50,2.3,1929,-20.4,0,0,0,0,0,0,1,0,1,0,1,280
273,8,-12.3,52,1.3,1914,-20.1,0,0,0,0,0,0,1,0,1,0,1,580
274,9,-11.8,46,2.9,1956,-21.1,0.1,0,0,0,0,0,1,0,1,0,1,275
275,10,-10.5,45,3.3,1855,-20.1,0.6,0,0,0,0,0,1,0,1,0,1,184
276,11,-9.4,42,3.1,1815,-19.9,0.93,0,0,0,0,0,1,0,1,0,1,201
277,12,-8.3,35,2.9,1967,-21,1.14,0,0,0,0,0,1,0,1,0,1,228
278,13,-6.9,37,2.4,1955,-19.1,1.22,0,0,0,0,0,1,0,1,0,1,225
279,14,-5.4,32,2,1930,-19.5,1.12,0,0,0,0,0,1,0,1,0,1,258
280,15,-5.8,30,2.8,2000,-20.6,0.92,0,0,0,0,0,1,0,1,0,1,250
281,16,-6,29,2.8,1983,-21.2,0.58,0,0,0,0,0,1,0,1,0,1,248
282,17,-7,32,2.6,2000,-20.9,0.19,0,0,0,0,0,1,0,1,0,1,305
283,18,-7.7,36,1,2000,-20.2,0,0,0,0,0,0,1,0,1,0,1,529
284,19,-8.2,43,1.1,2000,-18.5,0,0,0,0,0,0,1,0,1,0,1,350
285,20,-8.4,42,1,2000,-19,0,0,0,0,0,0,1,0,1,0,1,260
286,21,-8.8,43,1.4,1999,-19.1,0,0,0,0,0,0,1,0,1,0,1,270
287,22,-9,45,1.3,1999,-18.7,0,0,0,0,0,0,1,0,1,0,1,256
288,23,-9.3,47,2.1,2000,-18.5,0,0,0,0,0,0,1,0,1,0,1,173
289,0,-9.5,48,1.3,1996,-18.4,0,0,0,0,0,0,1,0,1,0,1,168
290,1,-10.2,52,1.6,1997,-18.2,0,0,0,0,0,0,1,0,1,0,1,183
291,2,-10.4,53,1.8,1949,-18.1,0,0,0,0,0,0,1,0,1,0,1,120
292,3,-10.9,55,1.8,1913,-18.1,0,0,0,0,0,0,1,0,1,0,1,79
293,4,-11.4,58,1.3,1907,-18,0,0,0,0,0,0,1,0,1,0,1,41
294,5,-11.5,58,1.1,1923,-18.1,0,0,0,0,0,0,1,0,1,0,1,68
295,6,-11.9,57,1.1,1974,-18.7,0,0,0,0,0,0,1,0,1,0,1,109
296,7,-11.7,53,1.6,1998,-19.3,0,0,0,0,0,0,1,0,1,0,1,310
297,8,-11.4,47,3.3,2000,-20.4,0,0,0,0,0,0,1,0,1,0,1,591
298,9,-11.1,46,3.4,1981,-20.4,0.1,0,0,0,0,0,1,0,1,0,1,340
299,10,-9.5,39,2.1,1875,-20.9,0.6,0,0,0,0,0,1,0,1,0,1,202
300,11,-8.1,35,1.8,1806,-20.9,0.96,0,0,0,0,0,1,0,1,0,1,251
301,12,-6.5,30,2.9,1945,-21.2,1.17,0,0,0,0,0,1,0,1,0,1,267
302,13,-5.8,28,2.9,1887,-21.4,1.23,0,0,0,0,0,1,0,1,0,1,251
303,14,-4.7,27,2.9,1883,-20.8,1.12,0,0,0,0,0,1,0,1,0,1,240
304,15,-4.9,26,3.1,1887,-21.5,0.89,0,0,0,0,0,1,0,1,0,1,240
305,16,-4.5,26,2.2,2000,-21.1,0.56,0,0,0,0,0,1,0,1,0,1,278
306,17,-5.6,29,1.7,2000,-20.8,0.18,0,0,0,0,0,1,0,1,0,1,392
307,18,-6.6,33,1.1,2000,-20.2,0,0,0,0,0,0,1,0,1,0,1,537
308,19,-6.6,31,1.6,2000,-20.9,0,0,0,0,0,0,1,0,1,0,1,373
309,20,-7.6,35,0.8,2000,-20.4,0,0,0,0,0,0,1,0,1,0,1,263
310,21,-8.3,39,1,2000,-19.8,0,0,0,0,0,0,1,0,1,0,1,271
311,22,-8.9,39,0.1,2000,-20.3,0,0,0,0,0,0,1,0,1,0,1,271
312,23,-9.2,44,0.4,1978,-19.2,0,0,0,0,0,0,1,0,1,0,1,174
313,0,-9.5,50,0.6,1953,-18,0,0,0,0,0,0,1,0,1,0,1,171
314,1,-9.8,48,0.8,2000,-18.7,0,0,0,0,0,0,1,0,1,0,1,170
315,2,-10.6,44,0.8,1903,-20.5,0,0,0,0,0,0,1,0,1,0,1,107
316,3,-10.7,48,0.4,1651,-19.6,0,0,0,0,0,0,1,0,1,0,1,80
317,4,-11,50,0.8,1718,-19.4,0,0,0,0,0,0,1,0,1,0,1,52
318,5,-10.8,48,0.8,1648,-19.6,0,0,0,0,0,0,1,0,1,0,1,62
319,6,-11,55,0.8,1541,-18.2,0,0,0,0,0,0,1,0,1,0,1,108
320,7,-10.9,57,1.1,1387,-17.7,0,0,0,0,0,0,1,0,1,0,1,279
321,8,-10.4,54,1.1,1432,-17.9,0.01,0,0,0,0,0,1,0,1,0,1,621
322,9,-9.4,44,0.5,1680,-19.4,0.13,0,0,0,0,0,1,0,1,0,1,305
323,10,-7.7,43,0.9,1555,-18.1,0.35,0,0,0,0,0,1,0,1,0,1,189
324,11,-6.1,38,1,1587,-18.1,0.52,0,0,0,0,0,1,0,1,0,1,247
325,12,-4.9,34,1.3,1768,-18.3,0.6,0,0,0,0,0,1,0,1,0,1,278
326,13,-3.8,32,0.9,1827,-18.1,0.52,0,0,0,0,0,1,0,1,0,1,282
327,14,-2.7,28,0.7,1857,-18.7,0.65,0,0,0,0,0,1,0,1,0,1,294
328,15,-2.5,29,1.1,1667,-18.1,0.48,0,0,0,0,0,1,0,1,0,1,301
329,16,-2.4,28,0.9,1878,-18.4,0.35,0,0,0,0,0,1,0,1,0,1,335
330,17,-2.9,31,0.6,1723,-17.7,0.09,0,0,0,0,0,1,0,1,0,1,382
331,18,-3.5,35,1.1,1414,-16.7,0,0,0,0,0,0,1,0,1,0,1,612
332,19,-4.2,40,0.9,1216,-15.8,0,0,0,0,0,0,1,0,1,0,1,410
333,20,-4.8,43,1.1,1397,-15.4,0,0,0,0,0,0,1,0,1,0,1,277
334,21,-4.8,45,0.8,1351,-14.9,0,0,0,0,0,0,1,0,1,0,1,316
335,22,-4.9,44,1.1,1369,-15.3,0,0,0,0,0,0,1,0,1,0,1,309
336,23,-5.6,53,1.2,1290,-13.6,0,0,0,0,0,0,1,0,1,0,1,211
337,0,-5.7,53,0.6,1262,-13.7,0,0,0,0,0,0,1,0,1,0,1,227
338,1,-6.3,57,0.4,1148,-13.4,0,0,0,0,0,0,1,0,1,0,1,241
339,2,-6.8,58,0.4,1089,-13.6,0,0,0,0,0,0,1,0,1,0,1,162
340,3,-6.9,56,0.5,1111,-14.2,0,0,0,0,0,0,1,0,1,0,1,110
341,4,-7.1,59,0.8,1058,-13.7,0,0,0,0,0,0,1,0,1,0,1,69
342,5,-7.5,64,0.9,989,-13.1,0,0,0,0,0,0,1,0,1,0,1,68
343,6,-7.4,64,0.7,906,-13,0,0,0,0,0,0,1,0,1,0,1,129
344,7,-7,63,0.6,865,-12.8,0,0,0,0,0,0,1,0,1,0,1,285
345,8,-6.6,64,1.1,791,-12.2,0,0,0,0,0,0,1,0,1,0,1,658
346,9,-5.9,60,0.6,691,-12.4,0.09,0,0,0,0,0,1,0,1,0,1,330
347,10,-4.6,52,0.8,648,-12.9,0.34,0,0,0,0,0,1,0,1,0,1,221
348,11,-2.9,46,1,809,-12.9,0.42,0,0,0,0,0,1,0,1,0,1,279
349,12,-2.5,43,0.7,895,-13.3,0.34,0,0,0,0,0,1,0,1,0,1,309
350,13,-1.6,40,0.3,868,-13.4,0.32,0,0,0,0,0,1,0,1,0,1,325
351,14,-0.7,39,0.8,826,-12.9,0.35,0,0,0,0,0,1,0,1,0,1,329
352,15,0.1,35,1.5,946,-13.5,0.42,0,0,0,0,0,1,0,1,0,1,342
353,16,0,37,0.6,994,-12.9,0.13,0,0,0,0,0,1,0,1,0,1,354
354,17,-0.2,39,0.8,1016,-12.5,0,0,0,0,0,0,1,0,1,0,1,464
355,18,0.1,43,0.9,1485,-11,0,0,0,0,0,0,1,0,1,0,1,682
356,19,0.6,41,1.2,1550,-11.1,0,0,0,0,0,0,1,0,1,0,1,451
357,20,0.9,42,1.2,1113,-10.5,0,0,0,0,0,0,1,0,1,0,1,320
358,21,0.7,47,2.7,1283,-9.3,0,0,0,0,0,0,1,0,1,0,1,300
359,22,-0.1,49,2,870,-9.5,0,0,0,0,0,0,1,0,1,0,1,296
360,23,-1.3,60,2.5,792,-8,0,0,0,0,0,0,1,0,1,0,1,247
361,0,-2.6,73,3.4,787,-6.7,0,0,0,0,0,0,1,0,1,0,1,217
362,1,-3.4,76,2.9,582,-7,0,0,0,0,0,0,1,0,1,0,1,302
363,2,-4.1,73,2.1,567,-8.2,0,0,0,0,0,0,1,0,1,0,1,228
364,3,-4.5,71,1.6,651,-8.9,0,0,0,0,0,0,1,0,1,0,1,129
365,4,-5,70,2.7,702,-9.6,0,0,0,0,0,0,1,0,1,0,1,80
366,5,-5.6,72,2,662,-9.8,0,0,0,0,0,0,1,0,1,0,1,45
367,6,-6.1,69,2.9,765,-10.8,0,0,0,0,0,0,1,0,1,0,1,66
368,7,-6.7,64,2.1,977,-12.3,0,0,0,0,0,0,1,0,1,0,1,90
369,8,-7.3,62,2.6,1112,-13.3,0,0,0,0,0,0,1,0,1,0,1,190
370,9,-7.2,47,2.8,1724,-16.6,0.18,0,0,0,0,0,1,0,1,0,1,195
371,10,-6.2,42,2.3,1893,-17,0.52,0,0,0,0,0,1,0,1,0,1,201
372,11,-5.2,30,4,1991,-20.1,0.86,0,0,0,0,0,1,0,1,0,1,239
373,12,-4.1,28,3.8,1998,-19.9,1.08,0,0,0,0,0,1,0,1,0,1,252
374,13,-3.7,23,4,1980,-21.8,1.12,0,0,0,0,0,1,0,1,0,1,296
375,14,-3.4,22,4.3,1966,-22.1,1.07,0,0,0,0,0,1,0,1,0,1,292
376,15,-3.3,22,5,2000,-22,0.86,0,0,0,0,0,1,0,1,0,1,291
377,16,-3.3,24,3.5,2000,-21,0.54,0,0,0,0,0,1,0,1,0,1,258
378,17,-4.6,26,2.6,2000,-21.2,0.17,0,0,0,0,0,1,0,1,0,1,277
379,18,-5.3,28,3.5,2000,-21,0,0,0,0,0,0,1,0,1,0,1,212
380,19,-6,32,2.4,2000,-20,0,0,0,0,0,0,1,0,1,0,1,173
381,20,-6.6,37,3.4,2000,-18.9,0,0,0,0,0,0,1,0,1,0,1,143
382,21,-7.1,39,3.2,2000,-18.7,0,0,0,0,0,0,1,0,1,0,1,159
383,22,-7.6,41,1.6,2000,-18.6,0,0,0,0,0,0,1,0,1,0,1,155
384,23,-8,41,2.2,2000,-18.9,0,0,0,0,0,0,1,0,1,0,1,142
385,0,-8.1,41,2,2000,-19,0,0,0,0,0,0,1,0,1,0,1,175
386,1,-8.4,40,1.6,2000,-19.6,0,0,0,0,0,0,1,0,1,0,1,146
387,2,-8.7,40,2.8,2000,-19.8,0,0,0,0,0,0,1,0,1,0,1,132
388,3,-9,40,3.1,2000,-20.1,0,0,0,0,0,0,1,0,1,0,1,100
389,4,-9.5,40,1.9,2000,-20.6,0,0,0,0,0,0,1,0,1,0,1,41
390,5,-9.7,41,3.1,2000,-20.5,0,0,0,0,0,0,1,0,1,0,1,31
391,6,-9.9,42,2.3,2000,-20.4,0,0,0,0,0,0,1,0,1,0,1,39
392,7,-10.2,42,2.3,2000,-20.6,0,0,0,0,0,0,1,0,1,0,1,53
393,8,-10.7,43,0.9,2000,-20.8,0,0,0,0,0,0,1,0,1,0,1,94
394,9,-10.5,38,1.1,1950,-22.1,0.19,0,0,0,0,0,1,0,1,0,1,122
395,10,-8.5,31,1.5,1997,-22.6,0.58,0,0,0,0,0,1,0,1,0,1,142
396,11,-7.2,29,1.8,1926,-22.2,0.88,0,0,0,0,0,1,0,1,0,1,189
397,12,-4.9,25,2.6,1966,-21.9,1.08,0,0,0,0,0,1,0,1,0,1,216
398,13,-4.5,25,3.2,1989,-21.6,1.14,0,0,0,0,0,1,0,1,0,1,223
399,14,-3.2,26,3.1,1933,-20,1.07,0,0,0,0,0,1,0,1,0,1,268
400,15,-2.5,28,2,2000,-18.5,0.85,0,0,0,0,0,1,0,1,0,1,278
401,16,-2.7,31,2.3,2000,-17.5,0.54,0,0,0,0,0,1,0,1,0,1,256
402,17,-3.8,35,2.4,2000,-17,0.17,0,0,0,0,0,1,0,1,0,1,266
403,18,-4.7,37,1.8,2000,-17.2,0.01,0,0,0,0,0,1,0,1,0,1,204
404,19,-5.6,39,1.1,2000,-17.3,0,0,0,0,0,0,1,0,1,0,1,157
405,20,-6,42,0.8,2000,-16.8,0,0,0,0,0,0,1,0,1,0,1,166
406,21,-6.5,45,0.7,2000,-16.4,0,0,0,0,0,0,1,0,1,0,1,168
407,22,-6.6,50,0.6,1990,-15.3,0,0,0,0,0,0,1,0,1,0,1,172
408,23,-6.9,53,0.7,2000,-14.8,0,0,0,0,0,0,1,0,1,0,1,138
409,0,-5.9,50,0.6,2000,-14.6,0,0,0,0,0,0,1,0,1,0,1,151
410,1,-5.3,48,0.4,1664,-14.6,0,0,0,0,0,0,1,0,1,0,1,97
411,2,-5,65,0.4,990,-10.5,0,0,0.2,0,0,0,1,0,1,0,1,38
412,3,-5.3,76,1,767,-8.8,0,0.3,0.5,0,0,0,1,0,1,0,1,32
413,4,-5.4,81,0.7,270,-8.1,0,0,0.7,0,0,0,1,0,1,0,1,29
414,5,-5.3,81,0.9,923,-8,0,0,0.8,0,0,0,1,0,1,0,1,27
415,6,-5.2,85,0.9,271,-7.3,0,0.4,1.3,0,0,0,1,0,1,0,1,45
416,7,-5,85,0.7,186,-7.1,0,0,1.8,0,0,0,1,0,1,0,1,96
417,8,-4.6,86,1.2,508,-6.5,0,0,2,0,0,0,1,0,1,0,1,146
418,9,-4.3,89,1,59,-5.8,0,1.6,4,0,0,0,1,0,1,0,1,52
419,10,-3.7,87,1,541,-5.5,0.03,0,4.8,0,0,0,1,0,1,0,1,36
420,11,-2.9,85,1.2,243,-5,0.06,0,4.8,0,0,0,1,0,1,0,1,44
421,12,-1.8,83,1.2,351,-4.3,0.09,1.1,5.1,0,0,0,1,0,1,0,1,62
422,13,-0.9,84,1.2,333,-3.2,0.09,0,5,0,0,0,1,0,1,0,1,76
423,14,0.5,76,0.9,364,-3.2,0.17,0,4.2,0,0,0,1,0,1,0,1,116
424,15,1.6,73,0.9,421,-2.7,0.6,0,3.2,0,0,0,1,0,1,0,1,137
425,16,1.8,76,0.8,410,-1.9,0.47,0,2.7,0,0,0,1,0,1,0,1,181
426,17,0.4,84,0.8,317,-1.9,0.15,0,2.7,0,0,0,1,0,1,0,1,175
427,18,0,88,0.6,277,-1.7,0,0,2.7,0,0,0,1,0,1,0,1,281
428,19,1.3,65,1.1,1122,-4.5,0,0,2.7,0,0,0,1,0,1,0,1,198
429,20,3.3,65,3.2,1172,-2.6,0,0,2.7,0,0,0,1,0,1,0,1,165
430,21,2.8,73,2.4,831,-1.5,0,0,2.6,0,0,0,1,0,1,0,1,148
431,22,1.5,82,2.4,537,-1.2,0,0,2.6,0,0,0,1,0,1,0,1,160
432,23,0.1,81,2.9,551,-2.7,0,0,2.6,0,0,0,1,0,1,0,1,128
433,0,-1,73,2.3,881,-5.2,0,0,2.6,0,0,0,1,0,1,0,1,122
434,1,-2,72,0.8,979,-6.3,0,0,2.6,0,0,0,1,0,1,0,1,122
435,2,-2.7,72,0.9,990,-7,0,0,2.6,0,0,0,1,0,1,0,1,93
436,3,-2.8,58,1.6,1315,-9.9,0,0,2.6,0,0,0,1,0,1,0,1,55
437,4,-2.9,59,1.8,1286,-9.8,0,0,2.6,0,0,0,1,0,1,0,1,39
438,5,-3.9,66,0.7,1209,-9.3,0,0,2.6,0,0,0,1,0,1,0,1,55
439,6,-4.3,70,1.6,1169,-8.9,0,0,2.6,0,0,0,1,0,1,0,1,78
440,7,-4.4,64,2.8,1367,-10.1,0,0,2.6,0,0,0,1,0,1,0,1,165
441,8,-5.2,58,2.2,1594,-12.1,0,0,2.5,0,0,0,1,0,1,0,1,390
442,9,-5.3,48,2.6,1810,-14.6,0.18,0,2.5,0,0,0,1,0,1,0,1,199
443,10,-4.6,41,2.8,1815,-15.8,0.57,0,2.5,0,0,0,1,0,1,0,1,151
444,11,-3.5,35,2.2,1742,-16.7,0.87,0,2.5,0,0,0,1,0,1,0,1,174
445,12,-2.5,31,2.6,1778,-17.3,1.08,0,2.3,0,0,0,1,0,1,0,1,191
446,13,-2.2,25,3.2,1970,-19.6,1.17,0,2.2,0,0,0,1,0,1,0,1,189
447,14,-2.2,23,3.7,1971,-20.5,1.09,0,2.2,0,0,0,1,0,1,0,1,178
448,15,-1.3,26,3,2000,-18.3,0.91,0,2.1,0,0,0,1,0,1,0,1,195
449,16,-1.8,31,3.1,1993,-16.7,0.56,0,2,0,0,0,1,0,1,0,1,211
450,17,-2.7,35,1.8,2000,-16,0.18,0,2,0,0,0,1,0,1,0,1,256
451,18,-3.8,42,3.3,2000,-14.8,0,0,2,0,0,0,1,0,1,0,1,384
452,19,-4.5,51,2,2000,-13.1,0,0,2,0,0,0,1,0,1,0,1,276
453,20,-4.9,55,2,2000,-12.5,0,0,2,0,0,0,1,0,1,0,1,225
454,21,-5,57,1.9,2000,-12.2,0,0,2,0,0,0,1,0,1,0,1,224
455,22,-5.5,56,1.5,2000,-12.9,0,0,2,0,0,0,1,0,1,0,1,213
456,23,-5.8,57,1.7,2000,-12.9,0,0,2,0,0,0,1,0,1,0,1,149
457,0,-6.5,63,1.5,1666,-12.3,0,0,2,0,0,0,1,0,1,0,1,142
458,1,-7.3,67,1.1,1593,-12.3,0,0,2,0,0,0,1,0,1,0,1,172
459,2,-7.8,68,0.9,1642,-12.6,0,0,2,0,0,0,1,0,1,0,1,108
460,3,-8.1,70,1.3,1557,-12.6,0,0,2,0,0,0,1,0,1,0,1,71
461,4,-8.5,73,1,1723,-12.4,0,0,2,0,0,0,1,0,1,0,1,38
462,5,-8.3,67,0.9,1566,-13.3,0,0,2,0,0,0,1,0,1,0,1,56
463,6,-8.2,66,0.9,1718,-13.4,0,0,2,0,0,0,1,0,1,0,1,97
464,7,-8.1,67,0.9,1737,-13.1,0,0,2,0,0,0,1,0,1,0,1,213
465,8,-7.8,65,1.1,1738,-13.2,0,0,2,0,0,0,1,0,1,0,1,466
466,9,-6.7,62,1.1,1749,-12.7,0.09,0,2,0,0,0,1,0,1,0,1,239
467,10,-5.4,56,1.1,1751,-12.8,0.28,0,2,0,0,0,1,0,1,0,1,162
468,11,-4.2,51,1.1,1772,-12.8,0.4,0,1.9,0,0,0,1,0,1,0,1,204
469,12,-3.2,49,1.3,1723,-12.4,0.53,0,1.9,0,0,0,1,0,1,0,1,209
470,13,-1.3,43,1,1777,-12.3,0.8,0,1.7,0,0,0,1,0,1,0,1,228
471,14,-0.5,44,1,1793,-11.2,0.71,0,1.7,0,0,0,1,0,1,0,1,243
472,15,-0.2,45,1,1852,-10.7,0.41,0,1.6,0,0,0,1,0,1,0,1,240
473,16,-0.5,48,1.1,1722,-10.1,0.12,0,1.6,0,0,0,1,0,1,0,1,225
474,17,-0.9,70,1.1,299,-5.6,0.02,0,2.2,0,0,0,1,0,1,0,1,237
475,18,-1.4,79,1.6,702,-4.5,0,0.1,2.2,0,0,0,1,0,1,0,1,329
476,19,-1.5,81,1.8,751,-4.3,0,0,2.2,0,0,0,1,0,1,0,1,190
477,20,-1.9,86,0.9,700,-3.9,0,0,2.4,0,0,0,1,0,1,0,1,165
478,21,-2,83,1.2,904,-4.5,0,0.1,2.4,0,0,0,1,0,1,0,1,197
479,22,-1.6,82,0.4,929,-4.2,0,0,2.3,0,0,0,1,0,1,0,1,184
480,23,-1.1,87,1.4,349,-2.9,0,0,2.2,0,0,0,1,0,1,0,1,153
481,0,-1.3,90,2,259,-2.7,0,0,2.2,0,0,0,1,0,1,0,1,166
482,1,-1.8,90,1.6,263,-3.2,0,0,2.2,0,0,0,1,0,1,0,1,189
483,2,-2.2,88,1.4,348,-3.9,0,0,2.2,0,0,0,1,0,1,0,1,132
484,3,-2.9,89,1.3,288,-4.4,0,0,2.2,0,0,0,1,0,1,0,1,79
485,4,-3.6,91,1.2,241,-4.8,0,0,2.2,0,0,0,1,0,1,0,1,58
486,5,-4.3,91,1.5,233,-5.5,0,0,2.2,0,0,0,1,0,1,0,1,49
487,6,-4.8,91,1.1,266,-6,0,0,2.2,0,0,0,1,0,1,0,1,84
488,7,-5.3,90,1.1,311,-6.6,0,0,2.2,0,0,0,1,0,1,0,1,178
489,8,-5.6,89,0.9,371,-7.1,0,0,2.2,0,0,0,1,0,1,0,1,423
490,9,-5.3,88,0.4,463,-6.9,0.21,0,2.2,0,0,0,1,0,1,0,1,265
491,10,-3,71,0.7,608,-7.5,0.67,0,2.1,0,0,0,1,0,1,0,1,169
492,11,-0.7,62,0.7,519,-7,0.77,0,2,0,0,0,1,0,1,0,1,243
493,12,1.9,40,2,1835,-10.3,1.04,0,1.9,0,0,0,1,0,1,0,1,290
494,13,3.2,42,1.8,1349,-8.5,1.08,0,1.8,0,0,0,1,0,1,0,1,285
495,14,4.3,47,2.3,953,-6,0.96,0,1.6,0,0,0,1,0,1,0,1,255
496,15,4.4,46,1.4,1113,-6.2,0.78,0,1,0,0,0,1,0,1,0,1,316
497,16,4.1,51,1.8,1112,-5.1,0.48,0,0.9,0,0,0,1,0,1,0,1,301
498,17,2.9,60,1.3,1193,-4.1,0.16,0,0.8,0,0,0,1,0,1,0,1,366
499,18,1.7,64,1.3,1140,-4.3,0,0,0.8,0,0,0,1,0,1,0,1,531
500,19,0.8,71,0.9,923,-3.8,0,0,0.8,0,0,0,1,0,1,0,1,355
501,20,0.2,72,0.7,990,-4.2,0,0,0.8,0,0,0,1,0,1,0,1,288
502,21,-0.4,74,0.6,1065,-4.4,0,0,0.8,0,0,0,1,0,1,0,1,248
503,22,-1.1,78,0.6,865,-4.4,0,0,0.8,0,0,0,1,0,1,0,1,252
504,23,-1.5,79,0.6,821,-4.6,0,0,0.8,0,0,0,1,0,1,0,1,212
505,0,-1.7,79,0.5,794,-4.8,0,0,0.8,0,0,0,1,1,0,0,1,196
506,1,-1.6,79,0.6,784,-4.7,0,0,0.8,0,0,0,1,1,0,0,1,250
507,2,-1.1,79,0.7,736,-4.2,0,0,0.8,0,0,0,1,1,0,0,1,161
508,3,-0.6,76,0.5,789,-4.3,0,0,0.7,0,0,0,1,1,0,0,1,99
509,4,-0.3,76,0.9,760,-4,0,0,0.7,0,0,0,1,1,0,0,1,64
510,5,-0.2,73,0.8,880,-4.4,0,0,0.7,0,0,0,1,1,0,0,1,76
511,6,-0.1,71,0.8,895,-4.7,0,0,0.7,0,0,0,1,1,0,0,1,114
512,7,-0.3,72,0.7,919,-4.7,0,0,0.7,0,0,0,1,1,0,0,1,283
513,8,-0.4,69,0.5,904,-5.4,0,0,0.7,0,0,0,1,1,0,0,1,544
514,9,0.3,67,0.7,897,-5.1,0.03,0,0.6,0,0,0,1,1,0,0,1,298
515,10,1.4,64,1,897,-4.6,0.25,0,0.5,0,0,0,1,1,0,0,1,248
516,11,3.1,57,0.8,804,-4.6,0.63,0,0,0,0,0,1,1,0,0,1,278
517,12,4.5,56,0.8,836,-3.5,0.71,0,0,0,0,0,1,1,0,0,1,301
518,13,5.4,55,1.2,820,-2.9,0.66,0,0,0,0,0,1,1,0,0,1,320
519,14,5.9,55,0.6,779,-2.4,0.48,0,0,0,0,0,1,1,0,0,1,326
520,15,6.5,55,0.9,801,-1.9,0.38,0,0,0,0,0,1,1,0,0,1,386
521,16,6,58,0.7,732,-1.6,0.19,0,0,0,0,0,1,1,0,0,1,416
522,17,5.4,61,1.3,691,-1.5,0.08,0,0,0,0,0,1,1,0,0,1,477
523,18,4.9,63,0.6,677,-1.5,0,0,0,0,0,0,1,1,0,0,1,671
524,19,5.2,64,0.7,691,-1,0,0,0,0,0,0,1,1,0,0,1,481
525,20,5.9,67,1.3,779,0.2,0,0,0,0,0,0,1,1,0,0,1,323
526,21,6.1,70,2.2,763,1,0,0,0,0,0,0,1,1,0,0,1,309
527,22,6.1,70,2.7,806,1,0,0,0,0,0,0,1,1,0,0,1,314
528,23,5.8,74,2.5,832,1.5,0,0,0,0,0,0,1,1,0,0,1,249
529,0,5.8,75,1.9,788,1.7,0,0,0,0,0,0,1,0,1,0,1,282
530,1,5.7,75,1.7,706,1.6,0,0,0,0,0,0,1,0,1,0,1,337
531,2,5.6,76,1.6,641,1.6,0,0,0,0,0,0,1,0,1,0,1,312
532,3,5.4,77,1.6,583,1.6,0,0,0,0,0,0,1,0,1,0,1,230
533,4,5.3,79,0.9,506,1.9,0,0,0,0,0,0,1,0,1,0,1,120
534,5,5,81,1.2,425,2,0,0,0,0,0,0,1,0,1,0,1,59
535,6,5.1,81,1.3,375,2.1,0,0,0,0,0,0,1,0,1,0,1,63
536,7,5.1,82,0.7,334,2.2,0,0,0,0,0,0,1,0,1,0,1,99
537,8,5.1,83,0.9,297,2.4,0,0,0,0,0,0,1,0,1,0,1,188
538,9,5.2,84,0.7,226,2.7,0.03,0,0,0,0,0,1,0,1,0,1,239
539,10,5.4,82,1.2,215,2.5,0.13,0,0,0,0,0,1,0,1,0,1,235
540,11,5.7,81,1.1,192,2.6,0.18,0,0,0,0,0,1,0,1,0,1,282
541,12,7,72,1.9,246,2.2,0.64,0,0,0,0,0,1,0,1,0,1,325
542,13,7.7,68,1,249,2.1,0.58,0,0,0,0,0,1,0,1,0,1,423
543,14,8.6,63,1.6,263,1.9,0.72,0,0,0,0,0,1,0,1,0,1,405
544,15,8.6,64,1.5,269,2.1,0.57,0,0,0,0,0,1,0,1,0,1,443
545,16,8.2,64,1,281,1.7,0.32,0,0,0,0,0,1,0,1,0,1,473
546,17,7.7,67,0.9,264,1.9,0.11,0,0,0,0,0,1,0,1,0,1,453
547,18,6.6,73,0.4,229,2,0,0,0,0,0,0,1,0,1,0,1,340
548,19,6,76,1.1,219,2,0,0,0,0,0,0,1,0,1,0,1,260
549,20,5.9,75,1.5,222,1.7,0,0,0,0,0,0,1,0,1,0,1,258
550,21,5.6,77,0.9,212,1.8,0,0,0,0,0,0,1,0,1,0,1,279
551,22,5.3,79,0.6,200,1.9,0,0,0,0,0,0,1,0,1,0,1,282
552,23,5.5,80,0.6,185,2.3,0,0,0,0,0,0,1,0,1,0,1,237
553,0,5.6,78,0.6,196,2,0,0,0,0,0,0,1,1,0,0,1,266
554,1,5.6,78,0.5,197,2,0,0,0,0,0,0,1,1,0,0,1,251
555,2,5.4,80,0.9,190,2.2,0,0,0,0,0,0,1,1,0,0,1,196
556,3,5.2,82,0.8,190,2.3,0,0,0,0,0,0,1,1,0,0,1,149
557,4,5.2,82,0.7,189,2.3,0,0,0,0,0,0,1,1,0,0,1,79
558,5,5.1,82,0.6,185,2.2,0,0,0,0,0,0,1,1,0,0,1,44
559,6,4.9,84,1.3,159,2.4,0,0.1,0,0,0,0,1,1,0,0,1,12
560,7,4.7,89,1.1,100,3,0,0,0,0,0,0,1,1,0,0,1,3
561,8,4.6,91,1.7,95,3.2,0,0,0,0,0,0,1,1,0,0,1,4
562,9,4.6,94,0.9,90,3.7,0,6.4,0,0,0,0,1,1,0,0,1,3
563,10,4.8,96,0.6,87,4.2,0.04,0,0,0,0,0,1,1,0,0,1,4
564,11,4.6,95,0.8,156,3.8,0.05,0,0,0,0,0,1,1,0,0,1,9
565,12,4.1,91,0.8,404,2.7,0.07,9.5,0,0,0,0,1,1,0,0,1,4
566,13,3.7,90,0.7,744,2.2,0.15,0,0,0,0,0,1,1,0,0,1,7
567,14,3.3,90,2.5,561,1.8,0.19,0,0,0,0,0,1,1,0,0,1,28
568,15,2.9,90,2,380,1.4,0.08,3.5,0,0,0,0,1,1,0,0,1,38
569,16,2.3,91,3.3,270,0.9,0.07,0,0,0,0,0,1,1,0,0,1,54
570,17,2.2,86,2.6,605,0,0.04,0,0,0,0,0,1,1,0,0,1,104
571,18,1.9,82,4.3,699,-0.8,0.01,0.5,0,0,0,0,1,1,0,0,1,128
572,19,1.1,68,4.4,695,-4.1,0,0,0,0,0,0,1,1,0,0,1,132
573,20,0.6,67,3.3,506,-4.8,0,0,0,0,0,0,1,1,0,0,1,116
574,21,0.4,69,3.5,477,-4.6,0,0,0,0,0,0,1,1,0,0,1,145
575,22,0.2,69,2.7,565,-4.8,0,0,0,0,0,0,1,1,0,0,1,110
576,23,0,63,3.2,884,-6.2,0,0,0,0,0,0,1,1,0,0,1,128
577,0,-0.6,64,2.4,1010,-6.5,0,0,0,0,0,0,1,1,0,0,1,160
578,1,-1.2,57,4.3,1429,-8.6,0,0,0,0,0,0,1,1,0,0,1,132
579,2,-1.8,53,4.1,1825,-10.1,0,0,0,0,0,0,1,1,0,0,1,115
580,3,-2.3,52,3.4,1947,-10.8,0,0,0,0,0,0,1,1,0,0,1,100
581,4,-3,51,3.2,2000,-11.7,0,0,0,0,0,0,1,1,0,0,1,72
582,5,-3.7,51,2.6,2000,-12.3,0,0,0,0,0,0,1,1,0,0,1,32
583,6,-4.1,50,3,2000,-13,0,0,0,0,0,0,1,1,0,0,1,59
584,7,-4.6,46,2.8,2000,-14.4,0,0,0,0,0,0,1,1,0,0,1,61
585,8,-4.9,44,3,2000,-15.3,0,0,0,0,0,0,1,1,0,0,1,94
586,9,-4.6,40,3.5,2000,-16.1,0.18,0,0,0,0,0,1,1,0,0,1,107
587,10,-3.7,35,3.7,1937,-16.9,0.57,0,0,0,0,0,1,1,0,0,1,133
588,11,-2.8,35,2.9,1984,-16.1,0.87,0,0,0,0,0,1,1,0,0,1,179
589,12,-1.6,33,2.5,1874,-15.8,1.18,0,0,0,0,0,1,1,0,0,1,221
590,13,-1.5,33,3.8,2000,-15.7,1.18,0,0,0,0,0,1,1,0,0,1,244
591,14,-0.4,31,2,2000,-15.5,1.1,0,0,0,0,0,1,1,0,0,1,274
592,15,0.4,28,2.5,2000,-16,0.9,0,0,0,0,0,1,1,0,0,1,319
593,16,0.4,27,2,2000,-16.4,0.58,0,0,0,0,0,1,1,0,0,1,272
594,17,-0.7,29,2,2000,-16.5,0.21,0,0,0,0,0,1,1,0,0,1,260
595,18,-1.6,33,2,2000,-15.8,0,0,0,0,0,0,1,1,0,0,1,237
596,19,-1.8,41,2.1,2000,-13.3,0,0,0,0,0,0,1,1,0,0,1,184
597,20,-2.1,49,1.7,2000,-11.4,0,0,0,0,0,0,1,1,0,0,1,181
598,21,-1.7,51,1.7,2000,-10.5,0,0,0,0,0,0,1,1,0,0,1,185
599,22,-1.3,53,1.7,2000,-9.6,0,0,0,0,0,0,1,1,0,0,1,176
600,23,-1,55,1.9,2000,-8.9,0,0,0,0,0,0,1,1,0,0,1,169
601,0,-1.4,58,1,1880,-8.6,0,0,0,0,0,0,1,0,1,0,1,178
602,1,-1.5,62,1.3,2000,-7.8,0,0,0,0,0,0,1,0,1,0,1,127
603,2,-2.1,69,1,1995,-7,0,0,0,0,0,0,1,0,1,0,1,85
604,3,-2.6,70,1,1992,-7.3,0,0,0,0,0,0,1,0,1,0,1,72
605,4,-2.6,72,1.4,1929,-6.9,0,0,0,0,0,0,1,0,1,0,1,49
606,5,-2.9,77,0.8,1833,-6.3,0,0,0,0,0,0,1,0,1,0,1,65
607,6,-2.8,73,0.7,1906,-6.9,0,0,0,0,0,0,1,0,1,0,1,120
608,7,-2.9,73,1.9,1911,-7,0,0,0,0,0,0,1,0,1,0,1,296
609,8,-2.7,68,2.2,1919,-7.7,0,0,0,0,0,0,1,0,1,0,1,578
610,9,-2.8,52,2.9,1895,-11.3,0.16,0,0,0,0,0,1,0,1,0,1,293
611,10,-2.2,36,4.1,1930,-15.2,0.53,0,0,0,0,0,1,0,1,0,1,180
612,11,-2.1,28,4.9,1887,-18.2,0.87,0,0,0,0,0,1,0,1,0,1,250
613,12,-1.3,23,4,2000,-19.8,1.09,0,0,0,0,0,1,0,1,0,1,262
614,13,-2,15,4.7,1970,-25.2,1.18,0,0,0,0,0,1,0,1,0,1,262
615,14,-1.6,20,4.3,2000,-21.6,1.11,0,0,0,0,0,1,0,1,0,1,271
616,15,-1.9,17,5,2000,-23.7,0.93,0,0,0,0,0,1,0,1,0,1,246
617,16,-1.9,17,3.3,2000,-23.7,0.61,0,0,0,0,0,1,0,1,0,1,282
618,17,-3.6,20,3.7,2000,-23.3,0.23,0,0,0,0,0,1,0,1,0,1,350
619,18,-4.7,23,3.4,2000,-22.7,0.01,0,0,0,0,0,1,0,1,0,1,481
620,19,-5.4,27,3,2000,-21.5,0,0,0,0,0,0,1,0,1,0,1,317
621,20,-6.1,32,4.7,2000,-20.1,0,0,0,0,0,0,1,0,1,0,1,252
622,21,-6.6,39,3.2,2000,-18.2,0,0,0,0,0,0,1,0,1,0,1,220
623,22,-7.2,38,3.1,2000,-19.1,0,0,0,0,0,0,1,0,1,0,1,213
624,23,-7.5,37,3.1,2000,-19.7,0,0,0,0,0,0,1,0,1,0,1,156
625,0,-7.9,37,2.2,2000,-20,0,0,0,0,0,0,1,0,1,0,1,133
626,1,-8.2,39,1.8,2000,-19.7,0,0,0,0,0,0,1,0,1,0,1,142
627,2,-8.6,37,1.5,2000,-20.7,0,0,0,0,0,0,1,0,1,0,1,93
628,3,-9.1,37,1,2000,-21.1,0,0,0,0,0,0,1,0,1,0,1,81
629,4,-9.1,33,2.3,2000,-22.4,0,0,0,0,0,0,1,0,1,0,1,55
630,5,-9.4,36,1.9,2000,-21.7,0,0,0,0,0,0,1,0,1,0,1,66
631,6,-9.8,37,1.7,2000,-21.7,0,0,0,0,0,0,1,0,1,0,1,105
632,7,-10.1,38,2.3,2000,-21.7,0,0,0,0,0,0,1,0,1,0,1,262
633,8,-10.2,35,1.8,2000,-22.7,0,0,0,0,0,0,1,0,1,0,1,502
634,9,-9.8,33,2,1997,-23,0.17,0,0,0,0,0,1,0,1,0,1,279
635,10,-8.5,29,2.4,1992,-23.4,0.56,0,0,0,0,0,1,0,1,0,1,146
636,11,-6.8,28,2.1,1986,-22.3,0.88,0,0,0,0,0,1,0,1,0,1,213
637,12,-5.5,21,2.1,1941,-24.4,1.08,0,0,0,0,0,1,0,1,0,1,230
638,13,-4.7,18,3.7,2000,-25.4,1.16,0,0,0,0,0,1,0,1,0,1,258
639,14,-4,18,2.4,2000,-24.8,1.09,0,0,0,0,0,1,0,1,0,1,231
640,15,-3.1,16,2.2,2000,-25.4,0.9,0,0,0,0,0,1,0,1,0,1,228
641,16,-3.2,23,2.7,2000,-21.4,0.57,0,0,0,0,0,1,0,1,0,1,269
642,17,-4.2,26,2.2,2000,-20.8,0.2,0,0,0,0,0,1,0,1,0,1,314
643,18,-5.2,32,2.2,2000,-19.3,0,0,0,0,0,0,1,0,1,0,1,466
644,19,-5.5,31,2.1,2000,-19.9,0,0,0,0,0,0,1,0,1,0,1,315
645,20,-5.9,34,0.9,2000,-19.2,0,0,0,0,0,0,1,0,1,0,1,262
646,21,-6.4,34,1.2,2000,-19.7,0,0,0,0,0,0,1,0,1,0,1,242
647,22,-6.4,36,1.3,2000,-19,0,0,0,0,0,0,1,0,1,0,1,243
648,23,-6.3,39,0.9,2000,-18,0,0,0,0,0,0,1,0,1,0,1,216
649,0,-6.5,41,1.7,2000,-17.6,0,0,0,0,0,0,1,0,1,0,1,164
650,1,-6.6,39,1.4,2000,-18.2,0,0,0,0,0,0,1,0,1,0,1,169
651,2,-6.6,34,1.8,2000,-19.8,0,0,0,0,0,0,1,0,1,0,1,163
652,3,-6,32,2.5,2000,-20,0,0,0,0,0,0,1,0,1,0,1,86
653,4,-5.8,32,1.6,2000,-19.8,0,0,0,0,0,0,1,0,1,0,1,50
654,5,-5.7,28,1.2,2000,-21.3,0,0,0,0,0,0,1,0,1,0,1,61
655,6,-5.5,24,0.5,2000,-22.9,0,0,0,0,0,0,1,0,1,0,1,103
656,7,-5,31,0.5,2000,-19.5,0,0,0,0,0,0,1,0,1,0,1,257
657,8,-4.7,30,0.6,2000,-19.6,0,0,0,0,0,0,1,0,1,0,1,554
658,9,-4.3,38,0.7,1877,-16.5,0.04,0,0,0,0,0,1,0,1,0,1,326
659,10,-3.4,33,1.3,1863,-17.4,0.33,0,0,0,0,0,1,0,1,0,1,225
660,11,-2.1,34,1,1868,-15.8,0.65,0,0,0,0,0,1,0,1,0,1,288
661,12,-0.8,38,1,1686,-13.3,0.75,0,0,0,0,0,1,0,1,0,1,286
662,13,0.8,46,1.4,1598,-9.5,0.8,0,0,0,0,0,1,0,1,0,1,301
663,14,0.8,55,1.8,1132,-7.2,0.59,0,0,0,0,0,1,0,1,0,1,311
664,15,0.4,57,2.4,1179,-7.1,0.36,0,0,0,0,0,1,0,1,0,1,303
665,16,0.3,57,2.3,1204,-7.2,0.19,0,0,0,0,0,1,0,1,0,1,390
666,17,0.2,58,2,1159,-7.1,0.08,0,0,0,0,0,1,0,1,0,1,407
667,18,-0.6,62,1.6,1129,-6.9,0,0,0,0,0,0,1,0,1,0,1,552
668,19,-0.4,62,0.9,1103,-6.8,0,0,0,0,0,0,1,0,1,0,1,402
669,20,-0.3,62,1.3,1040,-6.7,0,0,0,0,0,0,1,0,1,0,1,319
670,21,-0.2,62,0.6,986,-6.6,0,0,0,0,0,0,1,0,1,0,1,332
671,22,0,63,1.3,968,-6.2,0,0,0,0,0,0,1,0,1,0,1,285
672,23,0.1,63,1.1,1003,-6.1,0,0,0,0,0,0,1,0,1,0,1,260
673,0,0.2,63,0.7,925,-6,0,0,0,0,0,0,1,0,1,0,1,233
674,1,0.3,63,0.7,760,-5.9,0,0,0,0,0,0,1,0,1,0,1,269
675,2,0.5,63,1,691,-5.7,0,0,0,0,0,0,1,0,1,0,1,210
676,3,0.6,64,0.4,731,-5.4,0,0,0,0,0,0,1,0,1,0,1,135
677,4,0.6,65,0.4,712,-5.2,0,0,0,0,0,0,1,0,1,0,1,85
678,5,0.7,66,0.7,687,-4.9,0,0,0,0,0,0,1,0,1,0,1,67
679,6,0.8,68,0.6,673,-4.4,0,0,0,0,0,0,1,0,1,0,1,128
680,7,0.9,67,0.6,658,-4.5,0,0,0,0,0,0,1,0,1,0,1,289
681,8,1,68,0.6,624,-4.2,0,0,0,0,0,0,1,0,1,0,1,636
682,9,1.2,67,0.2,591,-4.2,0.06,0,0,0,0,0,1,0,1,0,1,353
683,10,1.9,65,0.3,562,-3.9,0.17,0,0,0,0,0,1,0,1,0,1,252
684,11,3.1,62,1.1,517,-3.4,0.29,0,0,0,0,0,1,0,1,0,1,317
685,12,4.3,62,1.6,472,-2.3,0.52,0,0,0,0,0,1,0,1,0,1,363
686,13,5.2,58,2.5,435,-2.4,0.81,0,0,0,0,0,1,0,1,0,1,370
687,14,5.7,54,3.5,418,-2.9,0.83,0,0,0,0,0,1,0,1,0,1,419
688,15,5.7,53,2.7,408,-3.1,0.65,0,0,0,0,0,1,0,1,0,1,426
689,16,5.4,56,2.2,396,-2.6,0.39,0,0,0,0,0,1,0,1,0,1,504
690,17,4.5,59,1.6,384,-2.8,0.14,0,0,0,0,0,1,0,1,0,1,534
691,18,3.6,62,1.4,389,-3,0.01,0,0,0,0,0,1,0,1,0,1,574
692,19,2.7,68,1.2,348,-2.6,0,0,0,0,0,0,1,0,1,0,1,395
693,20,1.7,73,0.5,332,-2.6,0,0,0,0,0,0,1,0,1,0,1,292
694,21,1,77,1.5,297,-2.5,0,0,0,0,0,0,1,0,1,0,1,282
695,22,0.8,77,1.4,293,-2.7,0,0,0,0,0,0,1,0,1,0,1,294
696,23,0.3,80,0.8,264,-2.7,0,0,0,0,0,0,1,0,1,0,1,236
697,0,-0.4,83,1.2,247,-2.9,0,0,0,0,0,0,1,0,1,0,1,240
698,1,-0.5,83,0.7,244,-3,0,0,0,0,0,0,1,0,1,0,1,234
699,2,-0.9,84,0.6,230,-3.2,0,0,0,0,0,0,1,0,1,0,1,192
700,3,-1.1,83,0.8,237,-3.6,0,0,0,0,0,0,1,0,1,0,1,127
701,4,-1.1,83,0.7,242,-3.6,0,0,0,0,0,0,1,0,1,0,1,86
702,5,-1.2,81,0.8,258,-4,0,0,0,0,0,0,1,0,1,0,1,52
703,6,-1.1,81,1,253,-3.9,0,0,0,0,0,0,1,0,1,0,1,62
704,7,-0.7,79,0.7,259,-3.8,0,0,0,0,0,0,1,0,1,0,1,88
705,8,-0.4,78,0.5,249,-3.7,0,0,0,0,0,0,1,0,1,0,1,162
706,9,0.2,76,1.3,249,-3.5,0.03,0,0,0,0,0,1,0,1,0,1,224
707,10,0.8,73,0.5,248,-3.4,0.15,0,0,0,0,0,1,0,1,0,1,208
708,11,2,69,1,257,-3.1,0.32,0,0,0,0,0,1,0,1,0,1,237
709,12,3.2,64,0.8,258,-2.9,0.47,0,0,0,0,0,1,0,1,0,1,274
710,13,4,62,1,256,-2.6,0.51,0,0,0,0,0,1,0,1,0,1,333
711,14,4.3,60,1.2,272,-2.7,0.4,0,0,0,0,0,1,0,1,0,1,356
712,15,4.3,61,0.7,274,-2.5,0.23,0,0,0,0,0,1,0,1,0,1,337
713,16,4.1,63,0.7,263,-2.3,0.13,0,0,0,0,0,1,0,1,0,1,345
714,17,3.8,64,0.9,250,-2.3,0.01,0,0,0,0,0,1,0,1,0,1,183
715,18,3,84,1.7,137,0.5,0,0.3,0,0,0,0,1,0,1,0,1,45
716,19,2.3,89,0.6,96,0.6,0,0,0,0,0,0,1,0,1,0,1,40
717,20,1.9,90,0.9,88,0.4,0,0,0,0,0,0,1,0,1,0,1,66
718,21,1.8,92,1.1,109,0.6,0,0.2,0,0,0,0,1,0,1,0,1,64
719,22,1.8,92,1.2,94,0.6,0,0,0,0,0,0,1,0,1,0,1,30
720,23,1.4,92,1.9,73,0.2,0,0,0,0,0,0,1,0,1,0,1,42
721,0,0.9,95,1.8,63,0.1,0,0.2,0.2,0,0,0,1,1,0,0,1,43
722,1,0.5,95,2.1,79,-0.2,0,0,0.6,0,0,0,1,1,0,0,1,43
723,2,0.4,95,1.7,110,-0.3,0,0,1.2,0,0,0,1,1,0,0,1,65
724,3,0.3,91,2,172,-1,0,1,1.2,0,0,0,1,1,0,0,1,65
725,4,-0.2,87,3.5,246,-2.1,0,0,1.2,0,0,0,1,1,0,0,1,32
726,5,-0.8,85,2.8,329,-3,0,0,1.2,0,0,0,1,1,0,0,1,22
727,6,-1.3,84,2.4,425,-3.6,0,0,1.2,0,0,0,1,1,0,0,1,25
728,7,-1.8,86,1.7,367,-3.8,0,0,1.2,0,0,0,1,1,0,0,1,39
729,8,-2.1,86,1.4,354,-4.1,0,0,1.2,0,0,0,1,1,0,0,1,84
730,9,-1.9,82,1.6,410,-4.5,0.15,0,1.2,0,0,0,1,1,0,0,1,103
731,10,-0.5,73,1.7,609,-4.7,0.53,0,1.1,0,0,0,1,1,0,0,1,110
732,11,0.8,62,2.8,801,-5.6,0.88,0,1.1,0,0,0,1,1,0,0,1,142
733,12,1.4,47,4.5,1388,-8.7,1.1,0,1,0,0,0,1,1,0,0,1,209
734,13,2.5,36,3.7,1578,-11,1.15,0,0.7,0,0,0,1,1,0,0,1,267
735,14,3,28,3.8,1956,-13.7,1.1,0,0,0,0,0,1,1,0,0,1,262
736,15,3.1,25,3.9,2000,-15,0.9,0,0,0,0,0,1,1,0,0,1,300
737,16,2.7,26,2.7,2000,-14.9,0.59,0,0,0,0,0,1,1,0,0,1,272
738,17,1.7,30,2.9,2000,-14,0.22,0,0,0,0,0,1,1,0,0,1,240
739,18,0.7,31,2.3,2000,-14.5,0.01,0,0,0,0,0,1,1,0,0,1,215
740,19,0,31,2.2,2000,-15.1,0,0,0,0,0,0,1,1,0,0,1,163
741,20,-1,32,0.9,2000,-15.6,0,0,0,0,0,0,1,1,0,0,1,161
742,21,-1.6,35,1,2000,-15.1,0,0,0,0,0,0,1,1,0,0,1,179
743,22,-2.1,36,1.7,2000,-15.2,0,0,0,0,0,0,1,1,0,0,1,155
744,23,-2.6,40,0.6,2000,-14.3,0,0,0,0,0,0,1,1,0,0,1,227
745,0,-3.2,40,0.5,1358,-14.9,0,0,0,0,0,0,1,1,0,0,1,206
746,1,-3.3,41,0.7,2000,-14.7,0,0,0,0,0,0,1,1,0,0,1,230
747,2,-3.7,42,0.9,2000,-14.7,0,0,0,0,0,0,1,1,0,0,1,178
748,3,-4,44,1,2000,-14.4,0,0,0,0,0,0,1,1,0,0,1,119
749,4,-4.2,53,1.1,1994,-12.3,0,0,0,0,0,0,1,1,0,0,1,62
750,5,-4.4,54,0.8,1786,-12.3,0,0,0,0,0,0,1,1,0,0,1,61
751,6,-4.5,51,1.1,2000,-13.1,0,0,0,0,0,0,1,1,0,0,1,65
752,7,-4.7,56,1.1,2000,-12.1,0,0,0,0,0,0,1,1,0,0,1,81
753,8,-5,55,1,2000,-12.6,0,0,0,0,0,0,1,1,0,0,1,89
754,9,-4.3,39,0.7,1973,-16.2,0.15,0,0,0,0,0,1,1,0,0,1,121
755,10,-1.6,32,0.8,1766,-16.1,0.53,0,0,0,0,0,1,1,0,0,1,139
756,11,0.1,27,2.2,1874,-16.7,0.84,0,0,0,0,0,1,1,0,0,1,169
757,12,1.5,20,2.8,1992,-19,1.03,0,0,0,0,0,1,1,0,0,1,225
758,13,2.4,22,2.3,1921,-17.2,1.1,0,0,0,0,0,1,1,0,0,1,248
759,14,3.7,24,2.1,1906,-15,1.01,0,0,0,0,0,1,1,0,0,1,298
760,15,3,27,2.9,1715,-14.2,0.78,0,0,0,0,0,1,1,0,0,1,344
761,16,3,28,2.5,1864,-13.7,0.51,0,0,0,0,0,1,1,0,0,1,310
762,17,1.8,33,3.3,1913,-12.8,0.18,0,0,0,0,0,1,1,0,0,1,271
763,18,0.8,34,1.9,1887,-13.3,0.01,0,0,0,0,0,1,1,0,0,1,218
764,19,-0.1,39,1.3,1911,-12.4,0,0,0,0,0,0,1,1,0,0,1,125
765,20,-0.3,40,1.2,1936,-12.2,0,0,0,0,0,0,1,1,0,0,1,206
766,21,-0.9,44,1.2,1871,-11.6,0,0,0,0,0,0,1,1,0,0,1,203
767,22,-1.3,48,0.8,1927,-10.9,0,0,0,0,0,0,1,1,0,0,1,168
768,23,-1.6,51,0.7,1882,-10.4,0,0,0,0,0,0,1,1,0,0,1,154
769,0,-1.8,54,1.1,1772,-9.8,0,0,0,0,0,0,1,0,1,0,1,148
770,1,-2.1,56,0.8,1732,-9.7,0,0,0,0,0,0,1,0,1,0,1,108
771,2,-2.3,62,0.9,1560,-8.6,0,0,0,0,0,0,1,0,1,0,1,69
772,3,-2.5,62,0.4,1626,-8.7,0,0,0,0,0,0,1,0,1,0,1,41
773,4,-2.7,67,0.5,1302,-7.9,0,0,0,0,0,0,1,0,1,0,1,31
774,5,-3.1,67,0.6,1384,-8.3,0,0,0,0,0,0,1,0,1,0,1,58
775,6,-3.2,67,0.4,1409,-8.4,0,0,0,0,0,0,1,0,1,0,1,139
776,7,-3.2,69,0.5,1249,-8,0,0,0,0,0,0,1,0,1,0,1,344
777,8,-3.4,71,0.8,1179,-7.9,0,0,0,0,0,0,1,0,1,0,1,655
778,9,-3.1,66,0.2,1168,-8.5,0.12,0,0,0,0,0,1,0,1,0,1,315
779,10,-1.4,50,1.9,1355,-10.5,0.38,0,0,0,0,0,1,0,1,0,1,208
780,11,-0.4,40,2.3,1633,-12.3,0.66,0,0,0,0,0,1,0,1,0,1,269
781,12,0.9,29,1.9,1761,-15.1,0.88,0,0,0,0,0,1,0,1,0,1,293
782,13,1.5,23,3.6,1970,-17.4,0.95,0,0,0,0,0,1,0,1,0,1,273
783,14,1.7,20,4.4,1995,-18.9,0.91,0,0,0,0,0,1,0,1,0,1,302
784,15,1.5,22,3,1998,-17.9,0.76,0,0,0,0,0,1,0,1,0,1,295
785,16,1.3,23,2.9,2000,-17.6,0.51,0,0,0,0,0,1,0,1,0,1,320
786,17,0.3,27,2.6,2000,-16.5,0.18,0,0,0,0,0,1,0,1,0,1,373
787,18,-0.8,24,2.3,2000,-18.9,0.01,0,0,0,0,0,1,0,1,0,1,675
788,19,-1.3,28,2.4,2000,-17.5,0,0,0,0,0,0,1,0,1,0,1,403
789,20,-1.9,26,2.2,2000,-18.9,0,0,0,0,0,0,1,0,1,0,1,364
790,21,-2.6,28,2,2000,-18.6,0,0,0,0,0,0,1,0,1,0,1,304
791,22,-3.4,33,2.4,2000,-17.4,0,0,0,0,0,0,1,0,1,0,1,273
792,23,-3.8,35,2.3,2000,-17,0,0,0,0,0,0,1,0,1,0,1,186
793,0,-4.3,38,1.4,2000,-16.5,0,0,0,0,0,0,1,0,1,0,1,160
794,1,-5,42,1.2,1993,-15.9,0,0,0,0,0,0,1,0,1,0,1,130
795,2,-5.5,43,2,2000,-16.1,0,0,0,0,0,0,1,0,1,0,1,110
796,3,-6.1,45,1.3,1999,-16.1,0,0,0,0,0,0,1,0,1,0,1,67
797,4,-6.1,45,2.3,2000,-16.1,0,0,0,0,0,0,1,0,1,0,1,43
798,5,-6.4,47,2.4,1981,-15.8,0,0,0,0,0,0,1,0,1,0,1,67
799,6,-6.7,48,2.4,1991,-15.9,0,0,0,0,0,0,1,0,1,0,1,137
800,7,-6.9,48,2.4,1974,-16,0,0,0,0,0,0,1,0,1,0,1,308
801,8,-7,49,1.5,1971,-15.9,0,0,0,0,0,0,1,0,1,0,1,670
802,9,-6.8,44,1.7,1858,-17,0.16,0,0,0,0,0,1,0,1,0,1,342
803,10,-5.6,38,2.9,1752,-17.6,0.55,0,0,0,0,0,1,0,1,0,1,213
804,11,-4.5,36,3.2,1736,-17.3,0.77,0,0,0,0,0,1,0,1,0,1,267
805,12,-3.4,32,3.1,1706,-17.7,1.02,0,0,0,0,0,1,0,1,0,1,297
806,13,-2.2,31,2.3,1910,-17,1.13,0,0,0,0,0,1,0,1,0,1,279
807,14,-1.5,30,2.8,1903,-16.8,1.1,0,0,0,0,0,1,0,1,0,1,270
808,15,-1.1,29,2.8,1976,-16.9,0.96,0,0,0,0,0,1,0,1,0,1,286
809,16,-0.4,30,2,2000,-15.9,0.62,0,0,0,0,0,1,0,1,0,1,299
810,17,-1.9,35,1.8,2000,-15.3,0.25,0,0,0,0,0,1,0,1,0,1,382
811,18,-3.1,39,2.1,2000,-15.1,0,0,0,0,0,0,1,0,1,0,1,637
812,19,-3.7,41,2,2000,-15,0,0,0,0,0,0,1,0,1,0,1,431
813,20,-3.9,44,2.5,2000,-14.3,0,0,0,0,0,0,1,0,1,0,1,294
814,21,-4.3,47,2.8,1997,-13.9,0,0,0,0,0,0,1,0,1,0,1,335
815,22,-5.2,53,1.3,1969,-13.3,0,0,0,0,0,0,1,0,1,0,1,291
816,23,-5.9,54,0.8,1968,-13.7,0,0,0,0,0,0,1,0,1,0,1,197
817,0,-6.3,54,1.4,1990,-14.1,0,0,0,0,0,0,1,0,1,0,1,159
818,1,-6.9,56,2.3,1994,-14.2,0,0,0,0,0,0,1,0,1,0,1,150
819,2,-7.3,57,2,1978,-14.3,0,0,0,0,0,0,1,0,1,0,1,123
820,3,-7.4,54,1.7,1968,-15.1,0,0,0,0,0,0,1,0,1,0,1,57
821,4,-7.5,55,1.3,1984,-15,0,0,0,0,0,0,1,0,1,0,1,38
822,5,-7.6,49,1.3,2000,-16.4,0,0,0,0,0,0,1,0,1,0,1,66
823,6,-7.6,47,2.3,2000,-16.9,0,0,0,0,0,0,1,0,1,0,1,120
824,7,-8.1,51,0.5,1987,-16.4,0,0,0,0,0,0,1,0,1,0,1,302
825,8,-8.6,55,0.6,1984,-16,0,0,0,0,0,0,1,0,1,0,1,646
826,9,-7.9,48,1.2,1926,-17,0.14,0,0,0,0,0,1,0,1,0,1,340
827,10,-6.4,43,1,1872,-16.9,0.43,0,0,0,0,0,1,0,1,0,1,197
828,11,-4.4,40,0.8,1671,-16,0.69,0,0,0,0,0,1,0,1,0,1,264
829,12,-2.9,33,0.9,1813,-16.9,0.92,0,0,0,0,0,1,0,1,0,1,290
830,13,-2,32,1,1864,-16.5,0.91,0,0,0,0,0,1,0,1,0,1,284
831,14,-0.8,32,1.4,1846,-15.4,0.78,0,0,0,0,0,1,0,1,0,1,262
832,15,-1.2,31,0.8,1732,-16.2,0.47,0,0,0,0,0,1,0,1,0,1,281
833,16,-1.4,34,1.8,1719,-15.2,0.3,0,0,0,0,0,1,0,1,0,1,309
834,17,-2.1,37,1.4,1591,-14.8,0.09,0,0,0,0,0,1,0,1,0,1,397
835,18,-2.6,38,1.4,1604,-14.9,0,0,0,0,0,0,1,0,1,0,1,603
836,19,-2.7,39,1.4,1616,-14.7,0,0,0,0,0,0,1,0,1,0,1,417
837,20,-2.8,39,1.7,1702,-14.8,0,0,0,0,0,0,1,0,1,0,1,311
838,21,-3.1,41,2,1742,-14.5,0,0,0,0,0,0,1,0,1,0,1,310
839,22,-3.6,46,1.3,1689,-13.5,0,0,0,0,0,0,1,0,1,0,1,306
840,23,-4,48,1.5,1536,-13.4,0,0,0,0,0,0,1,0,1,0,1,221
841,0,-4.7,52,1.8,1611,-13,0,0,0,0,0,0,1,0,1,0,1,202
842,1,-5.1,51,1.5,1550,-13.6,0,0,0,0,0,0,1,0,1,0,1,170
843,2,-5.3,52,1.6,1481,-13.6,0,0,0,0,0,0,1,0,1,0,1,118
844,3,-5.5,56,1.1,1453,-12.9,0,0,0,0,0,0,1,0,1,0,1,67
845,4,-5.1,55,1.7,1266,-12.7,0,0,0,0,0,0,1,0,1,0,1,47
846,5,-5.1,55,1.5,1452,-12.7,0,0,0,0,0,0,1,0,1,0,1,75
847,6,-5.1,54,1.3,1346,-12.9,0,0,0,0,0,0,1,0,1,0,1,123
848,7,-5.3,53,1.1,1300,-13.4,0,0,0,0,0,0,1,0,1,0,1,327
849,8,-5.3,51,1,1319,-13.8,0,0,0,0,0,0,1,0,1,0,1,665
850,9,-4.7,49,1.2,1550,-13.8,0.12,0,0,0,0,0,1,0,1,0,1,354
851,10,-3.3,50,1.3,1407,-12.2,0.4,0,0,0,0,0,1,0,1,0,1,232
852,11,-0.7,45,1.5,1429,-11.1,0.76,0,0,0,0,0,1,0,1,0,1,308
853,12,-0.3,45,2.2,1066,-10.8,1.01,0,0,0,0,0,1,0,1,0,1,362
854,13,0.9,43,2,1112,-10.2,0.98,0,0,0,0,0,1,0,1,0,1,312
855,14,1.4,41,2,1003,-10.4,0.99,0,0,0,0,0,1,0,1,0,1,343
856,15,1.5,34,2.8,1776,-12.6,0.84,0,0,0,0,0,1,0,1,0,1,333
857,16,1,34,2.9,2000,-13.1,0.61,0,0,0,0,0,1,0,1,0,1,329
858,17,-0.6,45,3.3,1827,-11,0.24,0,0,0,0,0,1,0,1,0,1,446
859,18,-1.8,44,2.2,1709,-12.4,0.01,0,0,0,0,0,1,0,1,0,1,635
860,19,-2.5,49,0.6,1436,-11.7,0,0,0,0,0,0,1,0,1,0,1,443
861,20,-3.4,51,1.1,1391,-12.1,0,0,0,0,0,0,1,0,1,0,1,322
862,21,-3.5,53,0.9,1353,-11.7,0,0,0,0,0,0,1,0,1,0,1,284
863,22,-3.8,53,1.3,1300,-12,0,0,0,0,0,0,1,0,1,0,1,281
864,23,-3.6,50,1.9,1284,-12.5,0,0,0,0,0,0,1,0,1,0,1,189
865,0,-4.3,52,1.6,1247,-12.7,0,0,0,0,0,0,1,0,1,0,1,184
866,1,-4.8,54,1.2,1219,-12.7,0,0,0,0,0,0,1,0,1,0,1,222
867,2,-5.5,56,1.4,1285,-12.9,0,0,0,0,0,0,1,0,1,0,1,176
868,3,-5.6,56,1,1367,-13,0,0,0,0,0,0,1,0,1,0,1,103
869,4,-5.9,61,1.1,1260,-12.2,0,0,0,0,0,0,1,0,1,0,1,61
870,5,-6.1,64,1,1231,-11.8,0,0,0,0,0,0,1,0,1,0,1,48
871,6,-6.5,67,0.7,1175,-11.6,0,0,0,0,0,0,1,0,1,0,1,69
872,7,-6.6,65,1,1320,-12,0,0,0,0,0,0,1,0,1,0,1,105
873,8,-6.5,62,1.1,1503,-12.5,0,0,0,0,0,0,1,0,1,0,1,186
874,9,-5.8,49,1.4,1728,-14.8,0.16,0,0,0,0,0,1,0,1,0,1,221
875,10,-3.5,39,2,1946,-15.4,0.54,0,0,0,0,0,1,0,1,0,1,204
876,11,-1.6,35,2.1,1812,-15.1,0.87,0,0,0,0,0,1,0,1,0,1,245
877,12,0,35,2.3,1672,-13.6,1.07,0,0,0,0,0,1,0,1,0,1,283
878,13,0.9,28,2.4,1895,-15.6,1.18,0,0,0,0,0,1,0,1,0,1,356
879,14,1.8,29,2,1693,-14.3,1.14,0,0,0,0,0,1,0,1,0,1,370
880,15,2.3,27,2.2,1877,-14.8,0.92,0,0,0,0,0,1,0,1,0,1,373
881,16,2.7,27,2.2,1811,-14.4,0.64,0,0,0,0,0,1,0,1,0,1,352
882,17,1.1,31,1.7,1989,-14.1,0.26,0,0,0,0,0,1,0,1,0,1,354
883,18,-0.6,37,1.6,1797,-13.5,0.01,0,0,0,0,0,1,0,1,0,1,271
884,19,-1.2,37,1.2,1663,-14,0,0,0,0,0,0,1,0,1,0,1,207
885,20,-2.1,41,1.1,1578,-13.6,0,0,0,0,0,0,1,0,1,0,1,189
886,21,-2.5,47,0.8,1495,-12.2,0,0,0,0,0,0,1,0,1,0,1,214
887,22,-2.6,47,1.6,1492,-12.3,0,0,0,0,0,0,1,0,1,0,1,218
888,23,-3.2,50,0.8,1429,-12.1,0,0,0,0,0,0,1,0,1,0,1,169
889,0,-3.8,48,0.7,1574,-13.2,0,0,0,0,0,0,1,0,1,0,1,192
890,1,-3.9,51,0.2,1535,-12.5,0,0,0,0,0,0,1,0,1,0,1,162
891,2,-4.4,53,0.3,1594,-12.5,0,0,0,0,0,0,1,0,1,0,1,128
892,3,-4.8,56,0.6,1505,-12.2,0,0,0,0,0,0,1,0,1,0,1,102
893,4,-5.1,60,0.7,1377,-11.6,0,0,0,0,0,0,1,0,1,0,1,62
894,5,-5.6,58,0.7,1350,-12.5,0,0,0,0,0,0,1,0,1,0,1,40
895,6,-5.5,52,0.7,1503,-13.8,0,0,0,0,0,0,1,0,1,0,1,38
896,7,-5.6,58,0.9,1368,-12.5,0,0,0,0,0,0,1,0,1,0,1,60
897,8,-5.3,53,1.1,1411,-13.4,0,0,0,0,0,0,1,0,1,0,1,122
898,9,-3.8,49,1.6,1371,-12.9,0.18,0,0,0,0,0,1,0,1,0,1,143
899,10,-1.8,40,1.8,1555,-13.6,0.48,0,0,0,0,0,1,0,1,0,1,179
900,11,0.5,35,1.4,1558,-13.2,0.75,0,0,0,0,0,1,0,1,0,1,214
901,12,1.1,34,0.9,1455,-13,0.6,0,0,0,0,0,1,0,1,0,1,278
902,13,1.4,34,0.8,1394,-12.7,0.5,0,0,0,0,0,1,0,1,0,1,265
903,14,1.9,32,0.7,1368,-13,0.41,0,0,0,0,0,1,0,1,0,1,331
904,15,2.7,31,0.9,1603,-12.7,0.43,0,0,0,0,0,1,0,1,0,1,368
905,16,2.6,32,1,1381,-12.4,0.27,0,0,0,0,0,1,0,1,0,1,333
906,17,2.3,33,0.2,1515,-12.3,0.13,0,0,0,0,0,1,0,1,0,1,349
907,18,1.8,34,1.2,1518,-12.4,0,0,0,0,0,0,1,0,1,0,1,270
908,19,1.6,35,1,1419,-12.2,0,0,0,0,0,0,1,0,1,0,1,246
909,20,1.3,38,0.4,1386,-11.4,0,0,0,0,0,0,1,0,1,0,1,233
910,21,1.2,39,0.6,1378,-11.2,0,0,0,0,0,0,1,0,1,0,1,236
911,22,1.1,40,0.5,1305,-11,0,0,0,0,0,0,1,0,1,0,1,214
912,23,1.1,39,0.6,1422,-11.3,0,0,0,0,0,0,1,0,1,0,1,149
913,0,0.9,42,1.1,1271,-10.5,0,0,0,0,0,0,1,0,1,0,1,149
914,1,0.9,42,0.2,1333,-10.5,0,0,0,0,0,0,1,0,1,0,1,109
915,2,0.8,42,0.5,1275,-10.6,0,0,0,0,0,0,1,0,1,0,1,77
916,3,0.9,43,0.4,1261,-10.2,0,0,0,0,0,0,1,0,1,0,1,53
917,4,1,43,0.8,1253,-10.2,0,0,0,0,0,0,1,0,1,0,1,46
918,5,0.8,42,1,1394,-10.6,0,0,0,0,0,0,1,0,1,0,1,67
919,6,0.8,45,0.7,1268,-9.8,0,0,0,0,0,0,1,0,1,0,1,159
920,7,0.7,44,0.8,1357,-10.1,0,0,0,0,0,0,1,0,1,0,1,374
921,8,0.7,45,0.7,1339,-9.9,0,0,0,0,0,0,1,0,1,0,1,701
922,9,0.8,47,0.9,1070,-9.2,0.05,0,0,0,0,0,1,0,1,0,1,387
923,10,1.3,43,0.8,971,-9.9,0.16,0,0,0,0,0,1,0,1,0,1,253
924,11,1.7,37,0.6,1062,-11.4,0.23,0,0,0,0,0,1,0,1,0,1,278
925,12,2.7,33,2.7,1281,-12,0.6,0,0,0,0,0,1,0,1,0,1,356
926,13,3,32,1.6,1518,-12.1,0.38,0,0,0,0,0,1,0,1,0,1,303
927,14,3.4,31,1.4,1267,-12.1,0.36,0,0,0,0,0,1,0,1,0,1,349
928,15,3.9,33,1.8,1293,-10.9,0.39,0,0,0,0,0,1,0,1,0,1,318
929,16,3.5,36,1.7,1702,-10.2,0.16,0,0,0,0,0,1,0,1,0,1,353
930,17,2.7,50,2.8,1957,-6.7,0.06,0,0,0,0,0,1,0,1,0,1,385
931,18,1.5,70,2.5,638,-3.3,0,0,0,0,0,0,1,0,1,0,1,316
932,19,0.9,88,1.6,290,-0.8,0,0,0.5,0,0,0,1,0,1,0,1,127
933,20,1,89,1.9,407,-0.6,0,0,1,0,0,0,1,0,1,0,1,144
934,21,0.7,77,6.7,692,-2.8,0,0.9,1,0,0,0,1,0,1,0,1,146
935,22,0.1,68,4.6,740,-5.1,0,0,1,0,0,0,1,0,1,0,1,149
936,23,-0.6,62,4.2,936,-6.9,0,0,1,0,0,0,1,0,1,0,1,112
937,0,-1.2,67,4.6,983,-6.5,0,0,1,0,0,0,1,0,1,0,1,100
938,1,-1.9,69,5,791,-6.8,0,0,1,0,0,0,1,0,1,0,1,107
939,2,-2.9,66,3.3,1515,-8.3,0,0,1,0,0,0,1,0,1,0,1,75
940,3,-3.4,67,3.2,1420,-8.6,0,0,0.9,0,0,0,1,0,1,0,1,52
941,4,-4.3,59,4.4,1451,-11.1,0,0,0.9,0,0,0,1,0,1,0,1,38
942,5,-5.1,48,3.2,1821,-14.4,0,0,0.9,0,0,0,1,0,1,0,1,52
943,6,-5.6,52,3.7,1785,-13.9,0,0,0.9,0,0,0,1,0,1,0,1,126
944,7,-5.9,57,3.1,1686,-13,0,0,0.8,0,0,0,1,0,1,0,1,245
945,8,-6,64,3.2,1384,-11.7,0,0,0.7,0,0,0,1,0,1,0,1,554
946,9,-6,61,2.5,1547,-12.3,0.13,0,0.6,0,0,0,1,0,1,0,1,320
947,10,-4.8,57,3,1559,-12,0.47,0,0.5,0,0,0,1,0,1,0,1,190
948,11,-3.9,51,4.5,1746,-12.5,0.73,0,0.5,0,0,0,1,0,1,0,1,247
949,12,-2.7,45,2.4,1707,-13,1.05,0,0.4,0,0,0,1,0,1,0,1,262
950,13,-2.6,45,4,1663,-12.9,1.11,0,0.3,0,0,0,1,0,1,0,1,265
951,14,-1.8,45,3.7,1922,-12.1,1.06,0,0.2,0,0,0,1,0,1,0,1,265
952,15,-2.4,51,4.6,1458,-11.1,0.46,0,0,0,0,0,1,0,1,0,1,257
953,16,-2.4,56,3.3,1541,-9.9,0.35,0,0,0,0,0,1,0,1,0,1,262
954,17,-2.9,66,3.6,743,-8.3,0.23,0,0,0,0,0,1,0,1,0,1,332
955,18,-3.8,58,1.7,1996,-10.8,0.01,0,0,0,0,0,1,0,1,0,1,558
956,19,-4.5,57,0.6,2000,-11.7,0,0,0,0,0,0,1,0,1,0,1,364
957,20,-4.9,59,0.6,1992,-11.6,0,0,0,0,0,0,1,0,1,0,1,302
958,21,-4.8,59,0.9,2000,-11.6,0,0,0,0,0,0,1,0,1,0,1,281
959,22,-4.2,67,1.6,503,-9.4,0,0,0,0,0,0,1,0,1,0,1,166
960,23,-4.9,80,0.7,690,-7.8,0,0,0.2,0,0,0,1,0,1,0,1,80
961,0,-5.2,82,0.8,152,-7.7,0,0.5,0.5,0,0,0,1,0,1,0,1,61
962,1,-5.6,75,1.7,1982,-9.3,0,0,0.8,0,0,0,1,0,1,0,1,78
963,2,-5.7,72,1.2,1925,-9.9,0,0,0.8,0,0,0,1,0,1,0,1,63
964,3,-6.1,70,1.1,2000,-10.6,0,0.3,0.8,0,0,0,1,0,1,0,1,40
965,4,-6.6,72,2.2,2000,-10.8,0,0,0.8,0,0,0,1,0,1,0,1,31
966,5,-7.3,75,1.6,2000,-10.9,0,0,0.8,0,0,0,1,0,1,0,1,39
967,6,-7.7,74,1.1,2000,-11.5,0,0,0.8,0,0,0,1,0,1,0,1,84
968,7,-8,70,1.8,2000,-12.5,0,0,0.7,0,0,0,1,0,1,0,1,158
969,8,-7.9,67,2.6,1896,-12.9,0,0,0.7,0,0,0,1,0,1,0,1,387
970,9,-7.7,62,3.6,1637,-13.7,0.13,0,0.7,0,0,0,1,0,1,0,1,225
971,10,-6.9,53,3.2,1576,-14.8,0.52,0,0.6,0,0,0,1,0,1,0,1,150
972,11,-6.4,49,4.5,1759,-15.3,0.86,0,0.5,0,0,0,1,0,1,0,1,168
973,12,-5.6,44,4.5,1830,-15.9,1.1,0,0.5,0,0,0,1,0,1,0,1,217
974,13,-5.1,43,4.7,1901,-15.7,1.18,0,0.4,0,0,0,1,0,1,0,1,207
975,14,-5.3,37,5.3,2000,-17.7,1.05,0,0.3,0,0,0,1,0,1,0,1,177
976,15,-5.3,33,4.8,2000,-19,0.99,0,0.3,0,0,0,1,0,1,0,1,193
977,16,-5.4,30,3.9,2000,-20.2,0.69,0,0.2,0,0,0,1,0,1,0,1,196
978,17,-6.5,34,4,2000,-19.8,0.31,0,0,0,0,0,1,0,1,0,1,266
979,18,-7.8,32,4.5,2000,-21.6,0.02,0,0,0,0,0,1,0,1,0,1,437
980,19,-8.5,35,2.9,2000,-21.2,0,0,0,0,0,0,1,0,1,0,1,259
981,20,-8.9,41,2.3,2000,-19.7,0,0,0,0,0,0,1,0,1,0,1,207
982,21,-9.4,47,2,2000,-18.6,0,0,0,0,0,0,1,0,1,0,1,214
983,22,-9.7,51,2.8,2000,-17.9,0,0,0,0,0,0,1,0,1,0,1,165
984,23,-10.2,53,3.3,1997,-17.9,0,0,0,0,0,0,1,0,1,0,1,139
985,0,-10.3,54,2.4,1988,-17.8,0,0,0,0,0,0,1,0,1,0,1,98
986,1,-10.6,55,2.9,1987,-17.9,0,0,0,0,0,0,1,0,1,0,1,100
987,2,-10.9,57,2.7,1900,-17.7,0,0,0,0,0,0,1,0,1,0,1,89
988,3,-11.2,59,2.9,1872,-17.6,0,0,0,0,0,0,1,0,1,0,1,38
989,4,-11.5,57,2.3,1899,-18.3,0,0,0,0,0,0,1,0,1,0,1,33
990,5,-11.9,61,1.8,1759,-17.9,0,0,0,0,0,0,1,0,1,0,1,42
991,6,-12,61,2.3,1709,-18,0,0,0,0,0,0,1,0,1,0,1,82
992,7,-12.3,59,2.3,1738,-18.6,0,0,0,0,0,0,1,0,1,0,1,203
993,8,-12.6,61,1.6,1610,-18.5,0,0,0,0,0,0,1,0,1,0,1,443
994,9,-12,53,2.6,1781,-19.6,0.16,0,0,0,0,0,1,0,1,0,1,227
995,10,-11.1,46,3.7,1638,-20.4,0.48,0,0,0,0,0,1,0,1,0,1,152
996,11,-10.2,41,3.5,1629,-20.9,0.84,0,0,0,0,0,1,0,1,0,1,146
997,12,-8.6,40,2.6,1700,-19.8,1.11,0,0,0,0,0,1,0,1,0,1,187
998,13,-8.6,41,3.4,1593,-19.5,1.2,0,0,0,0,0,1,0,1,0,1,178
999,14,-7.4,38,3.3,1718,-19.3,1.15,0,0,0,0,0,1,0,1,0,1,187
1000,15,-8.3,42,3.8,1745,-18.9,0.93,0,0,0,0,0,1,0,1,0,1,181
1001,16,-8.2,39,2.8,1807,-19.7,0.63,0,0,0,0,0,1,0,1,0,1,179
1002,17,-9.3,43,2.8,1900,-19.6,0.28,0,0,0,0,0,1,0,1,0,1,219
1003,18,-10.4,43,2.3,1985,-20.6,0.02,0,0,0,0,0,1,0,1,0,1,352
1004,19,-10.9,44,3,2000,-20.7,0,0,0,0,0,0,1,0,1,0,1,251
1005,20,-11.6,49,1.8,1953,-20.1,0,0,0,0,0,0,1,0,1,0,1,177
1006,21,-12.4,51,2.2,1992,-20.4,0,0,0,0,0,0,1,0,1,0,1,162
1007,22,-12.9,52,2.8,2000,-20.7,0,0,0,0,0,0,1,0,1,0,1,172
1008,23,-13.2,51,1.5,1972,-21.2,0,0,0,0,0,0,1,0,1,0,1,119
1009,0,-13.6,49,1.6,2000,-22,0,0,0,0,0,0,1,0,1,0,1,105
1010,1,-13.7,47,3,2000,-22.6,0,0,0,0,0,0,1,0,1,0,1,99
1011,2,-13.8,43,2.6,2000,-23.7,0,0,0,0,0,0,1,0,1,0,1,83
1012,3,-14.1,45,1.8,2000,-23.4,0,0,0,0,0,0,1,0,1,0,1,42
1013,4,-14.3,45,2,2000,-23.6,0,0,0,0,0,0,1,0,1,0,1,30
1014,5,-14.6,45,1.1,2000,-23.9,0,0,0,0,0,0,1,0,1,0,1,35
1015,6,-14.9,45,2.3,2000,-24.2,0,0,0,0,0,0,1,0,1,0,1,92
1016,7,-15.1,45,0.9,2000,-24.4,0,0,0,0,0,0,1,0,1,0,1,189
1017,8,-15.1,44,1.2,2000,-24.6,0,0,0,0,0,0,1,0,1,0,1,419
1018,9,-14.9,40,1.2,1999,-25.5,0.16,0,0,0,0,0,1,0,1,0,1,196
1019,10,-13,37,2.2,1960,-24.6,0.59,0,0,0,0,0,1,0,1,0,1,119
1020,11,-11.2,31,2.4,1944,-25,0.94,0,0,0,0,0,1,0,1,0,1,140
1021,12,-9.6,27,2,1945,-25.1,1.17,0,0,0,0,0,1,0,1,0,1,178
1022,13,-8.2,29,2,1920,-23.1,1.19,0,0,0,0,0,1,0,1,0,1,177
1023,14,-7.2,28,2.3,1990,-22.6,1.14,0,0,0,0,0,1,0,1,0,1,173
1024,15,-6.5,26,2.4,1987,-22.8,0.96,0,0,0,0,0,1,0,1,0,1,177
1025,16,-5.8,21,1.1,2000,-24.6,0.66,0,0,0,0,0,1,0,1,0,1,196
1026,17,-6.5,22,1.5,2000,-24.7,0.28,0,0,0,0,0,1,0,1,0,1,259
1027,18,-7.5,28,2,2000,-22.9,0.02,0,0,0,0,0,1,0,1,0,1,405
1028,19,-8.2,32,1.1,2000,-22,0,0,0,0,0,0,1,0,1,0,1,273
1029,20,-7.9,31,1.4,2000,-22.1,0,0,0,0,0,0,1,0,1,0,1,210
1030,21,-7.4,33,1.4,2000,-20.9,0,0,0,0,0,0,1,0,1,0,1,184
1031,22,-6.9,39,1.6,2000,-18.5,0,0,0,0,0,0,1,0,1,0,1,186
1032,23,-6.7,36,1.3,1821,-19.3,0,0,0,0,0,0,1,0,1,0,1,144
1033,0,-6.6,39,1.6,1930,-18.2,0,0,0,0,0,0,1,0,1,0,1,152
1034,1,-6.5,45,0.5,1964,-16.4,0,0,0,0,0,0,1,0,1,0,1,168
1035,2,-6.4,40,0.9,2000,-17.8,0,0,0,0,0,0,1,0,1,0,1,145
1036,3,-6.5,42,0.7,1996,-17.3,0,0,0,0,0,0,1,0,1,0,1,77
1037,4,-6.4,46,0.8,1993,-16.1,0,0,0,0,0,0,1,0,1,0,1,47
1038,5,-6.3,51,0.8,2000,-14.8,0,0,0,0,0,0,1,0,1,0,1,40
1039,6,-6.4,59,0.6,887,-13.1,0,0,0,0,0,0,1,0,1,0,1,42
1040,7,-6.5,68,0.6,571,-11.4,0,0,0,0,0,0,1,0,1,0,1,43
1041,8,-6.5,72,0.8,670,-10.7,0,0,0.2,0,0,0,1,0,1,0,1,67
1042,9,-6.3,76,0.6,330,-9.8,0.05,0.2,0.4,0,0,0,1,0,1,0,1,102
1043,10,-5.5,72,0.7,1354,-9.7,0.29,0,0.6,0,0,0,1,0,1,0,1,106
1044,11,-4.8,70,1,1244,-9.4,0.21,0,0.6,0,0,0,1,0,1,0,1,133
1045,12,-3.7,66,1.1,1140,-9.1,0.45,0.2,0.4,0,0,0,1,0,1,0,1,174
1046,13,-2.5,62,1.4,1087,-8.7,0.66,0,0,0,0,0,1,0,1,0,1,212
1047,14,-1.8,62,0.7,936,-8.1,0.55,0,0,0,0,0,1,0,1,0,1,215
1048,15,-1.5,62,0.9,957,-7.8,0.28,0,0,0,0,0,1,0,1,0,1,251
1049,16,-1.2,63,0.9,876,-7.3,0.19,0,0,0,0,0,1,0,1,0,1,249
1050,17,-1.4,68,1,761,-6.5,0.11,0,0,0,0,0,1,0,1,0,1,277
1051,18,-2.6,73,1,684,-6.7,0.01,0,0,0,0,0,1,0,1,0,1,223
1052,19,-3.3,76,0.8,633,-6.9,0,0,0,0,0,0,1,0,1,0,1,167
1053,20,-3.9,78,1.1,596,-7.1,0,0,0,0,0,0,1,0,1,0,1,158
1054,21,-4.1,79,0.7,522,-7.2,0,0,0,0,0,0,1,0,1,0,1,156
1055,22,-4.3,81,0.4,435,-7,0,0,0,0,0,0,1,0,1,0,1,168
1056,23,-4.4,81,0.7,420,-7.1,0,0,0,0,0,0,1,0,1,0,1,131
1057,0,-4.4,81,0.7,414,-7.1,0,0,0,0,0,0,1,0,1,0,1,149
1058,1,-3.7,79,0.9,438,-6.8,0,0,0,0,0,0,1,0,1,0,1,150
1059,2,-3.5,78,1,444,-6.7,0,0,0,0,0,0,1,0,1,0,1,111
1060,3,-3.6,78,1.6,471,-6.8,0,0,0,0,0,0,1,0,1,0,1,79
1061,4,-4,79,1.2,453,-7.1,0,0,0,0,0,0,1,0,1,0,1,48
1062,5,-4.2,79,1.2,442,-7.3,0,0,0,0,0,0,1,0,1,0,1,29
1063,6,-4.3,79,1.1,433,-7.4,0,0,0,0,0,0,1,0,1,0,1,49
1064,7,-4.4,80,1.4,411,-7.3,0,0,0,0,0,0,1,0,1,0,1,59
1065,8,-3.8,79,0.8,412,-6.9,0,0,0,0,0,0,1,0,1,0,1,81
1066,9,-3.4,77,1.6,432,-6.8,0.12,0,0,0,0,0,1,0,1,0,1,118
1067,10,-2.1,72,1.7,489,-6.4,0.34,0,0,0,0,0,1,0,1,0,1,134
1068,11,-0.5,64,0.7,537,-6.4,0.49,0,0,0,0,0,1,0,1,0,1,174
1069,12,1.2,58,0.8,550,-6.1,0.74,0,0,0,0,0,1,0,1,0,1,226
1070,13,3,52,1.4,568,-5.9,0.9,0,0,0,0,0,1,0,1,0,1,272
1071,14,3.7,53,0.6,592,-5,0.74,0,0,0,0,0,1,0,1,0,1,304
1072,15,4.6,50,0.9,824,-4.9,0.62,0,0,0,0,0,1,0,1,0,1,353
1073,16,5.3,49,1.8,982,-4.5,0.43,0,0,0,0,0,1,0,1,0,1,366
1074,17,4.5,51,1.1,1244,-4.7,0.17,0,0,0,0,0,1,0,1,0,1,302
1075,18,4.1,53,1.3,1132,-4.6,0,0,0,0,0,0,1,0,1,0,1,250
1076,19,3.9,54,1.1,1102,-4.5,0,0,0,0,0,0,1,0,1,0,1,208
1077,20,3.5,55,1,1100,-4.7,0,0,0,0,0,0,1,0,1,0,1,210
1078,21,3.1,58,0.4,936,-4.3,0,0,0,0,0,0,1,0,1,0,1,213
1079,22,2.8,60,0.6,829,-4.2,0,0,0,0,0,0,1,0,1,0,1,196
1080,23,2.7,60,0.6,794,-4.3,0,0,0,0,0,0,1,0,1,0,1,144
1081,0,3,60,0.5,842,-4,0,0,0,0,0,0,1,0,1,0,1,171
1082,1,3,62,0.9,835,-3.5,0,0,0,0,0,0,1,0,1,0,1,122
1083,2,3.6,65,0.9,959,-2.3,0,0,0,0,0,0,1,0,1,0,1,74
1084,3,4.4,70,1.7,928,-0.6,0,0,0,0,0,0,1,0,1,0,1,58
1085,4,4.9,73,1.8,881,0.4,0,0,0,0,0,0,1,0,1,0,1,38
1086,5,5,76,1.9,808,1.1,0,0,0,0,0,0,1,0,1,0,1,55
1087,6,4.9,83,3,582,2.2,0,0,0,0,0,0,1,0,1,0,1,82
1088,7,4.4,87,1,357,2.4,0,0,0,0,0,0,1,0,1,0,1,209
1089,8,4.1,85,1.1,470,1.7,0,0,0,0,0,0,1,0,1,0,1,444
1090,9,3.9,86,1.7,399,1.7,0.11,0.2,0,0,0,0,1,0,1,0,1,303
1091,10,4.2,82,2.2,560,1.3,0.22,0,0,0,0,0,1,0,1,0,1,212
1092,11,4.7,75,2.3,533,0.6,0.54,0,0,0,0,0,1,0,1,0,1,254
1093,12,6.2,64,1.9,549,-0.1,0.79,0,0,0,0,0,1,0,1,0,1,311
1094,13,6.1,61,2.3,534,-0.8,0.91,0,0,0,0,0,1,0,1,0,1,309
1095,14,7.1,52,2.1,646,-2.1,0.76,0,0,0,0,0,1,0,1,0,1,306
1096,15,7.4,38,1.7,817,-6,0.63,0,0,0,0,0,1,0,1,0,1,349
1097,16,7.5,37,0.9,813,-6.2,0.48,0,0,0,0,0,1,0,1,0,1,365
1098,17,6.5,40,0.8,804,-6.1,0.23,0,0,0,0,0,1,0,1,0,1,455
1099,18,5.2,44,1.3,647,-6,0,0,0,0,0,0,1,0,1,0,1,555
1100,19,4.4,53,1.2,538,-4.3,0,0,0,0,0,0,1,0,1,0,1,444
1101,20,3.7,58,1.3,474,-3.8,0,0,0,0,0,0,1,0,1,0,1,321
1102,21,3.4,59,0.8,471,-3.8,0,0,0,0,0,0,1,0,1,0,1,334
1103,22,3,61,1.6,460,-3.8,0,0,0,0,0,0,1,0,1,0,1,333
1104,23,2.4,63,0.6,443,-3.9,0,0,0,0,0,0,1,0,1,0,1,230
1105,0,1.8,67,1.2,387,-3.6,0,0,0,0,0,0,1,0,1,0,1,212
1106,1,1.2,64,0.7,455,-4.8,0,0,0,0,0,0,1,0,1,0,1,207
1107,2,0.5,72,0.7,385,-3.9,0,0,0,0,0,0,1,0,1,0,1,141
1108,3,0.3,70,0.6,438,-4.5,0,0,0,0,0,0,1,0,1,0,1,81
1109,4,0.8,65,0.7,502,-5,0,0,0,0,0,0,1,0,1,0,1,51
1110,5,1.1,64,0.5,505,-4.9,0,0,0,0,0,0,1,0,1,0,1,58
1111,6,1.2,69,0.6,436,-3.8,0,0,0,0,0,0,1,0,1,0,1,140
1112,7,1.1,69,0.6,418,-3.9,0,0,0,0,0,0,1,0,1,0,1,318
1113,8,1.2,68,0.6,411,-4,0,0,0,0,0,0,1,0,1,0,1,650
1114,9,1.9,65,0.8,402,-3.9,0.06,0,0,0,0,0,1,0,1,0,1,376
1115,10,2.7,60,0.5,392,-4.3,0.18,0,0,0,0,0,1,0,1,0,1,221
1116,11,3.9,57,0.8,363,-3.8,0.28,0,0,0,0,0,1,0,1,0,1,256
1117,12,5.2,52,1.2,349,-3.8,0.45,0,0,0,0,0,1,0,1,0,1,276
1118,13,5.8,47,0.8,382,-4.6,0.53,0,0,0,0,0,1,0,1,0,1,296
1119,14,6.5,43,0.8,468,-5.2,0.52,0,0,0,0,0,1,0,1,0,1,276
1120,15,6.3,40,0.3,498,-6.3,0.19,0,0,0,0,0,1,0,1,0,1,250
1121,16,5.8,50,0.9,547,-3.8,0.11,0,0,0,0,0,1,0,1,0,1,277
1122,17,5.2,58,0.8,462,-2.4,0.08,0,0,0,0,0,1,0,1,0,1,381
1123,18,4.9,59,1.4,427,-2.4,0,0,0,0,0,0,1,0,1,0,1,592
1124,19,4.6,57,1,432,-3.2,0,0,0,0,0,0,1,0,1,0,1,409
1125,20,4.5,58,0.8,383,-3,0,0,0,0,0,0,1,0,1,0,1,332
1126,21,4.3,56,0.7,434,-3.7,0,0,0,0,0,0,1,0,1,0,1,342
1127,22,4,57,0.3,430,-3.7,0,0,0,0,0,0,1,0,1,0,1,321
1128,23,3.9,60,0.9,379,-3.1,0,0,0,0,0,0,1,0,1,0,1,242
1129,0,3.5,62,0.4,382,-3.1,0,0,0,0,0,0,1,0,1,0,1,204
1130,1,3.3,64,0.4,339,-2.8,0,0,0,0,0,0,1,0,1,0,1,183
1131,2,3.1,65,0.8,310,-2.8,0,0,0,0,0,0,1,0,1,0,1,140
1132,3,3,67,0.8,297,-2.5,0,0,0,0,0,0,1,0,1,0,1,75
1133,4,3,68,0.5,322,-2.3,0,0,0,0,0,0,1,0,1,0,1,55
1134,5,2.9,66,0.8,325,-2.8,0,0,0,0,0,0,1,0,1,0,1,72
1135,6,2.7,71,1.1,270,-2,0,0,0,0,0,0,1,0,1,0,1,115
1136,7,2.5,71,0.9,289,-2.2,0,0,0,0,0,0,1,0,1,0,1,272
1137,8,2.6,70,0.6,296,-2.3,0,0,0,0,0,0,1,0,1,0,1,537
1138,9,3,66,0.7,306,-2.7,0.12,0,0,0,0,0,1,0,1,0,1,337
1139,10,4.3,58,0.5,401,-3.2,0.23,0,0,0,0,0,1,0,1,0,1,212
1140,11,6,51,1,436,-3.3,0.55,0,0,0,0,0,1,0,1,0,1,270
1141,12,8.1,51,1.4,367,-1.4,0.75,0,0,0,0,0,1,0,1,0,1,310
1142,13,8,54,1.8,435,-0.7,0.57,0,0,0,0,0,1,0,1,0,1,273
1143,14,7.7,54,2.6,313,-1,0.58,0,0,0,0,0,1,0,1,0,1,258
1144,15,8.5,49,1.3,400,-1.6,0.73,0,0,0,0,0,1,0,1,0,1,278
1145,16,8.3,54,1.2,330,-0.4,0.44,0,0,0,0,0,1,0,1,0,1,314
1146,17,7.2,57,3.3,342,-0.7,0.19,0,0,0,0,0,1,0,1,0,1,380
1147,18,5.2,62,2.9,503,-1.5,0.01,0,0,0,0,0,1,0,1,0,1,501
1148,19,4.2,68,2.4,446,-1.1,0,0,0,0,0,0,1,0,1,0,1,360
1149,20,3.5,72,1.7,361,-1,0,0,0,0,0,0,1,0,1,0,1,286
1150,21,3.1,74,1.1,333,-1,0,0,0,0,0,0,1,0,1,0,1,320
1151,22,2.8,74,0.5,309,-1.3,0,0,0,0,0,0,1,0,1,0,1,313
1152,23,2.7,74,0.8,291,-1.4,0,0,0,0,0,0,1,0,1,0,1,227
1153,0,2.7,73,1,290,-1.6,0,0,0,0,0,0,1,0,1,0,1,215
1154,1,3.2,72,1.9,306,-1.3,0,0,0,0,0,0,1,0,1,0,1,190
1155,2,3.3,73,1.2,288,-1,0,0,0,0,0,0,1,0,1,0,1,137
1156,3,3.6,74,1.7,273,-0.6,0,0,0,0,0,0,1,0,1,0,1,95
1157,4,3.3,80,2.1,232,0.1,0,0,0,0,0,0,1,0,1,0,1,50
1158,5,2.6,82,2,229,-0.1,0,0,0,0,0,0,1,0,1,0,1,68
1159,6,2.2,82,2,211,-0.5,0,0,0,0,0,0,1,0,1,0,1,107
1160,7,1.5,86,1.1,189,-0.5,0,0,0,0,0,0,1,0,1,0,1,279
1161,8,1.1,86,1.2,197,-0.9,0,0,0,0,0,0,1,0,1,0,1,537
1162,9,1.2,84,2.1,210,-1.2,0.07,0,0,0,0,0,1,0,1,0,1,305
1163,10,1.4,81,2.1,255,-1.5,0.21,0,0,0,0,0,1,0,1,0,1,188
1164,11,1.8,75,1.8,301,-2.1,0.35,0,0,0,0,0,1,0,1,0,1,261
1165,12,2.5,72,2.4,256,-2,0,0,0,0,0,0,1,0,1,0,1,267
1166,13,3.5,54,3.2,463,-4.9,0.68,0,0,0,0,0,1,0,1,0,1,307
1167,14,4.4,42,2.3,719,-7.4,0.72,0,0,0,0,0,1,0,1,0,1,301
1168,15,4.2,36,2.3,957,-9.5,0.57,0,0,0,0,0,1,0,1,0,1,269
1169,16,3.6,42,2.4,883,-8.1,0.29,0,0,0,0,0,1,0,1,0,1,328
1170,17,2.8,46,2.1,858,-7.6,0.14,0,0,0,0,0,1,0,1,0,1,416
1171,18,2,39,2.1,1259,-10.5,0.01,0,0,0,0,0,1,0,1,0,1,506
1172,19,1.5,41,1,1210,-10.3,0,0,0,0,0,0,1,0,1,0,1,365
1173,20,1.1,44,1.2,1171,-9.8,0,0,0,0,0,0,1,0,1,0,1,303
1174,21,0.8,45,1.5,1184,-9.8,0,0,0,0,0,0,1,0,1,0,1,339
1175,22,0.7,45,2,1084,-9.9,0,0,0,0,0,0,1,0,1,0,1,318
1176,23,0.6,47,2.3,1046,-9.4,0,0,0,0,0,0,1,0,1,0,1,232
1177,0,0.3,45,1.8,1154,-10.2,0,0,0,0,0,0,1,0,1,0,1,211
1178,1,0,43,1.7,1250,-11.1,0,0,0,0,0,0,1,0,1,0,1,207
1179,2,-0.3,44,1.7,1295,-11.1,0,0,0,0,0,0,1,0,1,0,1,140
1180,3,-0.6,43,1.7,1316,-11.6,0,0,0,0,0,0,1,0,1,0,1,93
1181,4,-0.7,45,1.4,1241,-11.1,0,0,0,0,0,0,1,0,1,0,1,58
1182,5,-1.4,47,1.4,1301,-11.2,0,0,0,0,0,0,1,0,1,0,1,61
1183,6,-1.8,49,1.4,1359,-11.1,0,0,0,0,0,0,1,0,1,0,1,151
1184,7,-2,49,1.9,1281,-11.3,0,0,0,0,0,0,1,0,1,0,1,334
1185,8,-2.5,50,1,1281,-11.5,0,0,0,0,0,0,1,0,1,0,1,648
1186,9,-2.1,42,1.3,1519,-13.3,0.17,0,0,0,0,0,1,0,1,0,1,387
1187,10,0,29,1.3,1592,-15.9,0.52,0,0,0,0,0,1,0,1,0,1,255
1188,11,2.2,20,0.6,1794,-18.5,0.83,0,0,0,0,0,1,0,1,0,1,283
1189,12,4.3,28,1.5,1858,-12.6,0.98,0,0,0,0,0,1,0,1,0,1,341
1190,13,4.7,26,2.6,1370,-13.2,1.11,0,0,0,0,0,1,0,1,0,1,341
1191,14,4.7,24,3.6,1552,-14.2,1.08,0,0,0,0,0,1,0,1,0,1,349
1192,15,5.4,25,2.4,1686,-13.1,0.9,0,0,0,0,0,1,0,1,0,1,381
1193,16,4.9,27,2.8,1648,-12.5,0.65,0,0,0,0,0,1,0,1,0,1,390
1194,17,4.1,34,3.1,1810,-10.3,0.28,0,0,0,0,0,1,0,1,0,1,468
1195,18,2.9,45,1.6,1629,-7.8,0.04,0,0,0,0,0,1,0,1,0,1,702
1196,19,2,48,1.8,1519,-7.8,0,0,0,0,0,0,1,0,1,0,1,471
1197,20,1.2,51,0.6,1544,-7.8,0,0,0,0,0,0,1,0,1,0,1,342
1198,21,0.5,52,0.8,1595,-8.2,0,0,0,0,0,0,1,0,1,0,1,331
1199,22,0,56,0.8,1544,-7.7,0,0,0,0,0,0,1,0,1,0,1,292
1200,23,-0.5,59,0.9,1487,-7.5,0,0,0,0,0,0,1,0,1,0,1,236
1201,0,-0.6,60,0.6,1433,-7.4,0,0,0,0,0,0,1,0,1,0,1,228
1202,1,-0.9,64,0.4,1273,-6.8,0,0,0,0,0,0,1,0,1,0,1,258
1203,2,-0.9,65,0.6,1369,-6.6,0,0,0,0,0,0,1,0,1,0,1,216
1204,3,-0.9,65,0.2,1359,-6.6,0,0,0,0,0,0,1,0,1,0,1,118
1205,4,-0.7,65,0.6,1226,-6.4,0,0,0,0,0,0,1,0,1,0,1,89
1206,5,-0.3,62,0.6,862,-6.7,0,0,0,0,0,0,1,0,1,0,1,56
1207,6,-0.1,60,0.4,1080,-6.9,0,0,0,0,0,0,1,0,1,0,1,50
1208,7,0.2,60,0.3,1145,-6.6,0,0,0,0,0,0,1,0,1,0,1,101
1209,8,0.3,63,0.4,1140,-5.9,0,0,0,0,0,0,1,0,1,0,1,191
1210,9,0.9,63,0.9,1090,-5.3,0.07,0,0,0,0,0,1,0,1,0,1,234
1211,10,2.1,60,1.2,1005,-4.8,0.3,0,0,0,0,0,1,0,1,0,1,259
1212,11,3.7,59,1.8,978,-3.5,0.51,0,0,0,0,0,1,0,1,0,1,285
1213,12,5.3,55,2.6,904,-3,0.85,0,0,0,0,0,1,0,1,0,1,325
1214,13,6.3,55,3,792,-2,0.85,0,0,0,0,0,1,0,1,0,1,356
1215,14,5.9,61,3.2,623,-1,0.52,0,0,0,0,0,1,0,1,0,1,334
1216,15,6.3,55,3,355,-2,0.68,0,0,0,0,0,1,0,1,0,1,406
1217,16,6.6,42,3,355,-5.4,0.48,0,0,0,0,0,1,0,1,0,1,352
1218,17,5.7,53,1.8,276,-3.1,0.22,0,0,0,0,0,1,0,1,0,1,377
1219,18,4.6,55,3.2,232,-3.6,0.03,0,0,0,0,0,1,0,1,0,1,283
1220,19,3.5,66,1.7,187,-2.2,0,0,0,0,0,0,1,0,1,0,1,223
1221,20,2.9,66,1.2,173,-2.8,0,0,0,0,0,0,1,0,1,0,1,219
1222,21,2.1,48,2.8,346,-7.7,0,0,0,0,0,0,1,0,1,0,1,220
1223,22,1.5,48,2.4,422,-8.3,0,0,0,0,0,0,1,0,1,0,1,232
1224,23,0.8,53,1.7,382,-7.7,0,0,0,0,0,0,1,0,1,0,1,164
1225,0,-0.3,60,1.9,340,-7.1,0,0,0,0,0,0,1,0,1,0,1,196
1226,1,-0.8,58,0.4,400,-8,0,0,0,0,0,0,1,0,1,0,1,177
1227,2,-1.5,63,1,380,-7.6,0,0,0,0,0,0,1,0,1,0,1,107
1228,3,-2,60,0.5,474,-8.7,0,0,0,0,0,0,1,0,1,0,1,107
1229,4,-2.3,47,0.7,984,-12.1,0,0,0,0,0,0,1,0,1,0,1,73
1230,5,-2.6,49,1.1,1065,-11.8,0,0,0,0,0,0,1,0,1,0,1,32
1231,6,-3.1,54,1.4,1037,-11.1,0,0,0,0,0,0,1,0,1,0,1,36
1232,7,-3.2,54,1.2,1113,-11.2,0,0,0,0,0,0,1,0,1,0,1,61
1233,8,-3.6,53,0.5,1227,-11.8,0,0,0,0,0,0,1,0,1,0,1,115
1234,9,-3.2,46,0.8,1091,-13.2,0.15,0,0,0,0,0,1,0,1,0,1,152
1235,10,-1.3,37,0.8,1070,-14.1,0.47,0,0,0,0,0,1,0,1,0,1,189
1236,11,1.9,25,1,1493,-16.1,0.78,0,0,0,0,0,1,0,1,0,1,216
1237,12,3.9,30,1.6,1085,-12.1,0.91,0,0,0,0,0,1,0,1,0,1,271
1238,13,4.9,22,2,1446,-15,1,0,0,0,0,0,1,0,1,0,1,343
1239,14,5.4,18,1.2,1923,-17,0.96,0,0,0,0,0,1,0,1,0,1,340
1240,15,5.4,20,2.2,1890,-15.8,0.8,0,0,0,0,0,1,0,1,0,1,389
1241,16,4.7,17,2.1,2000,-18.3,0.55,0,0,0,0,0,1,0,1,0,1,396
1242,17,3.8,20,1.3,2000,-17.1,0.24,0,0,0,0,0,1,0,1,0,1,383
1243,18,2.5,24,2,2000,-16,0.02,0,0,0,0,0,1,0,1,0,1,295
1244,19,1.3,25,1.3,2000,-16.6,0,0,0,0,0,0,1,0,1,0,1,223
1245,20,0.3,27,0.4,2000,-16.5,0,0,0,0,0,0,1,0,1,0,1,258
1246,21,-0.1,29,0.5,2000,-16,0,0,0,0,0,0,1,0,1,0,1,237
1247,22,-0.3,32,0.7,2000,-15,0,0,0,0,0,0,1,0,1,0,1,207
1248,23,-0.4,32,0.6,2000,-15.1,0,0,0,0,0,0,1,0,1,0,1,170
1249,0,-0.2,30,0.4,2000,-15.7,0,0,0,0,0,0,1,0,1,0,1,171
1250,1,-0.2,32,0.7,2000,-14.9,0,0,0,0,0,0,1,0,1,0,1,97
1251,2,-0.2,33,1.4,2000,-14.5,0,0,0,0,0,0,1,0,1,0,1,73
1252,3,-0.3,31,0.3,2000,-15.4,0,0,0,0,0,0,1,0,1,0,1,53
1253,4,0,32,0.4,2000,-14.7,0,0,0,0,0,0,1,0,1,0,1,31
1254,5,0,32,0.7,2000,-14.7,0,0,0,0,0,0,1,0,1,0,1,60
1255,6,0,33,0.4,2000,-14.3,0,0,0,0,0,0,1,0,1,0,1,165
1256,7,-0.4,34,1,1989,-14.3,0,0,0,0,0,0,1,0,1,0,1,316
1257,8,-0.7,32,0.5,1991,-15.3,0,0,0,0,0,0,1,0,1,0,1,683
1258,9,0.1,33,0.8,1901,-14.3,0.06,0,0,0,0,0,1,0,1,0,1,365
1259,10,1.1,31,0.7,1898,-14.1,0.25,0,0,0,0,0,1,0,1,0,1,221
1260,11,2.4,27,0.9,1796,-14.7,0.47,0,0,0,0,0,1,0,1,0,1,277
1261,12,3.9,28,0.9,1383,-12.9,0.6,0,0,0,0,0,1,0,1,0,1,323
1262,13,3.9,33,0.6,1249,-10.9,0.19,0,0,0,0,0,1,0,1,0,1,281
1263,14,3.3,73,0.4,744,-1,0.11,0,0,0,0,0,1,0,1,0,1,249
1264,15,3.6,69,1.8,655,-1.5,0.17,0,0,0,0,0,1,0,1,0,1,63
1265,16,2,87,1.9,140,0,0.03,0,0,0,0,0,1,0,1,0,1,18
1266,17,1.3,93,1.2,81,0.2,0.03,0,0.2,0,0,0,1,0,1,0,1,43
1267,18,1.1,96,3,187,0.5,0,3.3,1,0,0,0,1,0,1,0,1,170
1268,19,-0.1,88,3.2,582,-1.8,0,0,1,0,0,0,1,0,1,0,1,167
1269,20,-0.8,85,2.9,836,-3,0,0,1,0,0,0,1,0,1,0,1,181
1270,21,-1.8,85,2.9,590,-3.9,0,0,1,0,0,0,1,0,1,0,1,187
1271,22,-3.2,81,3.9,492,-6,0,0,1,0,0,0,1,0,1,0,1,170
1272,23,-4.2,79,2.9,554,-7.3,0,0,1,0,0,0,1,0,1,0,1,139
1273,0,-5.3,77,3.8,894,-8.7,0,0,1,0,0,0,1,0,1,0,1,96
1274,1,-6,76,3.1,1178,-9.5,0,0,1,0,0,0,1,0,1,0,1,120
1275,2,-7.5,65,3.9,2000,-12.9,0,0,1,0,0,0,1,0,1,0,1,75
1276,3,-8.6,68,3.3,2000,-13.4,0,0,1,0,0,0,1,0,1,0,1,55
1277,4,-9.5,49,4.3,2000,-18.2,0,0,1,0,0,0,1,0,1,0,1,45
1278,5,-10.5,46,3,2000,-19.9,0,0,1,0,0,0,1,0,1,0,1,44
1279,6,-11.5,47,3.2,2000,-20.5,0,0,1,0,0,0,1,0,1,0,1,84
1280,7,-12.5,41,4.5,2000,-23,0,0,1,0,0,0,1,0,1,0,1,211
1281,8,-13,41,4,2000,-23.5,0,0,1,0,0,0,1,0,1,0,1,423
1282,9,-13.3,36,3.5,2000,-25.2,0.19,0,1,0,0,0,1,0,1,0,1,228
1283,10,-12.1,34,3.5,1968,-24.8,0.62,0,1,0,0,0,1,0,1,0,1,132
1284,11,-11.7,27,4,1935,-26.9,0.94,0,1,0,0,0,1,0,1,0,1,184
1285,12,-11.3,27,3.7,1955,-26.6,1.18,0,1,0,0,0,1,0,1,0,1,180
1286,13,-11,27,4,1959,-26.3,1.26,0,1,0,0,0,1,0,1,0,1,189
1287,14,-10.4,30,4.3,2000,-24.6,1.22,0,1,0,0,0,1,0,1,0,1,169
1288,15,-9.7,32,3.6,2000,-23.3,1.04,0,1,0,0,0,1,0,1,0,1,181
1289,16,-10.1,34,4.3,2000,-23,0.74,0,1,0,0,0,1,0,1,0,1,181
1290,17,-10.6,38,3.5,2000,-22.2,0.38,0,0.9,0,0,0,1,0,1,0,1,239
1291,18,-11.5,43,2.4,2000,-21.6,0.05,0,0.9,0,0,0,1,0,1,0,1,351
1292,19,-12,47,3.2,2000,-21,0,0,0.9,0,0,0,1,0,1,0,1,248
1293,20,-12.5,52,3,2000,-20.3,0,0,0.9,0,0,0,1,0,1,0,1,178
1294,21,-13.2,49,4.1,2000,-21.6,0,0,0.9,0,0,0,1,0,1,0,1,145
1295,22,-13.9,45,4,2000,-23.2,0,0,0.9,0,0,0,1,0,1,0,1,117
1296,23,-14.3,38,4,2000,-25.5,0,0,0.9,0,0,0,1,0,1,0,1,106
1297,0,-14.6,34,3.9,2000,-27,0,0,0.9,0,0,0,1,0,1,0,1,90
1298,1,-15,31,2.5,2000,-28.3,0,0,0.9,0,0,0,1,0,1,0,1,89
1299,2,-15.2,32,3.1,2000,-28.2,0,0,0.9,0,0,0,1,0,1,0,1,50
1300,3,-15.2,30,3.4,2000,-28.9,0,0,0.9,0,0,0,1,0,1,0,1,32
1301,4,-15.4,30,2.5,2000,-29.1,0,0,0.9,0,0,0,1,0,1,0,1,24
1302,5,-15.6,29,3.7,2000,-29.6,0,0,0.9,0,0,0,1,0,1,0,1,34
1303,6,-15.7,29,2.5,2000,-29.7,0,0,0.9,0,0,0,1,0,1,0,1,71
1304,7,-15.9,30,3,2000,-29.5,0,0,0.9,0,0,0,1,0,1,0,1,164
1305,8,-16.2,30,1.6,2000,-29.8,0,0,0.9,0,0,0,1,0,1,0,1,364
1306,9,-15.8,27,3.4,2000,-30.5,0.2,0,0.9,0,0,0,1,0,1,0,1,192
1307,10,-14.5,24,4.6,1902,-30.6,0.61,0,0.9,0,0,0,1,0,1,0,1,90
1308,11,-13.1,25,3.8,1964,-29,0.96,0,0.9,0,0,0,1,0,1,0,1,124
1309,12,-12.2,26,4,2000,-27.8,1.17,0,0.9,0,0,0,1,0,1,0,1,121
1310,13,-12,25,6,1887,-28,1.27,0,0.9,0,0,0,1,0,1,0,1,140
1311,14,-11.1,26,3.8,1980,-26.8,1.25,0,0.8,0,0,0,1,0,1,0,1,125
1312,15,-10.8,29,3.8,2000,-25.4,1.06,0,0.7,0,0,0,1,0,1,0,1,149
1313,16,-11.2,30,4.7,2000,-25.3,0.77,0,0.7,0,0,0,1,0,1,0,1,124
1314,17,-11.8,26,3.5,2000,-27.4,0.39,0,0.7,0,0,0,1,0,1,0,1,203
1315,18,-13,29,3.4,2000,-27.3,0.05,0,0.7,0,0,0,1,0,1,0,1,297
1316,19,-13.8,32,2.2,2000,-26.9,0,0,0.7,0,0,0,1,0,1,0,1,211
1317,20,-14.3,37,1.3,2000,-25.8,0,0,0.7,0,0,0,1,0,1,0,1,125
1318,21,-14.7,40,3.2,1933,-25.3,0,0,0.7,0,0,0,1,0,1,0,1,132
1319,22,-15.2,45,4,2000,-24.4,0,0,0.7,0,0,0,1,0,1,0,1,121
1320,23,-15.7,43,3.6,2000,-25.4,0,0,0.7,0,0,0,1,0,1,0,1,82
1321,0,-15.9,43,3.8,2000,-25.6,0,0,0.7,0,0,0,1,0,1,0,1,78
1322,1,-16.1,42,2.2,2000,-26,0,0,0.7,0,0,0,1,0,1,0,1,68
1323,2,-16,42,1.3,2000,-25.9,0,0,0.7,0,0,0,1,0,1,0,1,60
1324,3,-16,40,1.9,2000,-26.5,0,0,0.7,0,0,0,1,0,1,0,1,32
1325,4,-15.9,37,2.4,1985,-27.2,0,0,0.7,0,0,0,1,0,1,0,1,22
1326,5,-15.8,37,2.7,2000,-27.1,0,0,0.7,0,0,0,1,0,1,0,1,34
1327,6,-16.1,33,3,2000,-28.7,0,0,0.7,0,0,0,1,0,1,0,1,71
1328,7,-16.2,33,2.2,2000,-28.7,0,0,0.7,0,0,0,1,0,1,0,1,165
1329,8,-16.4,32,3.3,2000,-29.2,0.01,0,0.6,0,0,0,1,0,1,0,1,349
1330,9,-16.2,33,2.9,2000,-28.7,0.19,0,0.6,0,0,0,1,0,1,0,1,187
1331,10,-15.3,33,2.4,2000,-27.9,0.56,0,0.6,0,0,0,1,0,1,0,1,105
1332,11,-13.8,25,3.5,1996,-29.6,0.91,0,0.6,0,0,0,1,0,1,0,1,122
1333,12,-12.8,25,3.2,1981,-28.7,1.16,0,0.6,0,0,0,1,0,1,0,1,142
1334,13,-11.4,27,3.9,2000,-26.7,1.26,0,0.6,0,0,0,1,0,1,0,1,130
1335,14,-10.4,25,2.3,1981,-26.7,1.21,0,0.5,0,0,0,1,0,1,0,1,160
1336,15,-9.7,28,3.7,2000,-24.8,1,0,0.5,0,0,0,1,0,1,0,1,130
1337,16,-9.6,31,2.6,1973,-23.6,0.66,0,0.5,0,0,0,1,0,1,0,1,152
1338,17,-10.9,32,4,2000,-24.4,0.28,0,0.5,0,0,0,1,0,1,0,1,170
1339,18,-11.8,33,4,2000,-24.8,0.04,0,0.5,0,0,0,1,0,1,0,1,288
1340,19,-12.7,33,3.7,2000,-25.6,0,0,0.5,0,0,0,1,0,1,0,1,178
1341,20,-13.5,33,2.4,2000,-26.3,0,0,0.5,0,0,0,1,0,1,0,1,141
1342,21,-14.1,35,2.2,2000,-26.2,0,0,0.5,0,0,0,1,0,1,0,1,137
1343,22,-14.6,35,2.5,2000,-26.7,0,0,0.5,0,0,0,1,0,1,0,1,113
1344,23,-14.9,35,2.8,2000,-26.9,0,0,0.5,0,0,0,1,0,1,0,1,79
1345,0,-15.1,34,1.7,2000,-27.4,0,0,0.5,0,0,0,1,0,1,0,1,68
1346,1,-15.3,34,1.7,2000,-27.6,0,0,0.5,0,0,0,1,0,1,0,1,93
1347,2,-15.6,33,2.2,2000,-28.2,0,0,0.5,0,0,0,1,0,1,0,1,54
1348,3,-15.9,34,2.9,2000,-28.2,0,0,0.5,0,0,0,1,0,1,0,1,41
1349,4,-16.4,36,1.5,2000,-28,0,0,0.5,0,0,0,1,0,1,0,1,24
1350,5,-16.9,38,2.3,2000,-27.9,0,0,0.5,0,0,0,1,0,1,0,1,36
1351,6,-17.4,40,1.6,2000,-27.7,0,0,0.5,0,0,0,1,0,1,0,1,64
1352,7,-17.5,38,3.4,2000,-28.4,0,0,0.5,0,0,0,1,0,1,0,1,142
1353,8,-17.8,40,2.5,2000,-28.1,0,0,0.5,0,0,0,1,0,1,0,1,322
1354,9,-17.5,37,3.8,1941,-28.7,0.21,0,0.5,0,0,0,1,0,1,0,1,149
1355,10,-16.5,33,3.4,1703,-29,0.62,0,0.5,0,0,0,1,0,1,0,1,96
1356,11,-15.6,31,3.3,1808,-28.9,0.93,0,0.5,0,0,0,1,0,1,0,1,93
1357,12,-14.4,30,2.7,1906,-28.2,1.17,0,0.5,0,0,0,1,0,1,0,1,111
1358,13,-13.3,28,2.7,1889,-27.9,1.26,0,0.5,0,0,0,1,0,1,0,1,115
1359,14,-12.1,27,2.5,1879,-27.3,1.25,0,0.4,0,0,0,1,0,1,0,1,116
1360,15,-11.4,27,3.3,1805,-26.7,0,0,0.4,0,0,0,1,0,1,0,1,140
1361,16,-10.8,28,2.7,1778,-25.8,0.77,0,0.4,0,0,0,1,0,1,0,1,147
1362,17,-11.5,31,3.3,1745,-25.2,0.41,0,0.3,0,0,0,1,0,1,0,1,196
1363,18,-12.7,33,2.5,1835,-25.6,0.05,0,0.3,0,0,0,1,0,1,0,1,305
1364,19,-13.2,33,2.4,1863,-26.1,0,0,0.3,0,0,0,1,0,1,0,1,171
1365,20,-13.7,35,1.7,1878,-25.9,0,0,0.3,0,0,0,1,0,1,0,1,121
1366,21,-14.1,36,1.8,1869,-25.9,0,0,0.3,0,0,0,1,0,1,0,1,130
1367,22,-14.6,40,1.8,1746,-25.2,0,0,0.3,0,0,0,1,0,1,0,1,108
1368,23,-14.4,38,2.7,1738,-25.6,0,0,0.3,0,0,0,1,0,1,0,1,89
1369,0,-15,42,1.2,1766,-25,0,0,0.3,0,0,0,1,0,1,0,1,80
1370,1,-15.1,43,0.8,1905,-24.9,0,0,0.3,0,0,0,1,0,1,0,1,94
1371,2,-15.3,43,0.6,1867,-25,0,0,0.3,0,0,0,1,0,1,0,1,75
1372,3,-15.3,43,0.8,1963,-25,0,0,0.3,0,0,0,1,0,1,0,1,41
1373,4,-15.3,47,0.8,1868,-24,0,0,0.3,0,0,0,1,0,1,0,1,36
1374,5,-15.4,45,0.8,2000,-24.6,0,0,0.3,0,0,0,1,0,1,0,1,25
1375,6,-15.3,47,0.7,1921,-24,0,0,0.3,0,0,0,1,0,1,0,1,33
1376,7,-15.7,53,1.3,1629,-23.1,0,0,0.3,0,0,0,1,0,1,0,1,57
1377,8,-15.9,58,0.9,1369,-22.2,0,0,0.3,0,0,0,1,0,1,0,1,84
1378,9,-15.1,49,1.1,1401,-23.4,0.2,0,0.3,0,0,0,1,0,1,0,1,105
1379,10,-12.3,35,0.6,1497,-24.6,0.6,0,0.3,0,0,0,1,0,1,0,1,96
1380,11,-9.6,33,1.1,1748,-22.9,0.9,0,0.3,0,0,0,1,0,1,0,1,125
1381,12,-7.7,32,2.5,1763,-21.5,1.13,0,0.3,0,0,0,1,0,1,0,1,145
1382,13,-6.6,27,2.1,1889,-22.5,1.24,0,0.3,0,0,0,1,0,1,0,1,189
1383,14,-4.1,25,2,1730,-21.2,1.2,0,0.2,0,0,0,1,0,1,0,1,193
1384,15,-3.7,26,2.2,1739,-20.4,1.04,0,0,0,0,0,1,0,1,0,1,192
1385,16,-3.7,25,2.6,1839,-20.9,0.74,0,0,0,0,0,1,0,1,0,1,195
1386,17,-4.6,26,1.9,2000,-21.2,0.39,0,0,0,0,0,1,0,1,0,1,207
1387,18,-6.6,31,3,1988,-20.9,0.06,0,0,0,0,0,1,0,1,0,1,162
1388,19,-7.1,33,2,1887,-20.6,0,0,0,0,0,0,1,0,1,0,1,122
1389,20,-7.6,36,1.7,1858,-20.1,0,0,0,0,0,0,1,0,1,0,1,117
1390,21,-7.9,35,2.6,1878,-20.7,0,0,0,0,0,0,1,0,1,0,1,103
1391,22,-7.8,43,2.3,1804,-18.2,0,0,0,0,0,0,1,0,1,0,1,114
1392,23,-7.6,42,1.2,1760,-18.3,0,0,0,0,0,0,1,0,1,0,1,103
1393,0,-7.5,36,2.3,1972,-20,0,0,0,0,0,0,1,0,1,0,1,125
1394,1,-7.5,45,2.4,1853,-17.4,0,0,0,0,0,0,1,0,1,0,1,103
1395,2,-7.8,51,1.9,1627,-16.1,0,0,0,0,0,0,1,0,1,0,1,72
1396,3,-7.7,49,1.8,1573,-16.5,0,0,0,0,0,0,1,0,1,0,1,67
1397,4,-7.6,37,1.6,1966,-19.8,0,0,0,0,0,0,1,0,1,0,1,38
1398,5,-7.5,33,1.5,2000,-21,0,0,0,0,0,0,1,0,1,0,1,21
1399,6,-7.8,35,1.9,2000,-20.6,0,0,0,0,0,0,1,0,1,0,1,30
1400,7,-8,39,1.9,2000,-19.5,0,0,0,0,0,0,1,0,1,0,1,42
1401,8,-8.1,43,1.7,1943,-18.5,0,0,0,0,0,0,1,0,1,0,1,72
1402,9,-7.8,41,1.8,1923,-18.7,0.17,0,0,0,0,0,1,0,1,0,1,104
1403,10,-5.9,35,1.9,1940,-18.9,0.53,0,0,0,0,0,1,0,1,0,1,111
1404,11,-4.6,27,2.6,1887,-20.8,0.85,0,0,0,0,0,1,0,1,0,1,145
1405,12,-3.5,26,2.5,1756,-20.2,1.07,0,0,0,0,0,1,0,1,0,1,189
1406,13,-2.4,22,2.5,1866,-21.2,1.16,0,0,0,0,0,1,0,1,0,1,206
1407,14,-1.5,20,3,1992,-21.6,1.09,0,0,0,0,0,1,0,1,0,1,225
1408,15,-1.9,23,4.3,2000,-20.3,0.7,0,0,0,0,0,1,0,1,0,1,217
1409,16,-2.1,27,4,2000,-18.6,0.52,0,0,0,0,0,1,0,1,0,1,187
1410,17,-3.8,32,5.2,2000,-18.1,0.25,0,0,0,0,0,1,0,1,0,1,178
1411,18,-4.9,35,3.7,2000,-18,0.04,0,0,0,0,0,1,0,1,0,1,157
1412,19,-6,31,3.6,2000,-20.4,0,0,0,0,0,0,1,0,1,0,1,134
1413,20,-7,30,2.8,2000,-21.6,0,0,0,0,0,0,1,0,1,0,1,113
1414,21,-7.3,34,3.5,2000,-20.5,0,0,0,0,0,0,1,0,1,0,1,106
1415,22,-7.9,40,2.5,1997,-19.1,0,0,0,0,0,0,1,0,1,0,1,105
1416,23,-8.7,42,2.1,1981,-19.3,0,0,0,0,0,0,1,0,1,0,1,81
1417,0,-9.3,45,0.7,1976,-19,0,0,0,0,0,0,1,0,1,0,1,80
1418,1,-9.8,47,1.3,1934,-19,0,0,0,0,0,0,1,0,1,0,1,62
1419,2,-10.2,47,0.9,1808,-19.3,0,0,0,0,0,0,1,0,1,0,1,49
1420,3,-9.8,43,2.8,1963,-20,0,0,0,0,0,0,1,0,1,0,1,27
1421,4,-9.9,45,2.5,1967,-19.6,0,0,0,0,0,0,1,0,1,0,1,26
1422,5,-10.4,47,1,1921,-19.5,0,0,0,0,0,0,1,0,1,0,1,50
1423,6,-10.9,43,1,1967,-21,0,0,0,0,0,0,1,0,1,0,1,94
1424,7,-11.1,37,1.6,2000,-22.9,0,0,0,0,0,0,1,0,1,0,1,231
1425,8,-11.5,38,1,1998,-23,0.01,0,0,0,0,0,1,0,1,0,1,450
1426,9,-10.8,34,2.9,1975,-23.6,0.17,0,0,0,0,0,1,0,1,0,1,217
1427,10,-9.5,28,3.7,1893,-24.6,0.59,0,0,0,0,0,1,0,1,0,1,135
1428,11,-8.1,24,3.6,1761,-25.1,0.91,0,0,0,0,0,1,0,1,0,1,166
1429,12,-7.3,23,3.8,1903,-24.9,1.17,0,0,0,0,0,1,0,1,0,1,186
1430,13,-6.9,23,4.6,1963,-24.6,1.28,0,0,0,0,0,1,0,1,0,1,166
1431,14,-5.7,23,4.5,1956,-23.5,1.25,0,0,0,0,0,1,0,1,0,1,168
1432,15,-5.2,27,4.5,1927,-21.3,1.06,0,0,0,0,0,1,0,1,0,1,177
1433,16,-5.5,28,4.3,1926,-21.1,0.78,0,0,0,0,0,1,0,1,0,1,195
1434,17,-5.7,30,3.6,1978,-20.5,0.4,0,0,0,0,0,1,0,1,0,1,239
1435,18,-6.6,34,2.5,2000,-19.8,0.06,0,0,0,0,0,1,0,1,0,1,438
1436,19,-7.1,40,3.2,2000,-18.4,0,0,0,0,0,0,1,0,1,0,1,282
1437,20,-7.4,41,3.8,2000,-18.4,0,0,0,0,0,0,1,0,1,0,1,197
1438,21,-7.7,42,2.9,1905,-18.4,0,0,0,0,0,0,1,0,1,0,1,182
1439,22,-8.8,40,3,1985,-19.9,0,0,0,0,0,0,1,0,1,0,1,172
1440,23,-9.4,41,1.6,2000,-20.2,0,0,0,0,0,0,1,0,1,0,1,99
1441,0,-10,34,1.1,2000,-22.9,0,0,0,0,0,0,1,0,1,0,1,108
1442,1,-10.4,37,0.3,2000,-22.3,0,0,0,0,0,0,1,0,1,0,1,129
1443,2,-10.6,40,1,2000,-21.6,0,0,0,0,0,0,1,0,1,0,1,84
1444,3,-10.7,42,1.4,2000,-21.1,0,0,0,0,0,0,1,0,1,0,1,54
1445,4,-11.1,50,1.2,1986,-19.4,0,0,0,0,0,0,1,0,1,0,1,33
1446,5,-11.3,53,1.6,1979,-19,0,0,0,0,0,0,1,0,1,0,1,47
1447,6,-11.2,53,0.9,2000,-18.9,0,0,0,0,0,0,1,0,1,0,1,94
1448,7,-11.3,57,0.9,1984,-18.1,0,0,0,0,0,0,1,0,1,0,1,214
1449,8,-11.1,61,0.7,1963,-17.1,0.01,0,0,0,0,0,1,0,1,0,1,491
1450,9,-9.9,49,0.8,1624,-18.6,0.2,0,0,0,0,0,1,0,1,0,1,254
1451,10,-7.5,42,0.9,1705,-18.2,0.55,0,0,0,0,0,1,0,1,0,1,170
1452,11,-4.5,29,1.3,1912,-19.8,0.79,0,0,0,0,0,1,0,1,0,1,220
1453,12,-3.2,32,2.7,1900,-17.5,1.01,0,0,0,0,0,1,0,1,0,1,253
1454,13,-1.3,35,2,1893,-14.8,1.18,0,0,0,0,0,1,0,1,0,1,225
1455,14,-1.1,46,2.1,1437,-11.2,0.72,0,0,0,0,0,1,0,1,0,1,238
1456,15,-1.6,55,2.5,1891,-9.4,0.64,0,0,0,0,0,1,0,1,0,1,173
1457,16,-2.2,76,1.7,233,-5.8,0.25,0,0,0,0,0,1,0,1,0,1,94
1458,17,-2.4,85,0.3,174,-4.5,0.06,0,0.6,0,0,0,1,0,1,0,1,53
1459,18,-2.3,91,0.4,202,-3.5,0,1.4,2,0,0,0,1,0,1,0,1,100
1460,19,-1.7,91,1.1,167,-2.9,0,0,3,0,0,0,1,0,1,0,1,59
1461,20,-1.5,91,1.7,270,-2.7,0,0,3.3,0,0,0,1,0,1,0,1,72
1462,21,-1.6,91,1.3,508,-2.8,0,1.5,3.5,0,0,0,1,0,1,0,1,60
1463,22,-1.7,85,1.2,1006,-3.8,0,0,3.5,0,0,0,1,0,1,0,1,73
1464,23,-1.7,83,1,1093,-4.2,0,0,3.5,0,0,0,1,0,1,0,1,62
1465,0,-1.7,83,0.8,1113,-4.2,0,0,3.5,0,0,0,1,0,1,0,1,69
1466,1,-1.6,81,1.1,1141,-4.4,0,0,3.5,0,0,0,1,0,1,0,1,96
1467,2,-1.6,80,1.4,1097,-4.6,0,0,3.5,0,0,0,1,0,1,0,1,60
1468,3,-2.2,83,1,977,-4.7,0,0,3.5,0,0,0,1,0,1,0,1,47
1469,4,-2.4,82,1.5,877,-5,0,0,3.5,0,0,0,1,0,1,0,1,34
1470,5,-2.8,83,0.6,946,-5.2,0,0,3.5,0,0,0,1,0,1,0,1,34
1471,6,-3.1,80,0.7,1215,-6,0,0,3.5,0,0,0,1,0,1,0,1,63
1472,7,-3.5,83,1.6,953,-5.9,0,0,3.5,0,0,0,1,0,1,0,1,124
1473,8,-3.6,83,1.7,915,-6,0,0,3.5,0,0,0,1,0,1,0,1,273
1474,9,-3.3,77,1.2,916,-6.7,0.1,0,3.4,0,0,0,1,0,1,0,1,137
1475,10,-2.3,63,1.7,1286,-8.4,0.22,0,3.2,0,0,0,1,0,1,0,1,102
1476,11,-1.5,46,2.5,1906,-11.6,0.56,0,3,0,0,0,1,0,1,0,1,144
1477,12,-1,35,2.7,1921,-14.5,0.64,0,3,0,0,0,1,0,1,0,1,160
1478,13,-0.8,39,2.6,1853,-13,0.54,0,2.8,0,0,0,1,0,1,0,1,171
1479,14,-0.7,33,2.7,1984,-15,0.56,0,2.5,0,0,0,1,0,1,0,1,156
1480,15,-0.5,30,2.3,1997,-15.9,0.45,0,2.2,0,0,0,1,0,1,0,1,214
1481,16,-0.1,29,1.6,2000,-16,0.5,0,1.8,0,0,0,1,0,1,0,1,216
1482,17,-0.9,34,2.8,2000,-14.8,0.28,0,1.8,0,0,0,1,0,1,0,1,279
1483,18,-1.8,35,2.1,2000,-15.2,0.05,0,1.6,0,0,0,1,0,1,0,1,403
1484,19,-2.2,36,2.2,2000,-15.2,0,0,1.6,0,0,0,1,0,1,0,1,270
1485,20,-2.6,36,3.1,2000,-15.6,0,0,1.6,0,0,0,1,0,1,0,1,229
1486,21,-3.4,40,0.9,2000,-15,0,0,1.6,0,0,0,1,0,1,0,1,229
1487,22,-4.2,48,1,2000,-13.5,0,0,1.6,0,0,0,1,0,1,0,1,188
1488,23,-4.7,53,1.3,2000,-12.8,0,0,1.6,0,0,0,1,0,1,0,1,132
1489,0,-5.2,56,1.4,1996,-12.6,0,0,1.6,0,0,0,1,0,1,0,1,122
1490,1,-5.4,54,1.7,1996,-13.2,0,0,1.6,0,0,0,1,0,1,0,1,149
1491,2,-5.5,53,2.1,1980,-13.5,0,0,1.6,0,0,0,1,0,1,0,1,103
1492,3,-6.2,57,1.6,1874,-13.3,0,0,1.6,0,0,0,1,0,1,0,1,81
1493,4,-7.1,56,1.8,1841,-14.4,0,0,1.6,0,0,0,1,0,1,0,1,37
1494,5,-7.8,65,2.3,1737,-13.2,0,0,1.6,0,0,0,1,0,1,0,1,51
1495,6,-8.1,59,0.7,1915,-14.7,0,0,1.6,0,0,0,1,0,1,0,1,95
1496,7,-8.7,64,0.5,1972,-14.2,0,0,1.6,0,0,0,1,0,1,0,1,244
1497,8,-8.6,59,1,1948,-15.1,0.01,0,1.6,0,0,0,1,0,1,0,1,459
1498,9,-7.9,50,0.6,1805,-16.5,0.23,0,1.6,0,0,0,1,0,1,0,1,259
1499,10,-5,41,0.5,1799,-16.2,0.64,0,1.5,0,0,0,1,0,1,0,1,168
1500,11,-2.6,33,1.5,1830,-16.6,0.95,0,1.4,0,0,0,1,0,1,0,1,194
1501,12,-1.1,31,1.3,1869,-16.1,1.2,0,1.3,0,0,0,1,0,1,0,1,240
1502,13,0.3,28,3.1,1988,-16.1,1.3,0,1,0,0,0,1,0,1,0,1,233
1503,14,0.8,23,3.2,2000,-18,1.29,0,0.5,0,0,0,1,0,1,0,1,256
1504,15,0.7,25,3,1987,-17.1,1.12,0,0,0,0,0,1,0,1,0,1,293
1505,16,1.1,26,2.1,1957,-16.3,0.82,0,0,0,0,0,1,0,1,0,1,268
1506,17,0.3,26,2.4,1977,-17,0.45,0,0,0,0,0,1,0,1,0,1,341
1507,18,-1,28,1.9,2000,-17.2,0.08,0,0,0,0,0,1,0,1,0,1,542
1508,19,-1.8,32,1.5,2000,-16.3,0,0,0,0,0,0,1,0,1,0,1,344
1509,20,-2.4,36,1,2000,-15.4,0,0,0,0,0,0,1,0,1,0,1,263
1510,21,-3.2,47,1.8,1917,-12.9,0,0,0,0,0,0,1,0,1,0,1,257
1511,22,-3.9,52,1.2,1871,-12.3,0,0,0,0,0,0,1,0,1,0,1,235
1512,23,-4.5,55,0.4,1908,-12.1,0,0,0,0,0,0,1,0,1,0,1,143
1513,0,-4.9,56,1.1,1982,-12.3,0,0,0,0,0,0,1,0,1,0,1,138
1514,1,-5.2,56,0.9,1973,-12.6,0,0,0,0,0,0,1,0,1,0,1,159
1515,2,-5.7,59,0.3,1951,-12.4,0,0,0,0,0,0,1,0,1,0,1,102
1516,3,-6.3,63,0.9,1425,-12.2,0,0,0,0,0,0,1,0,1,0,1,65
1517,4,-6.7,65,1.1,1705,-12.1,0,0,0,0,0,0,1,0,1,0,1,47
1518,5,-6.8,61,0.2,1724,-13,0,0,0,0,0,0,1,0,1,0,1,48
1519,6,-7,62,1.3,1830,-13,0,0,0,0,0,0,1,0,1,0,1,115
1520,7,-7.4,62,1.5,1909,-13.4,0,0,0,0,0,0,1,0,1,0,1,267
1521,8,-7.4,58,2.2,1882,-14.2,0.01,0,0,0,0,0,1,0,1,0,1,558
1522,9,-6.5,54,1.2,1541,-14.2,0.22,0,0,0,0,0,1,0,1,0,1,280
1523,10,-4.1,43,1.2,1187,-14.8,0.59,0,0,0,0,0,1,0,1,0,1,187
1524,11,-1.4,37,1,1317,-14.2,0.91,0,0,0,0,0,1,0,1,0,1,234
1525,12,0.9,37,1.5,1283,-12.1,1.12,0,0,0,0,0,1,0,1,0,1,303
1526,13,1.6,29,2.2,1662,-14.5,1.2,0,0,0,0,0,1,0,1,0,1,294
1527,14,3.2,26,2.2,1499,-14.5,1.16,0,0,0,0,0,1,0,1,0,1,293
1528,15,3.6,26,2.4,1687,-14.1,0.99,0,0,0,0,0,1,0,1,0,1,310
1529,16,2.9,26,3,1968,-14.7,0.69,0,0,0,0,0,1,0,1,0,1,330
1530,17,2,25,2.3,1998,-16,0.34,0,0,0,0,0,1,0,1,0,1,382
1531,18,0.5,37,3,1733,-12.5,0.06,0,0,0,0,0,1,0,1,0,1,592
1532,19,-0.5,43,2.5,1666,-11.5,0,0,0,0,0,0,1,0,1,0,1,379
1533,20,-1.3,51,2.4,1481,-10.1,0,0,0,0,0,0,1,0,1,0,1,241
1534,21,-2,61,1.7,1655,-8.5,0,0,0,0,0,0,1,0,1,0,1,225
1535,22,-2.4,63,1.3,1523,-8.4,0,0,0,0,0,0,1,0,1,0,1,227
1536,23,-2.6,69,2,1434,-7.5,0,0,0,0,0,0,1,0,1,0,1,178
1537,0,-2.5,69,2.2,1366,-7.4,0,0,0,0,0,0,1,0,1,0,1,182
1538,1,-2.3,71,3.2,1078,-6.8,0,0,0,0,0,0,1,0,1,0,1,184
1539,2,-3.4,82,4.2,184,-6,0,0,0,0,0,0,1,0,1,0,1,123
1540,3,-4.4,80,4.3,346,-7.3,0,0.1,0.1,0,0,0,1,0,1,0,1,60
1541,4,-5.6,74,4,387,-9.5,0,0,0.2,0,0,0,1,0,1,0,1,35
1542,5,-6.3,65,3.9,1521,-11.8,0,0,0.3,0,0,0,1,0,1,0,1,31
1543,6,-7.8,57,4.8,1867,-14.8,0,0.4,0.3,0,0,0,1,0,1,0,1,33
1544,7,-8.8,58,4,1942,-15.5,0,0,0.3,0,0,0,1,0,1,0,1,67
1545,8,-9.5,56,3.5,1979,-16.6,0.01,0,0.3,0,0,0,1,0,1,0,1,116
1546,9,-9.4,47,3.3,1995,-18.6,0.42,0,0.3,0,0,0,1,0,1,0,1,168
1547,10,-8.5,43,4,1797,-18.8,1.09,0,0.2,0,0,0,1,0,1,0,1,144
1548,11,-7.7,41,4.6,1984,-18.7,1.65,0,0.2,0,0,0,1,0,1,0,1,195
1549,12,-6,38,3.4,1930,-18,2.04,0,0,0,0,0,1,0,1,0,1,192
1550,13,-5.8,38,3.7,1961,-17.8,2.25,0,0,0,0,0,1,0,1,0,1,229
1551,14,-5,31,4,2000,-19.5,2.18,0,0,0,0,0,1,0,1,0,1,196
1552,15,-4.5,31,4.3,1979,-19.1,1.91,0,0,0,0,0,1,0,1,0,1,210
1553,16,-4.2,31,3.5,1974,-18.8,1.42,0,0,0,0,0,1,0,1,0,1,205
1554,17,-5.6,32,4.6,2000,-19.7,0.53,0,0,0,0,0,1,0,1,0,1,211
1555,18,-6.6,36,4.4,2000,-19.2,0.15,0,0,0,0,0,1,0,1,0,1,175
1556,19,-7.6,32,4.8,2000,-21.4,0,0,0,0,0,0,1,0,1,0,1,135
1557,20,-8.5,31,4.1,2000,-22.6,0,0,0,0,0,0,1,0,1,0,1,109
1558,21,-9.1,38,2.7,2000,-20.8,0,0,0,0,0,0,1,0,1,0,1,107
1559,22,-9.7,45,3,2000,-19.4,0,0,0,0,0,0,1,0,1,0,1,92
1560,23,-10,48,2.6,2000,-18.9,0,0,0,0,0,0,1,0,1,0,1,91
1561,0,-10.4,49,2.4,2000,-19,0,0,0,0,0,0,1,0,1,0,1,98
1562,1,-10.5,48,3.1,2000,-19.4,0,0,0,0,0,0,1,0,1,0,1,90
1563,2,-10.5,49,2,2000,-19.1,0,0,0,0,0,0,1,0,1,0,1,60
1564,3,-10.6,47,3.7,2000,-19.7,0,0,0,0,0,0,1,0,1,0,1,54
1565,4,-11.2,47,2.3,2000,-20.3,0,0,0,0,0,0,1,0,1,0,1,35
1566,5,-11.5,51,3.3,1996,-19.6,0,0,0,0,0,0,1,0,1,0,1,21
1567,6,-11.8,54,2.4,1917,-19.2,0,0,0,0,0,0,1,0,1,0,1,23
1568,7,-12.4,54,2.5,1790,-19.8,0,0,0,0,0,0,1,0,1,0,1,34
1569,8,-12.8,56,2.4,1507,-19.7,0.02,0,0,0,0,0,1,0,1,0,1,70
1570,9,-12.4,51,3.8,1415,-20.4,0.38,0,0,0,0,0,1,0,1,0,1,97
1571,10,-11.2,43,3.5,1359,-21.3,1.04,0,0,0,0,0,1,0,1,0,1,103
1572,11,-9.7,37,2.8,1436,-21.6,1.57,0,0,0,0,0,1,0,1,0,1,115
1573,12,-8.3,32,1.8,1295,-22.1,1.99,0,0,0,0,0,1,0,1,0,1,165
1574,13,-8.3,34,4,1561,-21.4,2.22,0,0,0,0,0,1,0,1,0,1,152
1575,14,-7.4,33,4,1713,-20.9,2.17,0,0,0,0,0,1,0,1,0,1,177
1576,15,-6.4,30,4.9,1939,-21.1,1.89,0,0,0,0,0,1,0,1,0,1,190
1577,16,-5.4,29,3.6,1979,-20.6,1.4,0,0,0,0,0,1,0,1,0,1,181
1578,17,-5.9,27,3.6,1974,-21.9,0.81,0,0,0,0,0,1,0,1,0,1,184
1579,18,-7,26,4.1,2000,-23.3,0.16,0,0,0,0,0,1,0,1,0,1,154
1580,19,-7.7,31,3.3,2000,-21.9,0,0,0,0,0,0,1,0,1,0,1,124
1581,20,-8.2,28,3.5,2000,-23.5,0,0,0,0,0,0,1,0,1,0,1,98
1582,21,-8.9,35,3.2,2000,-21.6,0,0,0,0,0,0,1,0,1,0,1,107
1583,22,-9.7,45,1.3,2000,-19.4,0,0,0,0,0,0,1,0,1,0,1,78
1584,23,-10.3,48,2,2000,-19.2,0,0,0,0,0,0,1,0,1,0,1,77
1585,0,-10.5,52,2.4,2000,-18.4,0,0,0,0,0,0,1,0,1,0,1,82
1586,1,-11.2,54,1,2000,-18.6,0,0,0,0,0,0,1,0,1,0,1,52
1587,2,-11.2,55,1.5,2000,-18.4,0,0,0,0,0,0,1,0,1,0,1,39
1588,3,-11.3,54,0.6,2000,-18.7,0,0,0,0,0,0,1,0,1,0,1,33
1589,4,-11.7,51,1.2,2000,-19.8,0,0,0,0,0,0,1,0,1,0,1,20
1590,5,-11.6,45,2.4,2000,-21.1,0,0,0,0,0,0,1,0,1,0,1,37
1591,6,-11.5,40,2.3,2000,-22.4,0,0,0,0,0,0,1,0,1,0,1,110
1592,7,-11.6,44,1.6,2000,-21.4,0,0,0,0,0,0,1,0,1,0,1,227
1593,8,-11.5,40,2.8,2000,-22.4,0.02,0,0,0,0,0,1,0,1,0,1,433
1594,9,-11.1,38,2.4,1945,-22.6,0.43,0,0,0,0,0,1,0,1,0,1,216
1595,10,-9.6,32,3.7,2000,-23.2,1.14,0,0,0,0,0,1,0,1,0,1,123
1596,11,-8.5,27,4.7,1894,-24.2,1.73,0,0,0,0,0,1,0,1,0,1,156
1597,12,-7.8,28,4.1,2000,-23.1,2.12,0,0,0,0,0,1,0,1,0,1,157
1598,13,-7,25,4.2,1999,-23.7,2.29,0,0,0,0,0,1,0,1,0,1,169
1599,14,-6.4,24,4.6,1970,-23.7,2.23,0,0,0,0,0,1,0,1,0,1,170
1600,15,-5.7,25,4.4,1995,-22.6,1.94,0,0,0,0,0,1,0,1,0,1,169
1601,16,-5.4,25,3.4,1985,-22.3,1.44,0,0,0,0,0,1,0,1,0,1,199
1602,17,-6.4,28,4.5,2000,-21.9,0.81,0,0,0,0,0,1,0,1,0,1,225
1603,18,-7.6,29,3.5,2000,-22.6,0.16,0,0,0,0,0,1,0,1,0,1,388
1604,19,-8.3,29,4.1,2000,-23.2,0,0,0,0,0,0,1,0,1,0,1,246
1605,20,-9.1,35,3.8,2000,-21.7,0,0,0,0,0,0,1,0,1,0,1,206
1606,21,-9.8,41,3.9,1949,-20.6,0,0,0,0,0,0,1,0,1,0,1,177
1607,22,-10.3,43,3.7,1876,-20.5,0,0,0,0,0,0,1,0,1,0,1,183
1608,23,-10.5,47,2.8,1794,-19.6,0,0,0,0,0,0,1,0,1,0,1,115
1609,0,-10.6,47,3.5,1803,-19.7,0,0,0,0,0,0,1,0,1,0,1,126
1610,1,-10.9,36,3.3,2000,-23,0,0,0,0,0,0,1,0,1,0,1,87
1611,2,-11.2,36,2.9,1981,-23.3,0,0,0,0,0,0,1,0,1,0,1,59
1612,3,-11.6,35,3.2,1992,-24,0,0,0,0,0,0,1,0,1,0,1,36
1613,4,-12,36,2.7,1998,-24,0,0,0,0,0,0,1,0,1,0,1,32
1614,5,-12.3,37,2.9,2000,-24,0,0,0,0,0,0,1,0,1,0,1,40
1615,6,-12.5,40,3.4,1991,-23.3,0,0,0,0,0,0,1,0,1,0,1,94
1616,7,-12.7,41,3.7,1982,-23.2,0,0,0,0,0,0,1,0,1,0,1,213
1617,8,-12.7,41,3.1,2000,-23.2,0.02,0,0,0,0,0,1,0,1,0,1,438
1618,9,-12.3,39,3.7,1984,-23.4,0.45,0,0,0,0,0,1,0,1,0,1,217
1619,10,-11.3,35,4.2,1848,-23.7,1.15,0,0,0,0,0,1,0,1,0,1,128
1620,11,-9.9,32,3.3,1863,-23.5,1.72,0,0,0,0,0,1,0,1,0,1,175
1621,12,-8.2,31,2.7,1858,-22.3,2.09,0,0,0,0,0,1,0,1,0,1,172
1622,13,-7.5,28,4.3,1904,-22.9,2.3,0,0,0,0,0,1,0,1,0,1,165
1623,14,-7,26,4.4,1986,-23.3,2.24,0,0,0,0,0,1,0,1,0,1,147
1624,15,-5.9,25,3.1,1936,-22.8,1.93,0,0,0,0,0,1,0,1,0,1,171
1625,16,-5.9,24,3.5,2000,-23.2,1.44,0,0,0,0,0,1,0,1,0,1,175
1626,17,-6.6,29,2.5,2000,-21.7,0.68,0,0,0,0,0,1,0,1,0,1,227
1627,18,-7.6,36,3.3,2000,-20.1,0.11,0,0,0,0,0,1,0,1,0,1,392
1628,19,-8.4,37,4,2000,-20.5,0,0,0,0,0,0,1,0,1,0,1,251
1629,20,-9.6,34,2.6,2000,-22.5,0,0,0,0,0,0,1,0,1,0,1,193
1630,21,-10.6,39,3.1,2000,-21.9,0,0,0,0,0,0,1,0,1,0,1,175
1631,22,-11.1,43,1.8,1960,-21.2,0,0,0,0,0,0,1,0,1,0,1,169
1632,23,-11.8,46,1.1,1860,-21.1,0,0,0,0,0,0,1,0,1,0,1,106
1633,0,-12.3,47,0.4,1848,-21.3,0,0,0,0,0,0,1,0,1,0,1,116
1634,1,-12.3,47,1.9,1837,-21.3,0,0,0,0,0,0,1,0,1,0,1,96
1635,2,-12.5,50,1,1722,-20.8,0,0,0,0,0,0,1,0,1,0,1,83
1636,3,-12.5,49,1.5,1885,-21,0,0,0,0,0,0,1,0,1,0,1,51
1637,4,-13.1,54,0.7,1369,-20.4,0,0,0,0,0,0,1,0,1,0,1,34
1638,5,-13,53,0.7,1810,-20.5,0,0,0,0,0,0,1,0,1,0,1,45
1639,6,-13.2,50,0.5,1873,-21.4,0,0,0,0,0,0,1,0,1,0,1,92
1640,7,-13.2,56,0.9,1665,-20.1,0,0,0,0,0,0,1,0,1,0,1,214
1641,8,-13.3,60,0.6,1598,-19.4,0.02,0,0,0,0,0,1,0,1,0,1,469
1642,9,-12,50,1.3,1523,-20.3,0.43,0,0,0,0,0,1,0,1,0,1,237
1643,10,-9.6,39,0.7,1580,-21,1.06,0,0,0,0,0,1,0,1,0,1,155
1644,11,-7,28,3.3,1829,-22.4,1.56,0,0,0,0,0,1,0,1,0,1,176
1645,12,-6,24,2.6,1964,-23.3,1.97,0,0,0,0,0,1,0,1,0,1,188
1646,13,-4.5,23,2.6,1937,-22.5,2.12,0,0,0,0,0,1,0,1,0,1,228
1647,14,-3.5,20,1.5,1976,-23.2,2.02,0,0,0,0,0,1,0,1,0,1,199
1648,15,-2.1,20,2.3,1961,-22.1,1.87,0,0,0,0,0,1,0,1,0,1,221
1649,16,-1.7,18,2,1919,-22.9,1.41,0,0,0,0,0,1,0,1,0,1,240
1650,17,-2.3,20,2.2,1994,-22.2,0.77,0,0,0,0,0,1,0,1,0,1,320
1651,18,-4,27,2.5,2000,-20.2,0.16,0,0,0,0,0,1,0,1,0,1,448
1652,19,-5.2,33,2.6,2000,-19,0,0,0,0,0,0,1,0,1,0,1,280
1653,20,-5.8,44,2.1,1994,-16.1,0,0,0,0,0,0,1,0,1,0,1,218
1654,21,-6.3,48,2.2,1965,-15.5,0,0,0,0,0,0,1,0,1,0,1,223
1655,22,-6.8,50,1.7,1856,-15.5,0,0,0,0,0,0,1,0,1,0,1,200
1656,23,-7.6,50,1,1839,-16.2,0,0,0,0,0,0,1,0,1,0,1,164
1657,0,-8.2,50,1.1,1850,-16.8,0,0,0,0,0,0,1,0,1,0,1,136
1658,1,-8.5,60,1.2,1908,-14.8,0,0,0,0,0,0,1,0,1,0,1,126
1659,2,-8.3,65,0.4,1750,-13.7,0,0,0,0,0,0,1,0,1,0,1,103
1660,3,-8.6,64,0.9,1754,-14.1,0,0,0,0,0,0,1,0,1,0,1,57
1661,4,-9,54,0.6,1833,-16.6,0,0,0,0,0,0,1,0,1,0,1,46
1662,5,-9,56,0.4,1678,-16.1,0,0,0,0,0,0,1,0,1,0,1,39
1663,6,-9.3,61,0.7,1684,-15.4,0,0,0,0,0,0,1,0,1,0,1,99
1664,7,-9.6,67,1,1503,-14.5,0,0,0,0,0,0,1,0,1,0,1,255
1665,8,-9.7,65,0.8,1508,-15,0.02,0,0,0,0,0,1,0,1,0,1,507
1666,9,-8.5,55,1,1482,-15.9,0.4,0,0,0,0,0,1,0,1,0,1,270
1667,10,-6.3,46,1.3,1346,-16,1.01,0,0,0,0,0,1,0,1,0,1,160
1668,11,-3.1,39,1.2,1495,-15.1,1.54,0,0,0,0,0,1,0,1,0,1,217
1669,12,-1.5,35,1.2,1551,-15,1.9,0,0,0,0,0,1,0,1,0,1,253
1670,13,0.3,30,1.4,1697,-15.2,2.11,0,0,0,0,0,1,0,1,0,1,270
1671,14,0.9,25,2.4,1730,-16.9,2.09,0,0,0,0,0,1,0,1,0,1,253
1672,15,1.4,25,2.2,1686,-16.5,1.81,0,0,0,0,0,1,0,1,0,1,286
1673,16,2,25,2.3,1755,-16,1.3,0,0,0,0,0,1,0,1,0,1,284
1674,17,1.5,24,1.9,1788,-16.9,0.72,0,0,0,0,0,1,0,1,0,1,337
1675,18,-0.5,26,1.7,1999,-17.7,0.15,0,0,0,0,0,1,0,1,0,1,564
1676,19,-1.8,35,1.4,1558,-15.2,0,0,0,0,0,0,1,0,1,0,1,378
1677,20,-2.8,40,1.5,1593,-14.5,0,0,0,0,0,0,1,0,1,0,1,277
1678,21,-3.3,42,1.1,1596,-14.4,0,0,0,0,0,0,1,0,1,0,1,268
1679,22,-3.9,41,0.4,1462,-15.2,0,0,0,0,0,0,1,0,1,0,1,233
1680,23,-4.3,44,0.7,1247,-14.7,0,0,0,0,0,0,1,0,1,0,1,195
1681,0,-4.6,38,0.1,1551,-16.7,0,0,0,0,0,0,1,0,1,0,1,178
1682,1,-4.8,44,1.1,1432,-15.2,0,0,0,0,0,0,1,0,1,0,1,159
1683,2,-5.1,47,0.9,1460,-14.6,0,0,0,0,0,0,1,0,1,0,1,107
1684,3,-5.2,48,0.7,1309,-14.5,0,0,0,0,0,0,1,0,1,0,1,78
1685,4,-4.4,47,0.9,1343,-14,0,0,0,0,0,0,1,0,1,0,1,46
1686,5,-4.2,44,1.1,1196,-14.6,0,0,0,0,0,0,1,0,1,0,1,36
1687,6,-4,41,0.8,1242,-15.3,0,0,0,0,0,0,1,0,1,0,1,117
1688,7,-3.6,42,0.9,1258,-14.6,0,0,0,0,0,0,1,0,1,0,1,273
1689,8,-3.3,39,0.9,1279,-15.3,0.02,0,0,0,0,0,1,0,1,0,1,589
1690,9,-2.4,36,1.2,1276,-15.4,0.2,0,0,0,0,0,1,0,1,0,1,308
1691,10,-1.3,34,0.5,1192,-15.1,0.32,0,0,0,0,0,1,0,1,0,1,199
1692,11,-0.2,31,0.8,1269,-15.3,0.5,0,0,0,0,0,1,0,1,0,1,238
1693,12,1.6,28,0.5,1193,-14.9,0.88,0,0,0,0,0,1,0,1,0,1,260
1694,13,2.6,27,0.8,1120,-14.5,0.82,0,0,0,0,0,1,0,1,0,1,268
1695,14,4,25,0.9,1009,-14.3,1.06,0,0,0,0,0,1,0,1,0,1,283
1696,15,5,24,1,1037,-13.9,1.16,0,0,0,0,0,1,0,1,0,1,315
1697,16,6,28,1.7,1183,-11.1,1.03,0,0,0,0,0,1,0,1,0,1,319
1698,17,4.8,38,3,1582,-8.3,0.47,0,0,0,0,0,1,0,1,0,1,422
1699,18,4.1,40,2.1,1327,-8.3,0.1,0,0,0,0,0,1,0,1,0,1,659
1700,19,3.3,58,1.7,1024,-4.1,0,0,0,0,0,0,1,0,1,0,1,407
1701,20,3,61,1.9,842,-3.8,0,0,0,0,0,0,1,0,1,0,1,308
1702,21,2.9,63,1,786,-3.4,0,0,0,0,0,0,1,0,1,0,1,243
1703,22,2.5,66,1.1,759,-3.2,0,0,0,0,0,0,1,0,1,0,1,263
1704,23,2,70,0.7,689,-2.9,0,0,0,0,0,0,1,0,1,0,1,193
1705,0,1.5,71,1.1,590,-3.1,0,0,0,0,0,0,1,0,1,0,1,197
1706,1,1.7,71,1.2,584,-3,0,0,0,0,0,0,1,0,1,0,1,237
1707,2,1.9,71,1.5,584,-2.8,0,0,0,0,0,0,1,0,1,0,1,169
1708,3,2,71,1.2,534,-2.7,0,0,0,0,0,0,1,0,1,0,1,145
1709,4,1.9,74,1.2,514,-2.2,0,0,0,0,0,0,1,0,1,0,1,79
1710,5,1.8,75,2,484,-2.1,0,0,0,0,0,0,1,0,1,0,1,41
1711,6,1.6,78,1.6,448,-1.8,0,0,0,0,0,0,1,0,1,0,1,48
1712,7,1.6,81,1.4,393,-1.3,0,0,0,0,0,0,1,0,1,0,1,97
1713,8,1.6,82,1.3,349,-1.1,0.01,0,0,0,0,0,1,0,1,0,1,188
1714,9,1.6,78,2,260,-1.8,0.17,0,0,0,0,0,1,0,1,0,1,222
1715,10,1.8,73,2.8,270,-2.5,0.69,0,0,0,0,0,1,0,1,0,1,223
1716,11,2.6,62,2.9,294,-3.9,1.12,0,0,0,0,0,1,0,1,0,1,235
1717,12,2.9,53,4.7,354,-5.7,1.37,0,0,0,0,0,1,0,1,0,1,248
1718,13,2.8,31,4,967,-12.6,1.42,0,0,0,0,0,1,0,1,0,1,296
1719,14,2.2,24,4.5,1700,-16.3,1.66,0,0,0,0,0,1,0,1,0,1,286
1720,15,2,20,4.1,1942,-18.6,1.49,0,0,0,0,0,1,0,1,0,1,277
1721,16,0.3,17,4.9,2000,-21.9,0.87,0,0,0,0,0,1,0,1,0,1,291
1722,17,-0.9,19,5,2000,-21.6,0.48,0,0,0,0,0,1,0,1,0,1,277
1723,18,-2,15,5.6,2000,-25.2,0.13,0,0,0,0,0,1,0,1,0,1,216
1724,19,-3.1,14,5.1,2000,-26.9,0,0,0,0,0,0,1,0,1,0,1,151
1725,20,-4.4,19,5.8,2000,-24.6,0,0,0,0,0,0,1,0,1,0,1,132
1726,21,-5.6,28,4.1,2000,-21.2,0,0,0,0,0,0,1,0,1,0,1,124
1727,22,-6.2,32,3.5,2000,-20.2,0,0,0,0,0,0,1,0,1,0,1,128
1728,23,-6.7,35,2.1,2000,-19.6,0,0,0,0,0,0,1,0,1,0,1,118
1729,0,-6.9,36,2.1,2000,-19.5,0,0,0,0,0,0,1,0,1,0,1,112
1730,1,-7,38,2.6,2000,-18.9,0,0,0,0,0,0,1,0,1,0,1,95
1731,2,-7,42,1.6,2000,-17.7,0,0,0,0,0,0,1,0,1,0,1,93
1732,3,-7.2,43,2,2000,-17.6,0,0,0,0,0,0,1,0,1,0,1,58
1733,4,-7.5,42,2.4,1998,-18.2,0,0,0,0,0,0,1,0,1,0,1,34
1734,5,-7.8,39,2.8,2000,-19.3,0,0,0,0,0,0,1,0,1,0,1,19
1735,6,-8.4,33,1.4,1963,-21.8,0,0,0,0,0,0,1,0,1,0,1,39
1736,7,-9.2,34,2,1945,-22.2,0,0,0,0,0,0,1,0,1,0,1,40
1737,8,-9.4,29,1.9,1967,-24.1,0.03,0,0,0,0,0,1,0,1,0,1,81
1738,9,-8.6,28,1.5,1786,-23.8,0.49,0,0,0,0,0,1,0,1,0,1,126
1739,10,-6.9,21,3.4,1827,-25.6,1.16,0,0,0,0,0,1,0,1,0,1,130
1740,11,-5,25,3.2,1853,-22,1.75,0,0,0,0,0,1,0,1,0,1,155
1741,12,-3.9,28,2.9,1921,-19.7,2.12,0,0,0,0,0,1,0,1,0,1,174
1742,13,-2.4,28,3,1953,-18.4,2.35,0,0,0,0,0,1,0,1,0,1,212
1743,14,-2.2,29,4.1,1983,-17.8,1.93,0,0,0,0,0,1,0,1,0,1,191
1744,15,-2.6,31,2.7,1987,-17.4,1.36,0,0,0,0,0,1,0,1,0,1,181
1745,16,-3.6,36,4.4,2000,-16.5,0.67,0,0,0,0,0,1,0,1,0,1,175
1746,17,-4.2,47,2.7,2000,-13.8,0.31,0,0,0,0,0,1,0,1,0,1,198
1747,18,-4.6,56,3.6,2000,-12,0.09,0,0,0,0,0,1,0,1,0,1,150
1748,19,-5.2,66,3.1,2000,-10.5,0,0,0,0,0,0,1,0,1,0,1,147
1749,20,-5.7,67,2.6,2000,-10.8,0,0,0,0,0,0,1,0,1,0,1,127
1750,21,-5.6,69,2.2,1984,-10.3,0,0,0,0,0,0,1,0,1,0,1,119
1751,22,-5.8,57,3.2,1980,-12.9,0,0,0,0,0,0,1,0,1,0,1,103
1752,23,-7,49,3.4,1984,-15.9,0,0,0,0,0,0,1,0,1,0,1,91
1753,0,-7.7,52,3.2,1982,-15.8,0,0,0,0,0,0,1,0,1,0,1,103
1754,1,-7.9,52,3.7,1961,-16,0,0,0,0,0,0,1,0,1,0,1,69
1755,2,-8.3,49,2.7,2000,-17.1,0,0,0,0,0,0,1,0,1,0,1,45
1756,3,-8.5,35,2.7,2000,-21.2,0,0,0,0,0,0,1,0,1,0,1,21
1757,4,-8.6,31,3.5,2000,-22.7,0,0,0,0,0,0,1,0,1,0,1,33
1758,5,-9.2,37,1.1,2000,-21.2,0,0,0,0,0,0,1,0,1,0,1,30
1759,6,-9.5,36,1.5,2000,-21.8,0,0,0,0,0,0,1,0,1,0,1,109
1760,7,-9.5,35,1.1,2000,-22.1,0,0,0,0,0,0,1,0,1,0,1,236
1761,8,-9.1,33,2.1,1998,-22.4,0.03,0,0,0,0,0,1,0,1,0,1,517
1762,9,-8.4,28,2.2,1947,-23.7,0.49,0,0,0,0,0,1,0,1,0,1,262
1763,10,-6.7,23,2.4,1938,-24.4,1.25,0,0,0,0,0,1,0,1,0,1,161
1764,11,-6.1,25,2.8,1976,-22.9,1.28,0,0,0,0,0,1,0,1,0,1,190
1765,12,-4.6,32,4.2,1874,-18.8,1.43,0,0,0,0,0,1,0,1,0,1,202
1766,13,-2.7,29,2.9,1961,-18.3,2.29,0,0,0,0,0,1,0,1,0,1,246
1767,14,-2.4,30,3.4,1824,-17.6,2.08,0,0,0,0,0,1,0,1,0,1,182
1768,15,-2.1,30,3.9,1933,-17.3,2.22,0,0,0,0,0,1,0,1,0,1,228
1769,16,-2.4,33,4.5,1815,-16.5,1.55,0,0,0,0,0,1,0,1,0,1,239
1770,17,-3.1,36,4.4,1988,-16,0.89,0,0,0,0,0,1,0,1,0,1,288
1771,18,-4.4,46,3.5,2000,-14.3,0.23,0,0,0,0,0,1,0,1,0,1,475
1772,19,-4.9,52,2,2000,-13.2,0,0,0,0,0,0,1,0,1,0,1,340
1773,20,-4.7,55,1.7,2000,-12.3,0,0,0,0,0,0,1,0,1,0,1,244
1774,21,-4.3,59,3,1239,-11.1,0,0,0,0,0,0,1,0,1,0,1,253
1775,22,-4.2,57,1.7,2000,-11.4,0,0,0,0,0,0,1,0,1,0,1,200
1776,23,-4.4,58,2.4,2000,-11.4,0,0,0,0,0,0,1,0,1,0,1,140
1777,0,-5,60,1.8,1995,-11.5,0,0,0,0,0,0,1,0,1,0,1,158
1778,1,-5.5,60,1.3,1994,-12,0,0,0,0,0,0,1,0,1,0,1,146
1779,2,-6,58,2,2000,-12.9,0,0,0,0,0,0,1,0,1,0,1,106
1780,3,-6.2,61,1.3,1992,-12.5,0,0,0,0,0,0,1,0,1,0,1,70
1781,4,-6.4,62,1.8,1978,-12.4,0,0,0,0,0,0,1,0,1,0,1,46
1782,5,-6.7,64,1.6,1981,-12.3,0,0,0,0,0,0,1,0,1,0,1,51
1783,6,-7.1,70,1,1977,-11.6,0,0,0,0,0,0,1,0,1,0,1,96
1784,7,-7.2,70,1.9,1946,-11.7,0,0,0,0,0,0,1,0,1,0,1,294
1785,8,-7.1,68,0.6,1931,-12,0.03,0,0,0,0,0,1,0,1,0,1,568
1786,9,-5.9,52,1.4,1935,-14.1,0.53,0,0,0,0,0,1,0,1,0,1,285
1787,10,-2.4,41,1.5,1905,-13.8,1.19,0,0,0,0,0,1,0,1,0,1,200
1788,11,-0.3,40,3.4,1728,-12.2,1.73,0,0,0,0,0,1,0,1,0,1,252
1789,12,1,41,3.3,1794,-10.8,2.11,0,0,0,0,0,1,0,1,0,1,281
1790,13,2.6,40,3.5,1854,-9.6,2.28,0,0,0,0,0,1,0,1,0,1,256
1791,14,3.7,39,3.8,1908,-9,2.19,0,0,0,0,0,1,0,1,0,1,300
1792,15,3.7,40,5.3,1950,-8.6,1.96,0,0,0,0,0,1,0,1,0,1,295
1793,16,3.9,41,4,1973,-8.1,1.24,0,0,0,0,0,1,0,1,0,1,328
1794,17,3.5,46,3.1,1992,-7,0.39,0,0,0,0,0,1,0,1,0,1,410
1795,18,3.1,50,3.7,2000,-6.3,0.07,0,0,0,0,0,1,0,1,0,1,604
1796,19,2.4,57,3.2,1995,-5.2,0,0,0,0,0,0,1,0,1,0,1,406
1797,20,2.3,59,3.8,1981,-4.9,0,0,0,0,0,0,1,0,1,0,1,323
1798,21,2.6,57,3.8,2000,-5,0,0,0,0,0,0,1,0,1,0,1,290
1799,22,2.6,57,3.1,2000,-5,0,0,0,0,0,0,1,0,1,0,1,291
1800,23,2.4,59,3.2,2000,-4.8,0,0,0,0,0,0,1,0,1,0,1,211
1801,0,2,65,2.2,1885,-3.9,0,0,0,0,0,0,1,0,1,0,1,178
1802,1,1.3,67,1.2,1738,-4.1,0,0,0,0,0,0,1,0,1,0,1,213
1803,2,1.2,64,0.9,1680,-4.8,0,0,0,0,0,0,1,0,1,0,1,129
1804,3,1.1,65,1,1596,-4.7,0,0,0,0,0,0,1,0,1,0,1,101
1805,4,1.1,67,1.7,1506,-4.3,0,0,0,0,0,0,1,0,1,0,1,51
1806,5,1,68,0.6,1519,-4.2,0,0,0,0,0,0,1,0,1,0,1,56
1807,6,1.1,66,0.9,1550,-4.5,0,0,0,0,0,0,1,0,1,0,1,108
1808,7,1.3,66,1.1,1534,-4.3,0,0,0,0,0,0,1,0,1,0,1,292
1809,8,2.1,65,1.1,1559,-3.8,0.01,0,0,0,0,0,1,0,1,0,1,606
1810,9,3.9,64,2.9,1483,-2.3,0.18,0,0,0,0,0,1,0,1,0,1,326
1811,10,5.2,65,3.9,1313,-0.8,0.56,0,0,0,0,0,1,0,1,0,1,241
1812,11,6.3,67,3.5,1179,0.6,0.52,0,0,0,0,0,1,0,1,0,1,288
1813,12,6.9,67,3.9,986,1.1,0.42,0,0,0,0,0,1,0,1,0,1,312
1814,13,7.2,65,3.8,773,1,0.61,0,0,0,0,0,1,0,1,0,1,349
1815,14,7.8,57,3.5,675,-0.2,1.34,0,0,0,0,0,1,0,1,0,1,398
1816,15,8.7,48,4.1,767,-1.7,1.68,0,0,0,0,0,1,0,1,0,1,461
1817,16,8,36,3.5,1013,-6.1,1.09,0,0,0,0,0,1,0,1,0,1,447
1818,17,6.6,34,2.8,1300,-8.1,0.42,0,0,0,0,0,1,0,1,0,1,484
1819,18,5.1,34,2.3,1440,-9.5,0.09,0,0,0,0,0,1,0,1,0,1,559
1820,19,3.9,37,1.4,1417,-9.4,0,0,0,0,0,0,1,0,1,0,1,316
1821,20,2.8,29,2.8,1473,-13.5,0,0,0,0,0,0,1,0,1,0,1,262
1822,21,1.7,27,3.1,1734,-15.3,0,0,0,0,0,0,1,0,1,0,1,216
1823,22,0.3,33,4,1436,-14.1,0,0,0,0,0,0,1,0,1,0,1,218
1824,23,-0.3,35,2.1,1577,-13.9,0,0,0,0,0,0,1,0,1,0,1,160
1825,0,-0.7,37,3.5,1716,-13.6,0,0,0,0,0,0,1,1,0,0,1,126
1826,1,-1.1,38,2.8,1999,-13.6,0,0,0,0,0,0,1,1,0,0,1,123
1827,2,-1.2,35,2.2,2000,-14.7,0,0,0,0,0,0,1,1,0,0,1,112
1828,3,-1.4,34,2.1,2000,-15.2,0,0,0,0,0,0,1,1,0,0,1,74
1829,4,-1.9,34,3,2000,-15.7,0,0,0,0,0,0,1,1,0,0,1,58
1830,5,-2.4,33,3.1,2000,-16.5,0,0,0,0,0,0,1,1,0,0,1,32
1831,6,-2.6,38,1,2000,-15,0,0,0,0,0,0,1,1,0,0,1,39
1832,7,-3,40,0.9,2000,-14.7,0,0,0,0,0,0,1,1,0,0,1,55
1833,8,-3,38,1,2000,-15.4,0,0,0,0,0,0,1,1,0,0,1,112
1834,9,-3.5,30,1.5,1980,-18.6,0,0,0,0,0,0,1,1,0,0,1,112
1835,10,-1.6,26,1.9,1980,-18.6,1.29,0,0,0,0,0,1,1,0,0,1,127
1836,11,0.1,22,2,2000,-19.1,1.84,0,0,0,0,0,1,1,0,0,1,170
1837,12,1.7,20,3,1983,-18.9,2.28,0,0,0,0,0,1,1,0,0,1,174
1838,13,2.2,18,3.4,1942,-19.7,2.3,0,0,0,0,0,1,1,0,0,1,240
1839,14,2.9,14,4.3,2000,-22,2.29,0,0,0,0,0,1,1,0,0,1,270
1840,15,3.8,17,3.2,2000,-19,1.97,0,0,0,0,0,1,1,0,0,1,276
1841,16,3.2,16,3,2000,-20.2,1.45,0,0,0,0,0,1,1,0,0,1,273
1842,17,2.4,17,3.1,1990,-20.2,0.78,0,0,0,0,0,1,1,0,0,1,236
1843,18,1.1,18,2.5,2000,-20.6,0.2,0,0,0,0,0,1,1,0,0,1,190
1844,19,0.1,21,2.9,2000,-19.7,0,0,0,0,0,0,1,1,0,0,1,166
1845,20,-0.4,27,2.2,2000,-17.1,0,0,0,0,0,0,1,1,0,0,1,148
1846,21,-1.1,32,2.4,2000,-15.7,0,0,0,0,0,0,1,1,0,0,1,134
1847,22,-1.9,30,0.8,2000,-17.2,0,0,0,0,0,0,1,1,0,0,1,145
1848,23,-2.5,31,1.4,1996,-17.3,0,0,0,0,0,0,1,1,0,0,1,92
1849,0,-3.3,35,1.8,1977,-16.6,0,0,0,0,0,0,1,1,0,0,1,105
1850,1,-3.6,35,2,1943,-16.8,0,0,0,0,0,0,1,1,0,0,1,77
1851,2,-4.1,38,1.2,1996,-16.3,0,0,0,0,0,0,1,1,0,0,1,47
1852,3,-4.4,37,1.7,1989,-16.9,0,0,0,0,0,0,1,1,0,0,1,36
1853,4,-4.5,42,1.4,1944,-15.5,0,0,0,0,0,0,1,1,0,0,1,35
1854,5,-5,44,0.9,1976,-15.3,0,0,0,0,0,0,1,1,0,0,1,28
1855,6,-5.2,42,0.7,1980,-16.1,0,0,0,0,0,0,1,1,0,0,1,30
1856,7,-5.4,41,0.3,2000,-16.6,0,0,0,0,0,0,1,1,0,0,1,49
1857,8,-5.4,38,0.7,2000,-17.5,0.04,0,0,0,0,0,1,1,0,0,1,68
1858,9,-4.3,33,0.7,1923,-18.2,0.6,0,0,0,0,0,1,1,0,0,1,48
1859,10,-1.3,32,1.5,1933,-15.9,1.24,0,0,0,0,0,1,1,0,0,1,78
1860,11,1,25,1.4,1782,-16.8,1.7,0,0,0,0,0,1,1,0,0,1,93
1861,12,2.2,19,1.4,1946,-19.1,2.01,0,0,0,0,0,1,1,0,0,1,137
1862,13,3.5,17,3.2,1971,-19.3,2.2,0,0,0,0,0,1,1,0,0,1,169
1863,14,4.2,18,3.3,1976,-18,2.25,0,0,0,0,0,1,1,0,0,1,196
1864,15,4,26,3.5,2000,-13.8,1.75,0,0,0,0,0,1,1,0,0,1,243
1865,16,3.3,38,3.8,1921,-9.6,1.33,0,0,0,0,0,1,1,0,0,1,189
1866,17,2.5,48,4.2,1979,-7.4,0.76,0,0,0,0,0,1,1,0,0,1,210
1867,18,1.4,56,3.2,1932,-6.4,0.22,0,0,0,0,0,1,1,0,0,1,165
1868,19,0.6,59,2.3,1939,-6.5,0,0,0,0,0,0,1,1,0,0,1,126
1869,20,0.2,61,1.9,1956,-6.4,0,0,0,0,0,0,1,1,0,0,1,150
1870,21,0.1,67,2.5,1451,-5.3,0,0,0,0,0,0,1,1,0,0,1,114
1871,22,-0.6,70,3.4,1204,-5.4,0,0,0,0,0,0,1,1,0,0,1,116
1872,23,-2,51,3.2,1336,-10.8,0,0,0,0,0,0,1,1,0,0,1,84
1873,0,-2.7,41,3.2,1695,-14.1,0,0,0,0,0,0,1,1,0,0,1,79
1874,1,-3.1,36,3.5,2000,-16,0,0,0,0,0,0,1,1,0,0,1,71
1875,2,-3.8,30,3.9,2000,-18.8,0,0,0,0,0,0,1,1,0,0,1,56
1876,3,-4.5,28,3,2000,-20.3,0,0,0,0,0,0,1,1,0,0,1,34
1877,4,-5.2,28,2.5,2000,-20.9,0,0,0,0,0,0,1,1,0,0,1,20
1878,5,-5.7,31,2.3,1999,-20.1,0,0,0,0,0,0,1,1,0,0,1,14
1879,6,-6.2,32,2.5,2000,-20.2,0,0,0,0,0,0,1,1,0,0,1,39
1880,7,-6.8,32,1.6,2000,-20.7,0,0,0,0,0,0,1,1,0,0,1,35
1881,8,-7.1,30,1.7,1991,-21.7,0.04,0,0,0,0,0,1,1,0,0,1,80
1882,9,-6.5,26,2.4,1874,-22.8,0.64,0,0,0,0,0,1,1,0,0,1,98
1883,10,-4.3,21,1.4,1908,-23.4,1.34,0,0,0,0,0,1,1,0,0,1,103
1884,11,-2.8,19,2.6,1957,-23.2,1.91,0,0,0,0,0,1,1,0,0,1,155
1885,12,-1.3,17,1.5,1998,-23.2,2.28,0,0,0,0,0,1,1,0,0,1,183
1886,13,-0.4,15,2.4,1938,-23.9,2.46,0,0,0,0,0,1,1,0,0,1,193
1887,14,-0.1,15,4,2000,-23.7,2.39,0,0,0,0,0,1,1,0,0,1,258
1888,15,1,14,4.6,2000,-23.5,2.12,0,0,0,0,0,1,1,0,0,1,273
1889,16,1.3,15,4.2,2000,-22.5,1.63,0,0,0,0,0,1,1,0,0,1,267
1890,17,0.6,17,3.3,2000,-21.7,0.79,0,0,0,0,0,1,1,0,0,1,250
1891,18,-0.3,17,1.9,2000,-22.4,0.2,0,0,0,0,0,1,1,0,0,1,223
1892,19,-1.5,32,2.5,2000,-16,0,0,0,0,0,0,1,1,0,0,1,169
1893,20,-2.1,38,2,2000,-14.5,0,0,0,0,0,0,1,1,0,0,1,145
1894,21,-2.3,38,2.3,2000,-14.7,0,0,0,0,0,0,1,1,0,0,1,133
1895,22,-2.7,42,2.2,2000,-13.8,0,0,0,0,0,0,1,1,0,0,1,123
1896,23,-2.9,31,3.8,2000,-17.7,0,0,0,0,0,0,1,1,0,0,1,117
1897,0,-3.6,33,1.7,2000,-17.5,0,0,0,0,0,0,1,0,1,0,1,99
1898,1,-4.4,33,1.4,2000,-18.2,0,0,0,0,0,0,1,0,1,0,1,103
1899,2,-4.7,33,0.1,2000,-18.5,0,0,0,0,0,0,1,0,1,0,1,86
1900,3,-4.5,26,0,2000,-21.1,0,0,0,0,0,0,1,0,1,0,1,56
1901,4,-4.1,27,0.6,2000,-20.3,0,0,0,0,0,0,1,0,1,0,1,37
1902,5,-4,28,0.5,2000,-19.8,0,0,0,0,0,0,1,0,1,0,1,22
1903,6,-4.1,30,1.1,2000,-19.1,0,0,0,0,0,0,1,0,1,0,1,38
1904,7,-4.6,31,1.2,2000,-19.2,0,0,0,0,0,0,1,0,1,0,1,52
1905,8,-4.8,31,0.8,2000,-19.3,0.02,0,0,0,0,0,1,0,1,0,1,92
1906,9,-4.1,30,0.5,2000,-19.1,0.28,0,0,0,0,0,1,0,1,0,1,137
1907,10,-1.8,23,0.6,2000,-20.2,0.8,0,0,0,0,0,1,0,1,0,1,156
1908,11,0,20,0.8,1975,-20.3,1.05,0,0,0,0,0,1,0,1,0,1,183
1909,12,2.2,17,1,1979,-20.4,1.75,0,0,0,0,0,1,0,1,0,1,263
1910,13,3.7,17,1.4,2000,-19.1,1.98,0,0,0,0,0,1,0,1,0,1,337
1911,14,4.1,17,1.8,1996,-18.8,1.87,0,0,0,0,0,1,0,1,0,1,372
1912,15,5,16,2,1970,-18.8,1.42,0,0,0,0,0,1,0,1,0,1,440
1913,16,5.1,16,1.8,1998,-18.7,1.17,0,0,0,0,0,1,0,1,0,1,404
1914,17,4.2,17,2.5,1990,-18.7,0.66,0,0,0,0,0,1,0,1,0,1,354
1915,18,2.8,25,3,2000,-15.3,0.22,0,0,0,0,0,1,0,1,0,1,310
1916,19,1.5,30,2.6,2000,-14.2,0,0,0,0,0,0,1,0,1,0,1,238
1917,20,0.6,33,1.9,2000,-13.8,0,0,0,0,0,0,1,0,1,0,1,213
1918,21,0.2,32,1.1,1951,-14.5,0,0,0,0,0,0,1,0,1,0,1,226
1919,22,-0.3,34,1.6,1981,-14.2,0,0,0,0,0,0,1,0,1,0,1,191
1920,23,-0.7,37,0.9,1814,-13.6,0,0,0,0,0,0,1,0,1,0,1,153
1921,0,-1.1,39,1.7,1832,-13.3,0,0,0,0,0,0,1,0,1,0,1,148
1922,1,-1.4,42,1.1,1805,-12.6,0,0,0,0,0,0,1,0,1,0,1,101
1923,2,-1.4,41,1.1,1582,-12.9,0,0,0,0,0,0,1,0,1,0,1,59
1924,3,-1.4,41,1.6,1870,-12.9,0,0,0,0,0,0,1,0,1,0,1,42
1925,4,-1.9,44,0.7,1907,-12.5,0,0,0,0,0,0,1,0,1,0,1,50
1926,5,-1.8,44,0.5,1862,-12.4,0,0,0,0,0,0,1,0,1,0,1,59
1927,6,-1.4,46,0.3,1651,-11.5,0,0,0,0,0,0,1,0,1,0,1,139
1928,7,-0.9,45,0.9,1820,-11.3,0,0,0,0,0,0,1,0,1,0,1,349
1929,8,-1.2,51,0.8,1800,-10,0.05,0,0,0,0,0,1,0,1,0,1,646
1930,9,-0.6,43,0.5,1596,-11.6,0.52,0,0,0,0,0,1,0,1,0,1,347
1931,10,2.6,45,1.2,1230,-8.1,1.17,0,0,0,0,0,1,0,1,0,1,235
1932,11,4.3,44,2.3,1091,-6.9,1.77,0,0,0,0,0,1,0,1,0,1,314
1933,12,4.7,43,2.1,1131,-6.8,1.38,0,0,0,0,0,1,0,1,0,1,361
1934,13,5.1,41,1.8,1097,-7,1.03,0,0,0,0,0,1,0,1,0,1,332
1935,14,5.6,38,1.6,1087,-7.6,1.1,0,0,0,0,0,1,0,1,0,1,373
1936,15,6.3,35,2.6,991,-8,1.2,0,0,0,0,0,1,0,1,0,1,392
1937,16,6.3,35,2.9,1117,-8,1.1,0,0,0,0,0,1,0,1,0,1,403
1938,17,5.7,36,3,1073,-8.2,0.57,0,0,0,0,0,1,0,1,0,1,522
1939,18,4.7,43,2.4,938,-6.8,0.19,0,0,0,0,0,1,0,1,0,1,819
1940,19,3.6,55,1.6,728,-4.6,0,0,0,0,0,0,1,0,1,0,1,533
1941,20,2.4,60,1.9,661,-4.5,0,0,0,0,0,0,1,0,1,0,1,417
1942,21,1.8,63,1.2,604,-4.5,0,0,0,0,0,0,1,0,1,0,1,388
1943,22,1,69,0.7,525,-4,0,0,0,0,0,0,1,0,1,0,1,357
1944,23,0.5,73,1.5,465,-3.7,0,0,0,0,0,0,1,0,1,0,1,218
1945,0,0,75,2.3,394,-3.9,0,0,0,0,0,0,1,0,1,0,1,177
1946,1,-0.5,76,1.6,402,-4.2,0,0,0,0,0,0,1,0,1,0,1,172
1947,2,-0.8,76,0.8,421,-4.5,0,0,0,0,0,0,1,0,1,0,1,115
1948,3,-1.3,80,0.7,392,-4.3,0,0,0,0,0,0,1,0,1,0,1,63
1949,4,-1.6,83,0.6,368,-4.1,0,0,0,0,0,0,1,0,1,0,1,64
1950,5,-1.8,82,1.3,375,-4.4,0,0,0,0,0,0,1,0,1,0,1,79
1951,6,-2.1,82,1.8,381,-4.7,0,0,0,0,0,0,1,0,1,0,1,164
1952,7,-2.2,76,1.9,527,-5.8,0,0,0,0,0,0,1,0,1,0,1,404
1953,8,-2.1,71,1.7,610,-6.6,0.06,0,0,0,0,0,1,0,1,0,1,727
1954,9,-1.4,56,1.4,709,-9,0.54,0,0,0,0,0,1,0,1,0,1,384
1955,10,1.1,38,3.1,1184,-11.6,1.13,0,0,0,0,0,1,0,1,0,1,265
1956,11,2.8,35,3.9,1265,-11.1,1.71,0,0,0,0,0,1,0,1,0,1,322
1957,12,4,23,3.5,1785,-15.3,2.03,0,0,0,0,0,1,0,1,0,1,356
1958,13,4.2,22,3.9,1812,-15.6,2.21,0,0,0,0,0,1,0,1,0,1,370
1959,14,5,20,3.7,1866,-16.1,2.12,0,0,0,0,0,1,0,1,0,1,335
1960,15,5.4,18,3.7,1940,-17,1.82,0,0,0,0,0,1,0,1,0,1,431
1961,16,5.1,17,3.4,2000,-18,1.2,0,0,0,0,0,1,0,1,0,1,393
1962,17,3.9,19,3.6,2000,-17.6,0.58,0,0,0,0,0,1,0,1,0,1,514
1963,18,3.2,20,2.9,2000,-17.6,0.16,0,0,0,0,0,1,0,1,0,1,764
1964,19,2.5,21,2.2,2000,-17.6,0,0,0,0,0,0,1,0,1,0,1,522
1965,20,1.8,19,3.1,2000,-19.4,0,0,0,0,0,0,1,0,1,0,1,358
1966,21,1.1,21,1.6,2000,-18.8,0,0,0,0,0,0,1,0,1,0,1,415
1967,22,0.5,22,2.9,2000,-18.8,0,0,0,0,0,0,1,0,1,0,1,319
1968,23,-0.5,26,3.3,2000,-17.7,0,0,0,0,0,0,1,0,1,0,1,242
1969,0,-1.4,28,3.4,1990,-17.6,0,0,0,0,0,0,1,0,1,0,1,171
1970,1,-2.2,31,1.1,1970,-17,0,0,0,0,0,0,1,0,1,0,1,162
1971,2,-2.9,31,1.6,1931,-17.7,0,0,0,0,0,0,1,0,1,0,1,105
1972,3,-3.4,32,0.9,1977,-17.7,0,0,0,0,0,0,1,0,1,0,1,59
1973,4,-3.8,32,1.1,2000,-18.1,0,0,0,0,0,0,1,0,1,0,1,50
1974,5,-4,35,1.8,2000,-17.2,0,0,0,0,0,0,1,0,1,0,1,63
1975,6,-4,34,3.4,2000,-17.5,0,0,0,0,0,0,1,0,1,0,1,159
1976,7,-4.1,35,3.5,1980,-17.3,0,0,0,0,0,0,1,0,1,0,1,385
1977,8,-4.3,36,1.9,1955,-17.1,0.06,0,0,0,0,0,1,0,1,0,1,718
1978,9,-3.8,28,1.7,1904,-19.6,0.63,0,0,0,0,0,1,0,1,0,1,373
1979,10,-1.8,25,2.6,1913,-19.2,1.17,0,0,0,0,0,1,0,1,0,1,244
1980,11,0.2,22,2.2,1907,-19,1.57,0,0,0,0,0,1,0,1,0,1,276
1981,12,2.2,17,2,1824,-20.4,1.99,0,0,0,0,0,1,0,1,0,1,351
1982,13,2.9,14,3.3,2000,-22,2.14,0,0,0,0,0,1,0,1,0,1,299
1983,14,3.3,14,2.9,1985,-21.7,2.49,0,0,0,0,0,1,0,1,0,1,365
1984,15,4.2,15,2.7,1995,-20.2,2.21,0,0,0,0,0,1,0,1,0,1,366
1985,16,3.7,14,3.9,2000,-21.4,1.71,0,0,0,0,0,1,0,1,0,1,409
1986,17,3.1,14,3.7,2000,-21.9,1,0,0,0,0,0,1,0,1,0,1,469
1987,18,1.8,16,3.4,2000,-21.4,0.31,0,0,0,0,0,1,0,1,0,1,784
1988,19,-0.1,39,2.8,2000,-12.4,0,0,0,0,0,0,1,0,1,0,1,460
1989,20,-1.1,43,1.5,2000,-12.1,0,0,0,0,0,0,1,0,1,0,1,356
1990,21,-1.6,52,2.2,2000,-10.1,0,0,0,0,0,0,1,0,1,0,1,345
1991,22,-2.2,55,1.4,2000,-10,0,0,0,0,0,0,1,0,1,0,1,299
1992,23,-2.7,58,1.1,2000,-9.8,0,0,0,0,0,0,1,0,1,0,1,223
1993,0,-2.7,58,1.7,2000,-9.8,0,0,0,0,0,0,1,0,1,0,1,195
1994,1,-2.2,58,1,2000,-9.3,0,0,0,0,0,0,1,0,1,0,1,190
1995,2,-2.9,57,0,1985,-10.2,0,0,0,0,0,0,1,0,1,0,1,116
1996,3,-2.8,57,0.5,1995,-10.1,0,0,0,0,0,0,1,0,1,0,1,71
1997,4,-2.4,58,0.3,2000,-9.5,0,0,0,0,0,0,1,0,1,0,1,66
1998,5,-2.4,59,1.1,1984,-9.3,0,0,0,0,0,0,1,0,1,0,1,75
1999,6,-3,62,0.8,1996,-9.2,0,0,0,0,0,0,1,0,1,0,1,151
2000,7,-3.7,64,0.7,1891,-9.5,0,0,0,0,0,0,1,0,1,0,1,373
