time_index,lagging_current_reactive_power_kvarh,leading_current_reactive_power_kvarh,lagging_current_power_factor,leading_current_power_factor,nsm,month,day,hour,day_of_week_num,weekstatus_weekday,weekstatus_weekend,day_of_week_friday,day_of_week_monday,day_of_week_saturday,day_of_week_sunday,day_of_week_thursday,day_of_week_tuesday,day_of_week_wednesday,usage_kwh
1,2.95,0.0,73.21,100.0,900,1,1,0,0,1,0,0,1,0,0,0,0,0,3.17
2,4.46,0.0,66.77,100.0,1800,1,1,0,0,1,0,0,1,0,0,0,0,0,4.0
3,3.28,0.0,70.28,100.0,2700,1,1,0,0,1,0,0,1,0,0,0,0,0,3.24
4,3.56,0.0,68.09,100.0,3600,1,1,1,0,1,0,0,1,0,0,0,0,0,3.31
5,4.5,0.0,64.72,100.0,4500,1,1,1,0,1,0,0,1,0,0,0,0,0,3.82
6,3.56,0.0,67.76,100.0,5400,1,1,1,0,1,0,0,1,0,0,0,0,0,3.28
7,4.14,0.0,65.62,100.0,6300,1,1,1,0,1,0,0,1,0,0,0,0,0,3.6
8,4.28,0.0,64.37,100.0,7200,1,1,2,0,1,0,0,1,0,0,0,0,0,3.6
9,3.64,0.0,66.94,100.0,8100,1,1,2,0,1,0,0,1,0,0,0,0,0,3.28
10,4.72,0.0,62.51,100.0,9000,1,1,2,0,1,0,0,1,0,0,0,0,0,3.78
11,4.03,0.0,65.14,100.0,9900,1,1,2,0,1,0,0,1,0,0,0,0,0,3.46
12,3.64,0.0,66.49,100.0,10800,1,1,3,0,1,0,0,1,0,0,0,0,0,3.24
13,4.97,0.0,62.32,100.0,11700,1,1,3,0,1,0,0,1,0,0,0,0,0,3.96
14,3.74,0.0,66.27,100.0,12600,1,1,3,0,1,0,0,1,0,0,0,0,0,3.31
15,3.85,0.0,65.19,100.0,13500,1,1,3,0,1,0,0,1,0,0,0,0,0,3.31
16,5.0,0.0,61.4,100.0,14400,1,1,4,0,1,0,0,1,0,0,0,0,0,3.89
17,3.82,0.0,65.14,100.0,15300,1,1,4,0,1,0,0,1,0,0,0,0,0,3.28
18,4.28,0.0,63.95,100.0,16200,1,1,4,0,1,0,0,1,0,0,0,0,0,3.56
19,4.54,0.0,63.58,100.0,17100,1,1,4,0,1,0,0,1,0,0,0,0,0,3.74
20,3.6,0.0,67.68,100.0,18000,1,1,5,0,1,0,0,1,0,0,0,0,0,3.31
21,4.07,0.0,65.84,100.0,18900,1,1,5,0,1,0,0,1,0,0,0,0,0,3.56
22,4.1,0.0,65.56,100.0,19800,1,1,5,0,1,0,0,1,0,0,0,0,0,3.56
23,3.49,0.0,68.48,100.0,20700,1,1,5,0,1,0,0,1,0,0,0,0,0,3.28
24,4.32,0.0,65.85,100.0,21600,1,1,6,0,1,0,0,1,0,0,0,0,0,3.78
25,3.64,0.0,67.72,100.0,22500,1,1,6,0,1,0,0,1,0,0,0,0,0,3.35
26,3.35,0.0,69.52,100.0,23400,1,1,6,0,1,0,0,1,0,0,0,0,0,3.24
27,4.46,0.0,65.73,100.0,24300,1,1,6,0,1,0,0,1,0,0,0,0,0,3.89
28,3.53,0.0,68.4,100.0,25200,1,1,7,0,1,0,0,1,0,0,0,0,0,3.31
29,3.49,0.0,68.48,100.0,26100,1,1,7,0,1,0,0,1,0,0,0,0,0,3.28
30,4.75,0.0,62.97,100.0,27000,1,1,7,0,1,0,0,1,0,0,0,0,0,3.85
31,3.6,0.0,66.44,100.0,27900,1,1,7,0,1,0,0,1,0,0,0,0,0,3.2
32,3.78,0.0,65.88,100.0,28800,1,1,8,0,1,0,0,1,0,0,0,0,0,3.31
33,4.75,0.0,62.27,100.0,29700,1,1,8,0,1,0,0,1,0,0,0,0,0,3.78
34,3.74,0.0,65.94,100.0,30600,1,1,8,0,1,0,0,1,0,0,0,0,0,3.28
35,4.46,0.18,61.63,99.87,31500,1,1,8,0,1,0,0,1,0,0,0,0,0,3.49
36,0.0,15.66,100.0,24.11,32400,1,1,9,0,1,0,0,1,0,0,0,0,0,3.89
37,0.0,16.96,100.0,20.76,33300,1,1,9,0,1,0,0,1,0,0,0,0,0,3.6
38,0.0,21.28,100.0,18.61,34200,1,1,9,0,1,0,0,1,0,0,0,0,0,4.03
39,0.0,19.22,100.0,19.98,35100,1,1,9,0,1,0,0,1,0,0,0,0,0,3.92
40,0.0,16.88,100.0,21.08,36000,1,1,10,0,1,0,0,1,0,0,0,0,0,3.64
41,0.0,22.32,100.0,17.94,36900,1,1,10,0,1,0,0,1,0,0,0,0,0,4.07
42,0.0,18.0,100.0,20.19,37800,1,1,10,0,1,0,0,1,0,0,0,0,0,3.71
43,0.0,16.92,100.0,20.81,38700,1,1,10,0,1,0,0,1,0,0,0,0,0,3.6
44,0.0,23.4,100.0,17.71,39600,1,1,11,0,1,0,0,1,0,0,0,0,0,4.21
45,0.0,5.65,100.0,52.55,40500,1,1,11,0,1,0,0,1,0,0,0,0,0,3.49
46,0.0,4.82,100.0,58.31,41400,1,1,11,0,1,0,0,1,0,0,0,0,0,3.46
47,0.0,6.7,100.0,51.26,42300,1,1,11,0,1,0,0,1,0,0,0,0,0,4.0
48,0.0,4.57,100.0,60.69,43200,1,1,12,0,1,0,0,1,0,0,0,0,0,3.49
49,0.0,12.89,100.0,26.9,44100,1,1,12,0,1,0,0,1,0,0,0,0,0,3.6
50,0.0,23.15,100.0,18.06,45000,1,1,12,0,1,0,0,1,0,0,0,0,0,4.25
51,0.0,16.67,100.0,21.5,45900,1,1,12,0,1,0,0,1,0,0,0,0,0,3.67
52,0.0,16.63,100.0,21.55,46800,1,1,13,0,1,0,0,1,0,0,0,0,0,3.67
53,0.0,23.33,100.0,17.92,47700,1,1,13,0,1,0,0,1,0,0,0,0,0,4.25
54,0.0,16.74,100.0,21.25,48600,1,1,13,0,1,0,0,1,0,0,0,0,0,3.64
55,0.0,16.99,100.0,21.11,49500,1,1,13,0,1,0,0,1,0,0,0,0,0,3.67
56,0.0,23.4,100.0,17.99,50400,1,1,14,0,1,0,0,1,0,0,0,0,0,4.28
57,0.0,16.67,100.0,21.33,51300,1,1,14,0,1,0,0,1,0,0,0,0,0,3.64
58,0.0,18.25,100.0,20.28,52200,1,1,14,0,1,0,0,1,0,0,0,0,0,3.78
59,0.0,22.1,100.0,18.24,53100,1,1,14,0,1,0,0,1,0,0,0,0,0,4.1
60,0.0,16.7,100.0,21.3,54000,1,1,15,0,1,0,0,1,0,0,0,0,0,3.64
61,0.0,19.33,100.0,19.87,54900,1,1,15,0,1,0,0,1,0,0,0,0,0,3.92
62,0.0,21.35,100.0,18.86,55800,1,1,15,0,1,0,0,1,0,0,0,0,0,4.1
63,0.0,16.81,100.0,20.94,56700,1,1,15,0,1,0,0,1,0,0,0,0,0,3.6
64,0.0,20.45,100.0,19.01,57600,1,1,16,0,1,0,0,1,0,0,0,0,0,3.96
65,0.0,20.77,100.0,18.91,58500,1,1,16,0,1,0,0,1,0,0,0,0,0,4.0
66,0.0,16.81,100.0,20.94,59400,1,1,16,0,1,0,0,1,0,0,0,0,0,3.6
67,0.0,21.64,100.0,18.48,60300,1,1,16,0,1,0,0,1,0,0,0,0,0,4.07
68,0.0,19.19,100.0,19.52,61200,1,1,17,0,1,0,0,1,0,0,0,0,0,3.82
69,0.0,16.96,100.0,20.54,62100,1,1,17,0,1,0,0,1,0,0,0,0,0,3.56
70,0.0,23.51,100.0,17.18,63000,1,1,17,0,1,0,0,1,0,0,0,0,0,4.1
71,0.0,17.39,100.0,20.27,63900,1,1,17,0,1,0,0,1,0,0,0,0,0,3.6
72,0.0,17.35,100.0,20.32,64800,1,1,18,0,1,0,0,1,0,0,0,0,0,3.6
73,0.0,8.96,100.0,40.77,65700,1,1,18,0,1,0,0,1,0,0,0,0,0,4.0
74,0.0,5.47,100.0,53.01,66600,1,1,18,0,1,0,0,1,0,0,0,0,0,3.42
75,0.0,16.24,100.0,22.04,67500,1,1,18,0,1,0,0,1,0,0,0,0,0,3.67
76,0.0,22.57,100.0,17.75,68400,1,1,19,0,1,0,0,1,0,0,0,0,0,4.07
77,0.0,17.39,100.0,19.89,69300,1,1,19,0,1,0,0,1,0,0,0,0,0,3.53
78,0.0,20.74,100.0,18.25,70200,1,1,19,0,1,0,0,1,0,0,0,0,0,3.85
79,0.0,20.88,100.0,18.63,71100,1,1,19,0,1,0,0,1,0,0,0,0,0,3.96
80,0.0,17.35,100.0,20.1,72000,1,1,20,0,1,0,0,1,0,0,0,0,0,3.56
81,0.0,22.54,100.0,17.6,72900,1,1,20,0,1,0,0,1,0,0,0,0,0,4.03
82,0.0,19.55,100.0,18.79,73800,1,1,20,0,1,0,0,1,0,0,0,0,0,3.74
83,0.0,17.42,100.0,20.02,74700,1,1,20,0,1,0,0,1,0,0,0,0,0,3.56
84,0.0,24.26,100.0,17.1,75600,1,1,21,0,1,0,0,1,0,0,0,0,0,4.21
85,0.0,17.75,100.0,19.66,76500,1,1,21,0,1,0,0,1,0,0,0,0,0,3.56
86,0.0,17.42,100.0,19.86,77400,1,1,21,0,1,0,0,1,0,0,0,0,0,3.53
87,0.0,25.2,100.0,16.63,78300,1,1,21,0,1,0,0,1,0,0,0,0,0,4.25
88,0.0,17.5,100.0,19.77,79200,1,1,22,0,1,0,0,1,0,0,0,0,0,3.53
89,1.44,10.08,92.7,33.3,80100,1,1,22,0,1,0,0,1,0,0,0,0,0,3.56
90,4.21,0.0,65.71,100.0,81000,1,1,22,0,1,0,0,1,0,0,0,0,0,3.67
91,3.35,0.0,69.52,100.0,81900,1,1,22,0,1,0,0,1,0,0,0,0,0,3.24
92,3.74,0.0,68.64,100.0,82800,1,1,23,0,1,0,0,1,0,0,0,0,0,3.53
93,3.42,0.0,71.82,100.0,83700,1,1,23,0,1,0,0,1,0,0,0,0,0,3.53
94,2.95,0.0,73.94,100.0,84600,1,1,23,0,1,0,0,1,0,0,0,0,0,3.24
95,3.96,0.0,67.97,100.0,85500,1,1,23,0,1,0,0,1,0,0,0,0,0,3.67
96,3.46,0.0,70.3,100.0,0,1,1,0,0,1,0,0,1,0,0,0,0,0,3.42
97,3.1,0.0,71.82,100.0,900,1,2,0,1,1,0,0,0,0,0,0,1,0,3.2
98,4.61,0.0,64.1,100.0,1800,1,2,0,1,1,0,0,0,0,0,0,1,0,3.85
99,3.67,0.0,66.64,100.0,2700,1,2,0,1,1,0,0,0,0,0,0,1,0,3.28
100,3.6,0.0,68.12,100.0,3600,1,2,1,1,1,0,0,0,0,0,0,1,0,3.35
101,4.72,0.0,63.6,100.0,4500,1,2,1,1,1,0,0,0,0,0,0,1,0,3.89
102,3.53,0.0,68.07,100.0,5400,1,2,1,1,1,0,0,0,0,0,0,1,0,3.28
103,3.96,0.0,65.8,100.0,6300,1,2,1,1,1,0,0,0,0,0,0,1,0,3.46
104,4.82,0.0,61.71,100.0,7200,1,2,2,1,1,0,0,0,0,0,0,1,0,3.78
105,3.53,0.0,68.4,100.0,8100,1,2,2,1,1,0,0,0,0,0,0,1,0,3.31
106,4.36,0.0,63.67,100.0,9000,1,2,2,1,1,0,0,0,0,0,0,1,0,3.6
107,4.39,0.0,63.83,100.0,9900,1,2,2,1,1,0,0,0,0,0,0,1,0,3.64
108,3.71,0.0,66.24,100.0,10800,1,2,3,1,1,0,0,0,0,0,0,1,0,3.28
109,4.57,0.0,63.03,100.0,11700,1,2,3,1,1,0,0,0,0,0,0,1,0,3.71
110,4.03,0.0,66.21,100.0,12600,1,2,3,1,1,0,0,0,0,0,0,1,0,3.56
111,3.49,0.0,68.04,100.0,13500,1,2,3,1,1,0,0,0,0,0,0,1,0,3.24
112,4.64,0.0,64.25,100.0,14400,1,2,4,1,1,0,0,0,0,0,0,1,0,3.89
113,3.42,0.0,69.22,100.0,15300,1,2,4,1,1,0,0,0,0,0,0,1,0,3.28
114,3.49,0.0,68.48,100.0,16200,1,2,4,1,1,0,0,0,0,0,0,1,0,3.28
115,4.68,0.0,64.59,100.0,17100,1,2,4,1,1,0,0,0,0,0,0,1,0,3.96
116,3.42,0.0,68.77,100.0,18000,1,2,5,1,1,0,0,0,0,0,0,1,0,3.24
117,3.78,0.0,67.52,100.0,18900,1,2,5,1,1,0,0,0,0,0,0,1,0,3.46
118,4.07,0.0,66.97,100.0,19800,1,2,5,1,1,0,0,0,0,0,0,1,0,3.67
119,3.42,0.0,68.77,100.0,20700,1,2,5,1,1,0,0,0,0,0,0,1,0,3.24
120,3.96,0.0,67.97,100.0,21600,1,2,6,1,1,0,0,0,0,0,0,1,0,3.67
121,3.78,0.0,68.25,100.0,22500,1,2,6,1,1,0,0,0,0,0,0,1,0,3.53
122,3.24,0.0,70.27,100.0,23400,1,2,6,1,1,0,0,0,0,0,0,1,0,3.2
123,4.07,0.0,68.05,100.0,24300,1,2,6,1,1,0,0,0,0,0,0,1,0,3.78
124,3.35,0.0,70.71,100.0,25200,1,2,7,1,1,0,0,0,0,0,0,1,0,3.35
125,3.49,0.0,71.11,100.0,26100,1,2,7,1,1,0,0,0,0,0,0,1,0,3.53
126,4.57,0.0,80.95,100.0,27000,1,2,7,1,1,0,0,0,0,0,0,1,0,6.3
127,4.79,0.0,78.4,100.0,27900,1,2,7,1,1,0,0,0,0,0,0,1,0,6.05
128,4.54,0.0,82.9,100.0,28800,1,2,8,1,1,0,0,0,0,0,0,1,0,6.73
129,18.83,0.07,83.89,100.0,29700,1,2,8,1,1,0,0,0,0,0,0,1,0,29.02
130,28.66,0.0,84.97,100.0,30600,1,2,8,1,1,0,0,0,0,0,0,1,0,46.19
131,35.32,0.0,82.75,100.0,31500,1,2,8,1,1,0,0,0,0,0,0,1,0,52.06
132,12.53,0.11,97.6,100.0,32400,1,2,9,1,1,0,0,0,0,0,0,1,0,56.2
133,8.32,0.0,98.95,100.0,33300,1,2,9,1,1,0,0,0,0,0,0,1,0,56.84
134,4.54,0.94,99.61,99.98,34200,1,2,9,1,1,0,0,0,0,0,0,1,0,51.26
135,2.34,1.15,99.88,99.97,35100,1,2,9,1,1,0,0,0,0,0,0,1,0,48.13
136,7.06,0.54,99.12,99.99,36000,1,2,10,1,1,0,0,0,0,0,0,1,0,52.81
137,7.52,0.14,99.07,100.0,36900,1,2,10,1,1,0,0,0,0,0,0,1,0,54.79
138,8.35,0.11,98.79,100.0,37800,1,2,10,1,1,0,0,0,0,0,0,1,0,53.21
139,32.4,0.0,92.72,100.0,38700,1,2,10,1,1,0,0,0,0,0,0,1,0,80.21
140,25.49,0.0,95.0,100.0,39600,1,2,11,1,1,0,0,0,0,0,0,1,0,77.58
141,70.85,0.0,87.57,100.0,40500,1,2,11,1,1,0,0,0,0,0,0,1,0,128.52
142,78.48,0.0,87.87,100.0,41400,1,2,11,1,1,0,0,0,0,0,0,1,0,144.47
143,54.29,0.0,85.84,100.0,42300,1,2,11,1,1,0,0,0,0,0,0,1,0,90.86
144,66.06,0.0,88.15,100.0,43200,1,2,12,1,1,0,0,0,0,0,0,1,0,123.3
145,5.54,18.9,96.09,71.3,44100,1,2,12,1,1,0,0,0,0,0,0,1,0,19.22
146,0.0,25.92,100.0,31.03,45000,1,2,12,1,1,0,0,0,0,0,0,1,0,8.46
147,0.0,25.34,100.0,30.92,45900,1,2,12,1,1,0,0,0,0,0,0,1,0,8.24
148,0.0,25.49,100.0,30.05,46800,1,2,13,1,1,0,0,0,0,0,0,1,0,8.03
149,27.29,6.52,94.6,99.67,47700,1,2,13,1,1,0,0,0,0,0,0,1,0,79.67
150,46.8,0.0,90.21,100.0,48600,1,2,13,1,1,0,0,0,0,0,0,1,0,97.85
151,49.79,0.0,92.85,100.0,49500,1,2,13,1,1,0,0,0,0,0,0,1,0,124.45
152,43.34,0.0,92.88,100.0,50400,1,2,14,1,1,0,0,0,0,0,0,1,0,108.61
153,55.26,0.0,91.23,100.0,51300,1,2,14,1,1,0,0,0,0,0,0,1,0,123.12
154,53.5,0.0,92.38,100.0,52200,1,2,14,1,1,0,0,0,0,0,0,1,0,129.1
155,27.58,0.0,94.79,100.0,53100,1,2,14,1,1,0,0,0,0,0,0,1,0,82.08
156,60.91,0.0,92.09,100.0,54000,1,2,15,1,1,0,0,0,0,0,0,1,0,143.89
157,34.27,0.0,93.03,100.0,54900,1,2,15,1,1,0,0,0,0,0,0,1,0,86.9
158,62.57,0.0,91.45,100.0,55800,1,2,15,1,1,0,0,0,0,0,0,1,0,141.44
159,52.88,0.0,91.06,100.0,56700,1,2,15,1,1,0,0,0,0,0,0,1,0,116.53
160,61.16,0.0,90.4,100.0,57600,1,2,16,1,1,0,0,0,0,0,0,1,0,129.31
161,56.77,0.0,92.33,100.0,58500,1,2,16,1,1,0,0,0,0,0,0,1,0,136.44
162,34.85,0.0,92.64,100.0,59400,1,2,16,1,1,0,0,0,0,0,0,1,0,85.72
163,65.27,0.0,91.44,100.0,60300,1,2,16,1,1,0,0,0,0,0,0,1,0,147.46
164,30.78,0.0,94.27,100.0,61200,1,2,17,1,1,0,0,0,0,0,0,1,0,86.94
165,25.81,0.0,93.36,100.0,62100,1,2,17,1,1,0,0,0,0,0,0,1,0,67.25
166,50.04,0.0,91.79,100.0,63000,1,2,17,1,1,0,0,0,0,0,0,1,0,115.78
167,34.63,0.0,95.62,100.0,63900,1,2,17,1,1,0,0,0,0,0,0,1,0,113.11
168,11.74,1.04,98.85,99.99,64800,1,2,18,1,1,0,0,0,0,0,0,1,0,76.75
169,15.23,0.14,93.98,100.0,65700,1,2,18,1,1,0,0,0,0,0,0,1,0,41.9
170,19.94,0.0,88.24,100.0,66600,1,2,18,1,1,0,0,0,0,0,0,1,0,37.4
171,8.82,0.5,97.68,99.99,67500,1,2,18,1,1,0,0,0,0,0,0,1,0,40.25
172,1.98,1.58,99.84,99.9,68400,1,2,19,1,1,0,0,0,0,0,0,1,0,34.92
173,6.44,0.43,98.81,99.99,69300,1,2,19,1,1,0,0,0,0,0,0,1,0,41.36
174,2.52,1.37,99.76,99.93,70200,1,2,19,1,1,0,0,0,0,0,0,1,0,35.96
175,5.29,0.47,99.11,99.99,71100,1,2,19,1,1,0,0,0,0,0,0,1,0,39.42
176,4.68,0.5,99.26,99.99,72000,1,2,20,1,1,0,0,0,0,0,0,1,0,38.16
177,1.51,3.96,99.9,99.3,72900,1,2,20,1,1,0,0,0,0,0,0,1,0,33.23
178,0.0,12.13,100.0,90.55,73800,1,2,20,1,1,0,0,0,0,0,0,1,0,25.88
179,0.0,23.22,100.0,42.3,74700,1,2,20,1,1,0,0,0,0,0,0,1,0,10.84
180,0.0,23.51,100.0,36.75,75600,1,2,21,1,1,0,0,0,0,0,0,1,0,9.29
181,0.0,25.16,100.0,26.73,76500,1,2,21,1,1,0,0,0,0,0,0,1,0,6.98
182,0.0,26.5,100.0,18.93,77400,1,2,21,1,1,0,0,0,0,0,0,1,0,5.11
183,0.0,26.42,100.0,18.88,78300,1,2,21,1,1,0,0,0,0,0,0,1,0,5.08
184,0.0,26.46,100.0,18.71,79200,1,2,22,1,1,0,0,0,0,0,0,1,0,5.04
185,1.84,15.44,93.69,30.42,80100,1,2,22,1,1,0,0,0,0,0,0,1,0,4.93
186,5.22,0.0,66.44,100.0,81000,1,2,22,1,1,0,0,0,0,0,0,1,0,4.64
187,5.18,0.0,67.04,100.0,81900,1,2,22,1,1,0,0,0,0,0,0,1,0,4.68
188,5.11,0.0,67.54,100.0,82800,1,2,23,1,1,0,0,0,0,0,0,1,0,4.68
189,4.54,0.0,70.94,100.0,83700,1,2,23,1,1,0,0,0,0,0,0,1,0,4.57
190,4.25,0.0,73.23,100.0,84600,1,2,23,1,1,0,0,0,0,0,0,1,0,4.57
191,4.25,0.0,73.0,100.0,85500,1,2,23,1,1,0,0,0,0,0,0,1,0,4.54
192,4.21,0.0,73.84,100.0,0,1,2,0,1,1,0,0,0,0,0,0,1,0,4.61
193,4.61,0.0,70.71,100.0,900,1,3,0,2,1,0,0,0,0,0,0,0,1,4.61
194,4.54,0.0,71.25,100.0,1800,1,3,0,2,1,0,0,0,0,0,0,0,1,4.61
195,4.5,0.0,71.25,100.0,2700,1,3,0,2,1,0,0,0,0,0,0,0,1,4.57
196,4.61,0.0,70.4,100.0,3600,1,3,1,2,1,0,0,0,0,0,0,0,1,4.57
197,4.46,0.0,72.1,100.0,4500,1,3,1,2,1,0,0,0,0,0,0,0,1,4.64
198,4.57,0.0,71.25,100.0,5400,1,3,1,2,1,0,0,0,0,0,0,0,1,4.64
199,4.79,0.0,69.34,100.0,6300,1,3,1,2,1,0,0,0,0,0,0,0,1,4.61
200,4.5,0.0,71.25,100.0,7200,1,3,2,2,1,0,0,0,0,0,0,0,1,4.57
201,4.39,0.0,72.42,100.0,8100,1,3,2,2,1,0,0,0,0,0,0,0,1,4.61
202,4.75,0.0,69.88,100.0,9000,1,3,2,2,1,0,0,0,0,0,0,0,1,4.64
203,4.75,0.0,69.88,100.0,9900,1,3,2,2,1,0,0,0,0,0,0,0,1,4.64
204,4.75,0.0,69.33,100.0,10800,1,3,3,2,1,0,0,0,0,0,0,0,1,4.57
205,5.11,0.0,67.22,100.0,11700,1,3,3,2,1,0,0,0,0,0,0,0,1,4.64
206,4.72,0.0,70.1,100.0,12600,1,3,3,2,1,0,0,0,0,0,0,0,1,4.64
207,4.68,0.0,70.71,100.0,13500,1,3,3,2,1,0,0,0,0,0,0,0,1,4.68
208,4.46,0.0,71.57,100.0,14400,1,3,4,2,1,0,0,0,0,0,0,0,1,4.57
209,4.32,0.0,72.44,100.0,15300,1,3,4,2,1,0,0,0,0,0,0,0,1,4.54
210,4.46,0.0,71.87,100.0,16200,1,3,4,2,1,0,0,0,0,0,0,0,1,4.61
211,4.32,0.0,72.67,100.0,17100,1,3,4,2,1,0,0,0,0,0,0,0,1,4.57
212,4.32,0.0,72.97,100.0,18000,1,3,5,2,1,0,0,0,0,0,0,0,1,4.61
213,4.14,0.0,73.89,100.0,18900,1,3,5,2,1,0,0,0,0,0,0,0,1,4.54
214,4.21,0.0,73.55,100.0,19800,1,3,5,2,1,0,0,0,0,0,0,0,1,4.57
215,4.43,0.0,71.8,100.0,20700,1,3,5,2,1,0,0,0,0,0,0,0,1,4.57
216,4.5,0.0,71.25,100.0,21600,1,3,6,2,1,0,0,0,0,0,0,0,1,4.57
217,4.61,0.0,70.94,100.0,22500,1,3,6,2,1,0,0,0,0,0,0,0,1,4.64
218,4.36,0.0,72.35,100.0,23400,1,3,6,2,1,0,0,0,0,0,0,0,1,4.57
219,4.54,0.0,71.25,100.0,24300,1,3,6,2,1,0,0,0,0,0,0,0,1,4.61
220,4.28,0.0,72.76,100.0,25200,1,3,7,2,1,0,0,0,0,0,0,0,1,4.54
221,4.18,0.0,72.96,100.0,26100,1,3,7,2,1,0,0,0,0,0,0,0,1,4.46
222,4.25,0.0,82.14,100.0,27000,1,3,7,2,1,0,0,0,0,0,0,0,1,6.12
223,4.68,0.0,86.09,100.0,27900,1,3,7,2,1,0,0,0,0,0,0,0,1,7.92
224,4.36,0.0,91.02,100.0,28800,1,3,8,2,1,0,0,0,0,0,0,0,1,9.58
225,21.56,0.0,86.41,100.0,29700,1,3,8,2,1,0,0,0,0,0,0,0,1,37.01
226,35.86,0.0,90.13,100.0,30600,1,3,8,2,1,0,0,0,0,0,0,0,1,74.59
227,53.32,0.0,89.9,100.0,31500,1,3,8,2,1,0,0,0,0,0,0,0,1,109.48
228,31.82,0.0,95.71,100.0,32400,1,3,9,2,1,0,0,0,0,0,0,0,1,105.08
229,41.26,0.0,94.71,100.0,33300,1,3,9,2,1,0,0,0,0,0,0,0,1,121.79
230,30.24,0.0,96.68,100.0,34200,1,3,9,2,1,0,0,0,0,0,0,0,1,114.48
231,21.96,0.0,95.89,100.0,35100,1,3,9,2,1,0,0,0,0,0,0,0,1,74.2
232,7.13,0.04,99.15,100.0,36000,1,3,10,2,1,0,0,0,0,0,0,0,1,54.32
233,25.06,0.0,94.87,100.0,36900,1,3,10,2,1,0,0,0,0,0,0,0,1,75.17
234,12.24,0.0,97.85,100.0,37800,1,3,10,2,1,0,0,0,0,0,0,0,1,58.07
235,15.08,0.0,97.56,100.0,38700,1,3,10,2,1,0,0,0,0,0,0,0,1,67.03
236,31.64,0.04,92.06,100.0,39600,1,3,11,2,1,0,0,0,0,0,0,0,1,74.59
237,23.9,0.0,92.36,100.0,40500,1,3,11,2,1,0,0,0,0,0,0,0,1,57.56
238,48.06,0.0,85.32,100.0,41400,1,3,11,2,1,0,0,0,0,0,0,0,1,78.62
239,44.17,0.0,84.28,100.0,42300,1,3,11,2,1,0,0,0,0,0,0,0,1,69.16
240,44.78,0.0,85.57,100.0,43200,1,3,12,2,1,0,0,0,0,0,0,0,1,74.05
241,0.5,20.45,99.9,48.27,44100,1,3,12,2,1,0,0,0,0,0,0,0,1,11.27
242,0.0,26.21,100.0,29.89,45000,1,3,12,2,1,0,0,0,0,0,0,0,1,8.21
243,0.0,25.56,100.0,30.34,45900,1,3,12,2,1,0,0,0,0,0,0,0,1,8.14
244,0.0,25.74,100.0,28.66,46800,1,3,13,2,1,0,0,0,0,0,0,0,1,7.7
245,21.38,6.08,92.29,99.3,47700,1,3,13,2,1,0,0,0,0,0,0,0,1,51.26
246,13.64,0.0,96.81,100.0,48600,1,3,13,2,1,0,0,0,0,0,0,0,1,52.7
247,17.24,0.0,95.55,100.0,49500,1,3,13,2,1,0,0,0,0,0,0,0,1,55.84
248,17.32,0.0,95.71,100.0,50400,1,3,14,2,1,0,0,0,0,0,0,0,1,57.2
249,30.6,0.0,92.86,100.0,51300,1,3,14,2,1,0,0,0,0,0,0,0,1,76.57
250,20.45,0.0,94.83,100.0,52200,1,3,14,2,1,0,0,0,0,0,0,0,1,61.13
251,26.42,0.0,92.98,100.0,53100,1,3,14,2,1,0,0,0,0,0,0,0,1,66.74
252,16.42,0.0,95.93,100.0,54000,1,3,15,2,1,0,0,0,0,0,0,0,1,55.8
253,18.25,0.0,95.31,100.0,54900,1,3,15,2,1,0,0,0,0,0,0,0,1,57.46
254,28.08,0.0,93.04,100.0,55800,1,3,15,2,1,0,0,0,0,0,0,0,1,71.28
255,28.62,0.0,93.13,100.0,56700,1,3,15,2,1,0,0,0,0,0,0,0,1,73.15
256,25.81,0.0,93.66,100.0,57600,1,3,16,2,1,0,0,0,0,0,0,0,1,68.98
257,27.79,0.0,95.05,100.0,58500,1,3,16,2,1,0,0,0,0,0,0,0,1,85.0
258,41.9,0.0,94.1,100.0,59400,1,3,16,2,1,0,0,0,0,0,0,0,1,116.53
259,39.06,0.0,94.98,100.0,60300,1,3,16,2,1,0,0,0,0,0,0,0,1,118.62
260,35.64,0.0,94.7,100.0,61200,1,3,17,2,1,0,0,0,0,0,0,0,1,105.05
261,52.96,0.0,93.57,100.0,62100,1,3,17,2,1,0,0,0,0,0,0,0,1,140.51
262,41.15,0.0,94.06,100.0,63000,1,3,17,2,1,0,0,0,0,0,0,0,1,114.01
263,39.2,0.0,95.48,100.0,63900,1,3,17,2,1,0,0,0,0,0,0,0,1,125.96
264,13.25,1.69,98.42,99.97,64800,1,3,18,2,1,0,0,0,0,0,0,0,1,73.62
265,12.74,0.54,94.33,99.99,65700,1,3,18,2,1,0,0,0,0,0,0,0,1,36.22
266,18.43,0.0,90.75,100.0,66600,1,3,18,2,1,0,0,0,0,0,0,0,1,39.82
267,4.18,1.94,99.37,99.86,67500,1,3,18,2,1,0,0,0,0,0,0,0,1,37.08
268,5.47,0.18,99.2,100.0,68400,1,3,19,2,1,0,0,0,0,0,0,0,1,42.98
269,0.86,1.58,99.97,99.91,69300,1,3,19,2,1,0,0,0,0,0,0,0,1,37.94
270,3.74,0.79,99.56,99.98,70200,1,3,19,2,1,0,0,0,0,0,0,0,1,39.71
271,5.69,0.18,99.14,100.0,71100,1,3,19,2,1,0,0,0,0,0,0,0,1,43.2
272,1.19,1.66,99.95,99.9,72000,1,3,20,2,1,0,0,0,0,0,0,0,1,37.33
273,5.62,0.54,99.07,99.99,72900,1,3,20,2,1,0,0,0,0,0,0,0,1,41.0
274,2.88,1.22,99.7,99.95,73800,1,3,20,2,1,0,0,0,0,0,0,0,1,37.3
275,2.02,6.98,99.81,97.8,74700,1,3,20,2,1,0,0,0,0,0,0,0,1,32.72
276,0.0,23.83,100.0,38.13,75600,1,3,21,2,1,0,0,0,0,0,0,0,1,9.83
277,0.0,24.8,100.0,30.56,76500,1,3,21,2,1,0,0,0,0,0,0,0,1,7.96
278,0.0,26.82,100.0,19.88,77400,1,3,21,2,1,0,0,0,0,0,0,0,1,5.44
279,0.0,26.78,100.0,18.74,78300,1,3,21,2,1,0,0,0,0,0,0,0,1,5.11
280,0.0,26.78,100.0,18.99,79200,1,3,22,2,1,0,0,0,0,0,0,0,1,5.18
281,1.91,15.16,93.34,31.15,80100,1,3,22,2,1,0,0,0,0,0,0,0,1,4.97
282,5.26,0.0,67.02,100.0,81000,1,3,22,2,1,0,0,0,0,0,0,0,1,4.75
283,5.15,0.0,66.94,100.0,81900,1,3,22,2,1,0,0,0,0,0,0,0,1,4.64
284,4.97,0.0,68.24,100.0,82800,1,3,23,2,1,0,0,0,0,0,0,0,1,4.64
285,4.39,0.0,73.22,100.0,83700,1,3,23,2,1,0,0,0,0,0,0,0,1,4.72
286,4.25,0.0,73.52,100.0,84600,1,3,23,2,1,0,0,0,0,0,0,0,1,4.61
287,4.43,0.0,71.8,100.0,85500,1,3,23,2,1,0,0,0,0,0,0,0,1,4.57
288,4.5,0.0,71.25,100.0,0,1,3,0,2,1,0,0,0,0,0,0,0,1,4.57
289,4.57,0.0,71.02,100.0,900,1,4,0,3,1,0,0,0,0,0,1,0,0,4.61
290,4.57,0.0,71.25,100.0,1800,1,4,0,3,1,0,0,0,0,0,1,0,0,4.64
291,4.68,0.0,70.41,100.0,2700,1,4,0,3,1,0,0,0,0,0,1,0,0,4.64
292,4.79,0.0,69.34,100.0,3600,1,4,1,3,1,0,0,0,0,0,1,0,0,4.61
293,4.64,0.0,70.48,100.0,4500,1,4,1,3,1,0,0,0,0,0,1,0,0,4.61
294,4.93,0.0,68.3,100.0,5400,1,4,1,3,1,0,0,0,0,0,1,0,0,4.61
295,4.64,0.0,71.01,100.0,6300,1,4,1,3,1,0,0,0,0,0,1,0,0,4.68
296,4.79,0.0,69.58,100.0,7200,1,4,2,3,1,0,0,0,0,0,1,0,0,4.64
297,4.75,0.0,69.65,100.0,8100,1,4,2,3,1,0,0,0,0,0,1,0,0,4.61
298,4.9,0.0,68.76,100.0,9000,1,4,2,3,1,0,0,0,0,0,1,0,0,4.64
299,4.9,0.0,68.52,100.0,9900,1,4,2,3,1,0,0,0,0,0,1,0,0,4.61
300,4.93,0.0,68.85,100.0,10800,1,4,3,3,1,0,0,0,0,0,1,0,0,4.68
301,5.0,0.0,68.34,100.0,11700,1,4,3,3,1,0,0,0,0,0,1,0,0,4.68
302,4.86,0.0,68.82,100.0,12600,1,4,3,3,1,0,0,0,0,0,1,0,0,4.61
303,4.86,0.0,68.82,100.0,13500,1,4,3,3,1,0,0,0,0,0,1,0,0,4.61
304,5.15,0.0,67.25,100.0,14400,1,4,4,3,1,0,0,0,0,0,1,0,0,4.68
305,4.72,0.0,69.87,100.0,15300,1,4,4,3,1,0,0,0,0,0,1,0,0,4.61
306,4.72,0.0,70.1,100.0,16200,1,4,4,3,1,0,0,0,0,0,1,0,0,4.64
307,4.54,0.0,71.48,100.0,17100,1,4,4,3,1,0,0,0,0,0,1,0,0,4.64
308,4.64,0.0,70.48,100.0,18000,1,4,5,3,1,0,0,0,0,0,1,0,0,4.61
309,4.5,0.0,71.56,100.0,18900,1,4,5,3,1,0,0,0,0,0,1,0,0,4.61
310,4.5,0.0,71.79,100.0,19800,1,4,5,3,1,0,0,0,0,0,1,0,0,4.64
311,4.39,0.0,72.42,100.0,20700,1,4,5,3,1,0,0,0,0,0,1,0,0,4.61
312,4.54,0.0,71.25,100.0,21600,1,4,6,3,1,0,0,0,0,0,1,0,0,4.61
313,4.64,0.0,70.48,100.0,22500,1,4,6,3,1,0,0,0,0,0,1,0,0,4.61
314,4.82,0.0,69.35,100.0,23400,1,4,6,3,1,0,0,0,0,0,1,0,0,4.64
315,4.68,0.0,69.86,100.0,24300,1,4,6,3,1,0,0,0,0,0,1,0,0,4.57
316,4.57,0.0,71.25,100.0,25200,1,4,7,3,1,0,0,0,0,0,1,0,0,4.64
317,4.61,0.0,70.17,100.0,26100,1,4,7,3,1,0,0,0,0,0,1,0,0,4.54
318,4.79,0.0,74.56,100.0,27000,1,4,7,3,1,0,0,0,0,0,1,0,0,5.36
319,4.9,0.0,82.15,100.0,27900,1,4,7,3,1,0,0,0,0,0,1,0,0,7.06
320,4.68,0.0,85.78,100.0,28800,1,4,8,3,1,0,0,0,0,0,1,0,0,7.81
321,51.73,0.0,84.93,100.0,29700,1,4,8,3,1,0,0,0,0,0,1,0,0,83.23
322,74.88,0.0,87.63,100.0,30600,1,4,8,3,1,0,0,0,0,0,1,0,0,136.19
323,75.82,0.0,81.92,100.0,31500,1,4,8,3,1,0,0,0,0,0,1,0,0,108.29
324,53.6,0.0,92.57,100.0,32400,1,4,9,3,1,0,0,0,0,0,1,0,0,131.18
325,56.7,0.0,92.3,100.0,33300,1,4,9,3,1,0,0,0,0,0,1,0,0,136.04
326,46.22,0.0,94.06,100.0,34200,1,4,9,3,1,0,0,0,0,0,1,0,0,128.02
327,53.53,0.0,92.75,100.0,35100,1,4,9,3,1,0,0,0,0,0,1,0,0,132.84
328,39.17,0.0,94.35,100.0,36000,1,4,10,3,1,0,0,0,0,0,1,0,0,111.49
329,38.95,0.0,95.46,100.0,36900,1,4,10,3,1,0,0,0,0,0,1,0,0,124.78
330,30.89,0.0,95.25,100.0,37800,1,4,10,3,1,0,0,0,0,0,1,0,0,96.66
331,41.04,0.0,95.28,100.0,38700,1,4,10,3,1,0,0,0,0,0,1,0,0,128.81
332,28.94,0.0,93.81,100.0,39600,1,4,11,3,1,0,0,0,0,0,1,0,0,78.37
333,59.04,0.0,87.13,100.0,40500,1,4,11,3,1,0,0,0,0,0,1,0,0,104.8
334,61.2,0.0,90.7,100.0,41400,1,4,11,3,1,0,0,0,0,0,1,0,0,131.83
335,60.19,0.0,88.28,100.0,42300,1,4,11,3,1,0,0,0,0,0,1,0,0,113.11
336,60.55,0.0,90.4,100.0,43200,1,4,12,3,1,0,0,0,0,0,1,0,0,128.05
337,3.78,18.79,96.61,60.16,44100,1,4,12,3,1,0,0,0,0,0,1,0,0,14.15
338,0.0,26.39,100.0,28.51,45000,1,4,12,3,1,0,0,0,0,0,1,0,0,7.85
339,0.0,26.89,100.0,25.26,45900,1,4,12,3,1,0,0,0,0,0,1,0,0,7.02
340,0.07,26.46,100.0,27.71,46800,1,4,13,3,1,0,0,0,0,0,1,0,0,7.63
341,21.24,1.19,96.52,99.99,47700,1,4,13,3,1,0,0,0,0,0,1,0,0,78.37
342,51.95,0.0,93.37,100.0,48600,1,4,13,3,1,0,0,0,0,0,1,0,0,135.43
343,33.66,0.0,95.24,100.0,49500,1,4,13,3,1,0,0,0,0,0,1,0,0,105.12
344,41.4,0.0,94.58,100.0,50400,1,4,14,3,1,0,0,0,0,0,1,0,0,120.6
345,41.72,0.0,94.28,100.0,51300,1,4,14,3,1,0,0,0,0,0,1,0,0,117.97
346,43.56,0.0,94.17,100.0,52200,1,4,14,3,1,0,0,0,0,0,1,0,0,121.93
347,44.35,0.0,93.9,100.0,53100,1,4,14,3,1,0,0,0,0,0,1,0,0,121.07
348,38.45,0.0,94.87,100.0,54000,1,4,15,3,1,0,0,0,0,0,1,0,0,115.42
349,41.15,0.0,94.2,100.0,54900,1,4,15,3,1,0,0,0,0,0,1,0,0,115.49
350,39.06,0.0,93.38,100.0,55800,1,4,15,3,1,0,0,0,0,0,1,0,0,101.92
351,51.8,0.0,93.63,100.0,56700,1,4,15,3,1,0,0,0,0,0,1,0,0,138.06
352,49.97,0.0,92.19,100.0,57600,1,4,16,3,1,0,0,0,0,0,1,0,0,118.94
353,54.94,0.0,93.45,100.0,58500,1,4,16,3,1,0,0,0,0,0,1,0,0,144.29
354,28.73,0.0,95.09,100.0,59400,1,4,16,3,1,0,0,0,0,0,1,0,0,88.27
355,38.99,0.0,95.1,100.0,60300,1,4,16,3,1,0,0,0,0,0,1,0,0,119.99
356,37.26,0.0,93.43,100.0,61200,1,4,17,3,1,0,0,0,0,0,1,0,0,97.63
357,43.88,0.0,94.79,100.0,62100,1,4,17,3,1,0,0,0,0,0,1,0,0,130.61
358,51.44,0.0,92.15,100.0,63000,1,4,17,3,1,0,0,0,0,0,1,0,0,122.04
359,1.94,3.46,99.9,99.68,63900,1,4,17,3,1,0,0,0,0,0,1,0,0,43.06
360,7.09,2.12,99.42,99.95,64800,1,4,18,3,1,0,0,0,0,0,1,0,0,65.38
361,16.24,0.54,92.56,99.99,65700,1,4,18,3,1,0,0,0,0,0,1,0,0,39.71
362,33.34,0.0,83.99,100.0,66600,1,4,18,3,1,0,0,0,0,0,1,0,0,51.59
363,15.26,0.0,94.99,100.0,67500,1,4,18,3,1,0,0,0,0,0,1,0,0,46.4
364,28.55,0.0,92.03,100.0,68400,1,4,19,3,1,0,0,0,0,0,1,0,0,67.18
365,18.0,0.0,94.76,100.0,69300,1,4,19,3,1,0,0,0,0,0,1,0,0,53.39
366,16.31,0.0,95.54,100.0,70200,1,4,19,3,1,0,0,0,0,0,1,0,0,52.74
367,38.88,0.0,87.37,100.0,71100,1,4,19,3,1,0,0,0,0,0,1,0,0,69.84
368,17.93,0.0,94.37,100.0,72000,1,4,20,3,1,0,0,0,0,0,1,0,0,51.16
369,28.58,0.0,91.45,100.0,72900,1,4,20,3,1,0,0,0,0,0,1,0,0,64.58
370,39.92,0.0,86.65,100.0,73800,1,4,20,3,1,0,0,0,0,0,1,0,0,69.3
371,11.99,0.04,96.85,100.0,74700,1,4,20,3,1,0,0,0,0,0,1,0,0,46.62
372,3.1,2.77,99.64,99.71,75600,1,4,21,3,1,0,0,0,0,0,1,0,0,36.22
373,0.0,24.08,100.0,32.52,76500,1,4,21,3,1,0,0,0,0,0,1,0,0,8.28
374,0.0,25.56,100.0,23.14,77400,1,4,21,3,1,0,0,0,0,0,1,0,0,6.08
375,0.0,25.78,100.0,19.99,78300,1,4,21,3,1,0,0,0,0,0,1,0,0,5.26
376,0.0,25.85,100.0,19.54,79200,1,4,22,3,1,0,0,0,0,0,1,0,0,5.15
377,2.16,14.65,91.91,32.53,80100,1,4,22,3,1,0,0,0,0,0,1,0,0,5.04
378,6.37,0.0,60.34,100.0,81000,1,4,22,3,1,0,0,0,0,0,1,0,0,4.82
379,6.34,0.0,59.96,100.0,81900,1,4,22,3,1,0,0,0,0,0,1,0,0,4.75
380,6.01,0.0,62.33,100.0,82800,1,4,23,3,1,0,0,0,0,0,1,0,0,4.79
381,5.18,0.0,66.72,100.0,83700,1,4,23,3,1,0,0,0,0,0,1,0,0,4.64
382,4.79,0.0,69.58,100.0,84600,1,4,23,3,1,0,0,0,0,0,1,0,0,4.64
383,5.04,0.0,67.49,100.0,85500,1,4,23,3,1,0,0,0,0,0,1,0,0,4.61
384,5.04,0.0,67.73,100.0,0,1,4,0,3,1,0,0,0,0,0,1,0,0,4.64
385,5.15,0.0,67.57,100.0,900,1,5,0,4,1,0,1,0,0,0,0,0,0,4.72
386,5.22,0.0,66.75,100.0,1800,1,5,0,4,1,0,1,0,0,0,0,0,0,4.68
387,5.54,0.0,64.53,100.0,2700,1,5,0,4,1,0,1,0,0,0,0,0,0,4.68
388,5.58,0.0,64.58,100.0,3600,1,5,1,4,1,0,1,0,0,0,0,0,0,4.72
389,5.36,0.0,65.77,100.0,4500,1,5,1,4,1,0,1,0,0,0,0,0,0,4.68
390,5.33,0.0,65.98,100.0,5400,1,5,1,4,1,0,1,0,0,0,0,0,0,4.68
391,4.86,0.0,68.82,100.0,6300,1,5,1,4,1,0,1,0,0,0,0,0,0,4.61
392,4.68,0.0,70.18,100.0,7200,1,5,2,4,1,0,1,0,0,0,0,0,0,4.61
393,5.0,0.0,68.02,100.0,8100,1,5,2,4,1,0,1,0,0,0,0,0,0,4.64
394,4.97,0.0,68.24,100.0,9000,1,5,2,4,1,0,1,0,0,0,0,0,0,4.64
395,5.22,0.0,66.75,100.0,9900,1,5,2,4,1,0,1,0,0,0,0,0,0,4.68
396,5.04,0.0,67.73,100.0,10800,1,5,3,4,1,0,1,0,0,0,0,0,0,4.64
397,5.08,0.0,67.2,100.0,11700,1,5,3,4,1,0,1,0,0,0,0,0,0,4.61
398,5.04,0.0,68.05,100.0,12600,1,5,3,4,1,0,1,0,0,0,0,0,0,4.68
399,5.0,0.0,67.79,100.0,13500,1,5,3,4,1,0,1,0,0,0,0,0,0,4.61
400,5.0,0.0,68.65,100.0,14400,1,5,4,4,1,0,1,0,0,0,0,0,0,4.72
401,4.68,0.0,70.18,100.0,15300,1,5,4,4,1,0,1,0,0,0,0,0,0,4.61
402,4.72,0.0,69.87,100.0,16200,1,5,4,4,1,0,1,0,0,0,0,0,0,4.61
403,4.86,0.0,68.82,100.0,17100,1,5,4,4,1,0,1,0,0,0,0,0,0,4.61
404,4.82,0.0,69.12,100.0,18000,1,5,5,4,1,0,1,0,0,0,0,0,0,4.61
405,4.97,0.0,68.55,100.0,18900,1,5,5,4,1,0,1,0,0,0,0,0,0,4.68
406,4.93,0.0,68.54,100.0,19800,1,5,5,4,1,0,1,0,0,0,0,0,0,4.64
407,4.79,0.0,69.03,100.0,20700,1,5,5,4,1,0,1,0,0,0,0,0,0,4.57
408,4.93,0.0,68.54,100.0,21600,1,5,6,4,1,0,1,0,0,0,0,0,0,4.64
409,4.79,0.0,69.34,100.0,22500,1,5,6,4,1,0,1,0,0,0,0,0,0,4.61
410,4.82,0.0,69.35,100.0,23400,1,5,6,4,1,0,1,0,0,0,0,0,0,4.64
411,4.72,0.0,69.87,100.0,24300,1,5,6,4,1,0,1,0,0,0,0,0,0,4.61
412,4.9,0.0,68.52,100.0,25200,1,5,7,4,1,0,1,0,0,0,0,0,0,4.61
413,5.08,0.0,66.88,100.0,26100,1,5,7,4,1,0,1,0,0,0,0,0,0,4.57
414,4.97,0.0,73.14,100.0,27000,1,5,7,4,1,0,1,0,0,0,0,0,0,5.33
415,5.18,0.0,80.3,100.0,27900,1,5,7,4,1,0,1,0,0,0,0,0,0,6.98
416,4.97,0.0,81.62,100.0,28800,1,5,8,4,1,0,1,0,0,0,0,0,0,7.02
417,45.22,0.0,84.73,100.0,29700,1,5,8,4,1,0,1,0,0,0,0,0,0,72.14
418,66.56,0.0,87.03,100.0,30600,1,5,8,4,1,0,1,0,0,0,0,0,0,117.61
419,62.35,0.0,84.55,100.0,31500,1,5,8,4,1,0,1,0,0,0,0,0,0,98.71
420,59.44,0.0,91.68,100.0,32400,1,5,9,4,1,0,1,0,0,0,0,0,0,136.48
421,36.47,0.0,95.73,100.0,33300,1,5,9,4,1,0,1,0,0,0,0,0,0,120.71
422,32.76,0.0,94.52,100.0,34200,1,5,9,4,1,0,1,0,0,0,0,0,0,94.82
423,39.02,0.0,94.67,100.0,35100,1,5,9,4,1,0,1,0,0,0,0,0,0,114.7
424,45.47,0.0,94.56,100.0,36000,1,5,10,4,1,0,1,0,0,0,0,0,0,132.16
425,26.35,0.0,94.62,100.0,36900,1,5,10,4,1,0,1,0,0,0,0,0,0,77.08
426,45.4,0.0,94.29,100.0,37800,1,5,10,4,1,0,1,0,0,0,0,0,0,128.56
427,46.04,0.0,94.46,100.0,38700,1,5,10,4,1,0,1,0,0,0,0,0,0,132.48
428,43.81,0.0,93.38,100.0,39600,1,5,11,4,1,0,1,0,0,0,0,0,0,114.3
429,63.86,0.0,89.74,100.0,40500,1,5,11,4,1,0,1,0,0,0,0,0,0,129.85
430,65.99,0.0,87.67,100.0,41400,1,5,11,4,1,0,1,0,0,0,0,0,0,120.28
431,63.79,0.0,89.78,100.0,42300,1,5,11,4,1,0,1,0,0,0,0,0,0,130.03
432,42.19,0.0,91.83,100.0,43200,1,5,12,4,1,0,1,0,0,0,0,0,0,97.88
433,0.72,20.2,99.67,40.17,44100,1,5,12,4,1,0,1,0,0,0,0,0,0,8.86
434,0.0,26.32,100.0,28.81,45000,1,5,12,4,1,0,1,0,0,0,0,0,0,7.92
435,0.0,25.74,100.0,30.76,45900,1,5,12,4,1,0,1,0,0,0,0,0,0,8.32
436,0.0,25.81,100.0,30.31,46800,1,5,13,4,1,0,1,0,0,0,0,0,0,8.21
437,10.12,7.6,98.02,98.87,47700,1,5,13,4,1,0,1,0,0,0,0,0,0,50.08
438,41.83,0.0,94.8,100.0,48600,1,5,13,4,1,0,1,0,0,0,0,0,0,124.63
439,36.43,0.0,95.26,100.0,49500,1,5,13,4,1,0,1,0,0,0,0,0,0,114.05
440,19.37,0.0,96.35,100.0,50400,1,5,14,4,1,0,1,0,0,0,0,0,0,69.73
441,29.77,0.0,92.52,100.0,51300,1,5,14,4,1,0,1,0,0,0,0,0,0,72.58
442,36.65,0.0,92.16,100.0,52200,1,5,14,4,1,0,1,0,0,0,0,0,0,87.05
443,59.04,0.0,91.31,100.0,53100,1,5,14,4,1,0,1,0,0,0,0,0,0,132.23
444,28.76,0.0,94.33,100.0,54000,1,5,15,4,1,0,1,0,0,0,0,0,0,81.72
445,36.9,0.0,93.45,100.0,54900,1,5,15,4,1,0,1,0,0,0,0,0,0,96.84
446,56.52,0.0,91.69,100.0,55800,1,5,15,4,1,0,1,0,0,0,0,0,0,129.85
447,38.09,0.0,92.53,100.0,56700,1,5,15,4,1,0,1,0,0,0,0,0,0,92.95
448,66.92,0.0,90.94,100.0,57600,1,5,16,4,1,0,1,0,0,0,0,0,0,146.34
449,39.02,0.0,92.97,100.0,58500,1,5,16,4,1,0,1,0,0,0,0,0,0,98.5
450,60.62,0.0,90.59,100.0,59400,1,5,16,4,1,0,1,0,0,0,0,0,0,129.67
451,44.93,0.0,93.75,100.0,60300,1,5,16,4,1,0,1,0,0,0,0,0,0,121.07
452,27.79,0.0,92.91,100.0,61200,1,5,17,4,1,0,1,0,0,0,0,0,0,69.8
453,66.35,0.0,91.01,100.0,62100,1,5,17,4,1,0,1,0,0,0,0,0,0,145.69
454,51.98,0.0,91.47,100.0,63000,1,5,17,4,1,0,1,0,0,0,0,0,0,117.68
455,1.8,6.98,99.91,98.62,63900,1,5,17,4,1,0,1,0,0,0,0,0,0,41.54
456,13.5,3.56,98.42,99.89,64800,1,5,18,4,1,0,1,0,0,0,0,0,0,75.06
457,18.9,0.61,91.68,99.99,65700,1,5,18,4,1,0,1,0,0,0,0,0,0,43.38
458,45.68,0.0,83.21,100.0,66600,1,5,18,4,1,0,1,0,0,0,0,0,0,68.54
459,24.62,0.0,92.47,100.0,67500,1,5,18,4,1,0,1,0,0,0,0,0,0,59.8
460,27.65,0.0,92.03,100.0,68400,1,5,19,4,1,0,1,0,0,0,0,0,0,65.05
461,27.72,0.0,92.4,100.0,69300,1,5,19,4,1,0,1,0,0,0,0,0,0,67.0
462,20.92,0.0,93.93,100.0,70200,1,5,19,4,1,0,1,0,0,0,0,0,0,57.28
463,19.66,0.0,94.28,100.0,71100,1,5,19,4,1,0,1,0,0,0,0,0,0,55.62
464,16.34,0.0,95.36,100.0,72000,1,5,20,4,1,0,1,0,0,0,0,0,0,51.77
465,4.18,0.04,99.56,100.0,72900,1,5,20,4,1,0,1,0,0,0,0,0,0,44.17
466,11.52,0.07,97.89,100.0,73800,1,5,20,4,1,0,1,0,0,0,0,0,0,55.15
467,1.4,4.43,99.93,99.33,74700,1,5,20,4,1,0,1,0,0,0,0,0,0,38.05
468,0.0,17.64,100.0,74.18,75600,1,5,21,4,1,0,1,0,0,0,0,0,0,19.51
469,0.0,24.05,100.0,36.13,76500,1,5,21,4,1,0,1,0,0,0,0,0,0,9.32
470,0.0,26.68,100.0,17.03,77400,1,5,21,4,1,0,1,0,0,0,0,0,0,4.61
471,0.0,26.64,100.0,16.8,78300,1,5,21,4,1,0,1,0,0,0,0,0,0,4.54
472,0.0,26.6,100.0,16.82,79200,1,5,22,4,1,0,1,0,0,0,0,0,0,4.54
473,1.44,15.19,94.78,27.12,80100,1,5,22,4,1,0,1,0,0,0,0,0,0,4.28
474,4.32,0.0,68.84,100.0,81000,1,5,22,4,1,0,1,0,0,0,0,0,0,4.1
475,4.21,0.0,70.12,100.0,81900,1,5,22,4,1,0,1,0,0,0,0,0,0,4.14
476,4.07,0.0,70.71,100.0,82800,1,5,23,4,1,0,1,0,0,0,0,0,0,4.07
477,3.2,0.0,78.31,100.0,83700,1,5,23,4,1,0,1,0,0,0,0,0,0,4.03
478,3.85,0.0,72.65,100.0,84600,1,5,23,4,1,0,1,0,0,0,0,0,0,4.07
479,4.39,0.0,68.61,100.0,85500,1,5,23,4,1,0,1,0,0,0,0,0,0,4.14
480,4.5,0.0,67.71,100.0,0,1,5,0,4,1,0,1,0,0,0,0,0,0,4.14
481,4.5,0.0,67.71,100.0,900,1,6,0,5,0,1,0,0,1,0,0,0,0,4.14
482,4.82,0.0,65.16,100.0,1800,1,6,0,5,0,1,0,0,1,0,0,0,0,4.14
483,4.68,0.0,65.9,100.0,2700,1,6,0,5,0,1,0,0,1,0,0,0,0,4.1
484,4.93,0.0,64.31,100.0,3600,1,6,1,5,0,1,0,0,1,0,0,0,0,4.14
485,4.64,0.0,66.58,100.0,4500,1,6,1,5,0,1,0,0,1,0,0,0,0,4.14
486,4.57,0.0,67.49,100.0,5400,1,6,1,5,0,1,0,0,1,0,0,0,0,4.18
487,5.0,0.0,63.78,100.0,6300,1,6,1,5,0,1,0,0,1,0,0,0,0,4.14
488,5.36,0.0,61.5,100.0,7200,1,6,2,5,0,1,0,0,1,0,0,0,0,4.18
489,5.47,0.0,60.72,100.0,8100,1,6,2,5,0,1,0,0,1,0,0,0,0,4.18
490,5.4,0.0,61.21,100.0,9000,1,6,2,5,0,1,0,0,1,0,0,0,0,4.18
491,5.58,0.0,60.86,100.0,9900,1,6,2,5,0,1,0,0,1,0,0,0,0,4.28
492,5.62,0.0,59.95,100.0,10800,1,6,3,5,0,1,0,0,1,0,0,0,0,4.21
493,5.54,0.0,59.86,100.0,11700,1,6,3,5,0,1,0,0,1,0,0,0,0,4.14
494,5.54,0.0,60.23,100.0,12600,1,6,3,5,0,1,0,0,1,0,0,0,0,4.18
495,5.72,0.0,59.0,100.0,13500,1,6,3,5,0,1,0,0,1,0,0,0,0,4.18
496,5.76,0.0,59.64,100.0,14400,1,6,4,5,0,1,0,0,1,0,0,0,0,4.28
497,5.8,0.0,58.74,100.0,15300,1,6,4,5,0,1,0,0,1,0,0,0,0,4.21
498,5.58,0.0,59.95,100.0,16200,1,6,4,5,0,1,0,0,1,0,0,0,0,4.18
499,5.83,0.0,58.54,100.0,17100,1,6,4,5,0,1,0,0,1,0,0,0,0,4.21
500,5.83,0.0,58.27,100.0,18000,1,6,5,5,0,1,0,0,1,0,0,0,0,4.18
501,5.51,0.0,61.08,100.0,18900,1,6,5,5,0,1,0,0,1,0,0,0,0,4.25
502,5.29,0.0,62.0,100.0,19800,1,6,5,5,0,1,0,0,1,0,0,0,0,4.18
503,5.26,0.0,61.85,100.0,20700,1,6,5,5,0,1,0,0,1,0,0,0,0,4.14
504,5.4,0.0,60.84,100.0,21600,1,6,6,5,0,1,0,0,1,0,0,0,0,4.14
505,5.47,0.0,60.35,100.0,22500,1,6,6,5,0,1,0,0,1,0,0,0,0,4.14
506,5.29,0.0,62.27,100.0,23400,1,6,6,5,0,1,0,0,1,0,0,0,0,4.21
507,5.4,0.0,61.49,100.0,24300,1,6,6,5,0,1,0,0,1,0,0,0,0,4.21
508,5.51,0.0,60.07,100.0,25200,1,6,7,5,0,1,0,0,1,0,0,0,0,4.14
509,5.22,0.0,61.49,100.0,26100,1,6,7,5,0,1,0,0,1,0,0,0,0,4.07
510,5.29,0.0,61.26,100.0,27000,1,6,7,5,0,1,0,0,1,0,0,0,0,4.1
511,5.26,0.0,61.48,100.0,27900,1,6,7,5,0,1,0,0,1,0,0,0,0,4.1
512,5.29,0.0,62.0,100.0,28800,1,6,8,5,0,1,0,0,1,0,0,0,0,4.18
513,5.11,0.0,62.3,100.0,29700,1,6,8,5,0,1,0,0,1,0,0,0,0,4.07
514,5.11,0.0,62.3,100.0,30600,1,6,8,5,0,1,0,0,1,0,0,0,0,4.07
515,5.08,0.14,62.53,99.94,31500,1,6,8,5,0,1,0,0,1,0,0,0,0,4.07
516,0.0,20.7,100.0,20.61,32400,1,6,9,5,0,1,0,0,1,0,0,0,0,4.36
517,0.0,26.5,100.0,16.89,33300,1,6,9,5,0,1,0,0,1,0,0,0,0,4.54
518,0.0,26.39,100.0,16.56,34200,1,6,9,5,0,1,0,0,1,0,0,0,0,4.43
519,0.0,20.99,100.0,18.72,35100,1,6,9,5,0,1,0,0,1,0,0,0,0,4.0
520,0.0,23.33,100.0,17.92,36000,1,6,10,5,0,1,0,0,1,0,0,0,0,4.25
521,0.0,23.33,100.0,18.04,36900,1,6,10,5,0,1,0,0,1,0,0,0,0,4.28
522,0.0,19.73,100.0,19.01,37800,1,6,10,5,0,1,0,0,1,0,0,0,0,3.82
523,0.0,26.89,100.0,15.86,38700,1,6,10,5,0,1,0,0,1,0,0,0,0,4.32
524,0.0,17.93,100.0,18.95,39600,1,6,11,5,0,1,0,0,1,0,0,0,0,3.46
525,0.0,9.9,100.0,37.46,40500,1,6,11,5,0,1,0,0,1,0,0,0,0,4.0
526,0.0,7.06,100.0,44.31,41400,1,6,11,5,0,1,0,0,1,0,0,0,0,3.49
527,0.0,7.63,100.0,43.73,42300,1,6,11,5,0,1,0,0,1,0,0,0,0,3.71
528,0.0,7.42,100.0,46.43,43200,1,6,12,5,0,1,0,0,1,0,0,0,0,3.89
529,0.0,14.08,100.0,24.32,44100,1,6,12,5,0,1,0,0,1,0,0,0,0,3.53
530,0.0,24.91,100.0,16.82,45000,1,6,12,5,0,1,0,0,1,0,0,0,0,4.25
531,0.0,17.39,100.0,20.06,45900,1,6,12,5,0,1,0,0,1,0,0,0,0,3.56
532,0.0,22.54,100.0,17.6,46800,1,6,13,5,0,1,0,0,1,0,0,0,0,4.03
533,0.0,19.69,100.0,18.18,47700,1,6,13,5,0,1,0,0,1,0,0,0,0,3.64
534,0.0,18.14,100.0,19.1,48600,1,6,13,5,0,1,0,0,1,0,0,0,0,3.53
535,0.0,25.16,100.0,15.82,49500,1,6,13,5,0,1,0,0,1,0,0,0,0,4.03
536,0.0,17.75,100.0,18.71,50400,1,6,14,5,0,1,0,0,1,0,0,0,0,3.38
537,0.0,20.92,100.0,17.6,51300,1,6,14,5,0,1,0,0,1,0,0,0,0,3.74
538,0.0,21.67,100.0,17.36,52200,1,6,14,5,0,1,0,0,1,0,0,0,0,3.82
539,0.0,17.5,100.0,19.4,53100,1,6,14,5,0,1,0,0,1,0,0,0,0,3.46
540,0.0,23.0,100.0,17.13,54000,1,6,15,5,0,1,0,0,1,0,0,0,0,4.0
541,0.0,18.9,100.0,18.91,54900,1,6,15,5,0,1,0,0,1,0,0,0,0,3.64
542,0.0,17.42,100.0,19.26,55800,1,6,15,5,0,1,0,0,1,0,0,0,0,3.42
543,0.0,24.3,100.0,16.95,56700,1,6,15,5,0,1,0,0,1,0,0,0,0,4.18
544,0.0,18.43,100.0,18.81,57600,1,6,16,5,0,1,0,0,1,0,0,0,0,3.53
545,0.0,17.6,100.0,18.86,58500,1,6,16,5,0,1,0,0,1,0,0,0,0,3.38
546,0.0,24.73,100.0,16.08,59400,1,6,16,5,0,1,0,0,1,0,0,0,0,4.03
547,0.0,18.18,100.0,18.49,60300,1,6,16,5,0,1,0,0,1,0,0,0,0,3.42
548,0.0,17.71,100.0,18.96,61200,1,6,17,5,0,1,0,0,1,0,0,0,0,3.42
549,0.0,24.91,100.0,16.24,62100,1,6,17,5,0,1,0,0,1,0,0,0,0,4.1
550,0.0,18.0,100.0,18.46,63000,1,6,17,5,0,1,0,0,1,0,0,0,0,3.38
551,0.0,17.82,100.0,18.64,63900,1,6,17,5,0,1,0,0,1,0,0,0,0,3.38
552,0.0,24.62,100.0,16.15,64800,1,6,18,5,0,1,0,0,1,0,0,0,0,4.03
553,0.0,7.96,100.0,39.86,65700,1,6,18,5,0,1,0,0,1,0,0,0,0,3.46
554,0.0,6.23,100.0,46.14,66600,1,6,18,5,0,1,0,0,1,0,0,0,0,3.24
555,0.0,20.88,100.0,18.13,67500,1,6,18,5,0,1,0,0,1,0,0,0,0,3.85
556,0.0,18.94,100.0,18.32,68400,1,6,19,5,0,1,0,0,1,0,0,0,0,3.53
557,0.0,17.86,100.0,18.81,69300,1,6,19,5,0,1,0,0,1,0,0,0,0,3.42
558,0.0,24.19,100.0,16.43,70200,1,6,19,5,0,1,0,0,1,0,0,0,0,4.03
559,0.0,18.65,100.0,18.39,71100,1,6,19,5,0,1,0,0,1,0,0,0,0,3.49
560,0.0,17.82,100.0,18.85,72000,1,6,20,5,0,1,0,0,1,0,0,0,0,3.42
561,0.0,24.16,100.0,16.61,72900,1,6,20,5,0,1,0,0,1,0,0,0,0,4.07
562,0.0,18.79,100.0,18.62,73800,1,6,20,5,0,1,0,0,1,0,0,0,0,3.56
563,0.0,17.68,100.0,19.58,74700,1,6,20,5,0,1,0,0,1,0,0,0,0,3.53
564,0.0,24.16,100.0,16.73,75600,1,6,21,5,0,1,0,0,1,0,0,0,0,4.1
565,0.0,18.97,100.0,18.64,76500,1,6,21,5,0,1,0,0,1,0,0,0,0,3.6
566,0.0,17.6,100.0,19.45,77400,1,6,21,5,0,1,0,0,1,0,0,0,0,3.49
567,0.0,24.41,100.0,16.56,78300,1,6,21,5,0,1,0,0,1,0,0,0,0,4.1
568,0.0,18.18,100.0,19.22,79200,1,6,22,5,0,1,0,0,1,0,0,0,0,3.56
569,1.15,10.01,94.46,31.4,80100,1,6,22,5,0,1,0,0,1,0,0,0,0,3.31
570,4.25,0.0,66.85,100.0,81000,1,6,22,5,0,1,0,0,1,0,0,0,0,3.82
571,3.35,0.0,69.52,100.0,81900,1,6,22,5,0,1,0,0,1,0,0,0,0,3.24
572,3.2,0.0,71.15,100.0,82800,1,6,23,5,0,1,0,0,1,0,0,0,0,3.24
573,3.46,0.0,74.12,100.0,83700,1,6,23,5,0,1,0,0,1,0,0,0,0,3.82
574,2.56,0.0,77.11,100.0,84600,1,6,23,5,0,1,0,0,1,0,0,0,0,3.1
575,2.92,0.0,74.99,100.0,85500,1,6,23,5,0,1,0,0,1,0,0,0,0,3.31
576,3.28,0.0,73.92,100.0,0,1,6,0,5,0,1,0,0,1,0,0,0,0,3.6
577,2.74,0.0,75.24,100.0,900,1,7,0,6,0,1,0,0,0,1,0,0,0,3.13
578,3.17,0.0,74.02,100.0,1800,1,7,0,6,0,1,0,0,0,1,0,0,0,3.49
579,3.6,0.0,71.1,100.0,2700,1,7,0,6,0,1,0,0,0,1,0,0,0,3.64
580,3.02,0.0,72.73,100.0,3600,1,7,1,6,0,1,0,0,0,1,0,0,0,3.2
581,3.6,0.0,70.31,100.0,4500,1,7,1,6,0,1,0,0,0,1,0,0,0,3.56
582,3.6,0.0,69.61,100.0,5400,1,7,1,6,0,1,0,0,0,1,0,0,0,3.49
583,3.2,0.0,71.9,100.0,6300,1,7,1,6,0,1,0,0,0,1,0,0,0,3.31
584,4.28,0.0,65.8,100.0,7200,1,7,2,6,0,1,0,0,0,1,0,0,0,3.74
585,3.38,0.0,70.71,100.0,8100,1,7,2,6,0,1,0,0,0,1,0,0,0,3.38
586,3.02,0.0,72.4,100.0,9000,1,7,2,6,0,1,0,0,0,1,0,0,0,3.17
587,4.32,0.0,66.92,100.0,9900,1,7,2,6,0,1,0,0,0,1,0,0,0,3.89
588,3.17,0.0,72.64,100.0,10800,1,7,3,6,0,1,0,0,0,1,0,0,0,3.35
589,3.28,0.0,70.71,100.0,11700,1,7,3,6,0,1,0,0,0,1,0,0,0,3.28
590,4.14,0.0,67.81,100.0,12600,1,7,3,6,0,1,0,0,0,1,0,0,0,3.82
591,3.2,0.0,71.15,100.0,13500,1,7,3,6,0,1,0,0,0,1,0,0,0,3.24
592,3.6,0.0,68.87,100.0,14400,1,7,4,6,0,1,0,0,0,1,0,0,0,3.42
593,3.92,0.0,68.74,100.0,15300,1,7,4,6,0,1,0,0,0,1,0,0,0,3.71
594,3.31,0.0,69.95,100.0,16200,1,7,4,6,0,1,0,0,0,1,0,0,0,3.24
595,4.18,0.0,65.98,100.0,17100,1,7,4,6,0,1,0,0,0,1,0,0,0,3.67
596,3.6,0.0,68.45,100.0,18000,1,7,5,6,0,1,0,0,0,1,0,0,0,3.38
597,3.28,0.0,70.28,100.0,18900,1,7,5,6,0,1,0,0,0,1,0,0,0,3.24
598,4.36,0.0,67.23,100.0,19800,1,7,5,6,0,1,0,0,0,1,0,0,0,3.96
599,3.31,0.0,69.95,100.0,20700,1,7,5,6,0,1,0,0,0,1,0,0,0,3.24
600,3.64,0.0,67.28,100.0,21600,1,7,6,6,0,1,0,0,0,1,0,0,0,3.31
601,4.39,0.0,65.64,100.0,22500,1,7,6,6,0,1,0,0,0,1,0,0,0,3.82
602,3.28,0.0,70.28,100.0,23400,1,7,6,6,0,1,0,0,0,1,0,0,0,3.24
603,3.71,0.0,68.93,100.0,24300,1,7,6,6,0,1,0,0,0,1,0,0,0,3.53
604,4.1,0.0,66.39,100.0,25200,1,7,7,6,0,1,0,0,0,1,0,0,0,3.64
605,3.64,0.0,66.03,100.0,26100,1,7,7,6,0,1,0,0,0,1,0,0,0,3.2
606,4.54,0.0,62.87,100.0,27000,1,7,7,6,0,1,0,0,0,1,0,0,0,3.67
607,4.21,0.0,63.49,100.0,27900,1,7,7,6,0,1,0,0,0,1,0,0,0,3.46
608,3.82,0.0,65.14,100.0,28800,1,7,8,6,0,1,0,0,0,1,0,0,0,3.28
609,4.86,0.0,61.8,100.0,29700,1,7,8,6,0,1,0,0,0,1,0,0,0,3.82
610,4.03,0.0,63.92,100.0,30600,1,7,8,6,0,1,0,0,0,1,0,0,0,3.35
611,3.85,0.18,64.85,99.85,31500,1,7,8,6,0,1,0,0,0,1,0,0,0,3.28
612,0.0,19.3,100.0,20.97,32400,1,7,9,6,0,1,0,0,0,1,0,0,0,4.14
613,0.0,17.21,100.0,20.26,33300,1,7,9,6,0,1,0,0,0,1,0,0,0,3.56
614,0.0,18.04,100.0,20.14,34200,1,7,9,6,0,1,0,0,0,1,0,0,0,3.71
615,0.0,22.93,100.0,17.6,35100,1,7,9,6,0,1,0,0,0,1,0,0,0,4.1
616,0.0,17.21,100.0,20.26,36000,1,7,10,6,0,1,0,0,0,1,0,0,0,3.56
617,0.0,19.91,100.0,18.84,36900,1,7,10,6,0,1,0,0,0,1,0,0,0,3.82
618,0.0,21.35,100.0,18.24,37800,1,7,10,6,0,1,0,0,0,1,0,0,0,3.96
619,0.0,17.28,100.0,20.18,38700,1,7,10,6,0,1,0,0,0,1,0,0,0,3.56
620,0.0,21.35,100.0,18.06,39600,1,7,11,6,0,1,0,0,0,1,0,0,0,3.92
621,0.0,7.24,100.0,44.92,40500,1,7,11,6,0,1,0,0,0,1,0,0,0,3.64
622,0.0,5.08,100.0,55.85,41400,1,7,11,6,0,1,0,0,0,1,0,0,0,3.42
623,0.0,6.59,100.0,50.15,42300,1,7,11,6,0,1,0,0,0,1,0,0,0,3.82
624,0.0,5.69,100.0,53.89,43200,1,7,12,6,0,1,0,0,0,1,0,0,0,3.64
625,0.0,13.21,100.0,25.82,44100,1,7,12,6,0,1,0,0,0,1,0,0,0,3.53
626,0.0,22.46,100.0,17.96,45000,1,7,12,6,0,1,0,0,0,1,0,0,0,4.1
627,0.0,17.96,100.0,20.39,45900,1,7,12,6,0,1,0,0,0,1,0,0,0,3.74
628,0.0,16.81,100.0,21.16,46800,1,7,13,6,0,1,0,0,0,1,0,0,0,3.64
629,0.0,23.4,100.0,17.58,47700,1,7,13,6,0,1,0,0,0,1,0,0,0,4.18
630,0.0,16.85,100.0,21.12,48600,1,7,13,6,0,1,0,0,0,1,0,0,0,3.64
631,0.0,16.85,100.0,20.67,49500,1,7,13,6,0,1,0,0,0,1,0,0,0,3.56
632,0.0,23.58,100.0,17.58,50400,1,7,14,6,0,1,0,0,0,1,0,0,0,4.21
633,0.0,16.74,100.0,21.02,51300,1,7,14,6,0,1,0,0,0,1,0,0,0,3.6
634,0.0,16.74,100.0,20.8,52200,1,7,14,6,0,1,0,0,0,1,0,0,0,3.56
635,0.0,22.61,100.0,18.31,53100,1,7,14,6,0,1,0,0,0,1,0,0,0,4.21
636,0.0,16.63,100.0,21.16,54000,1,7,15,6,0,1,0,0,0,1,0,0,0,3.6
637,0.0,16.6,100.0,21.19,54900,1,7,15,6,0,1,0,0,0,1,0,0,0,3.6
638,0.0,22.79,100.0,18.04,55800,1,7,15,6,0,1,0,0,0,1,0,0,0,4.18
639,0.0,16.74,100.0,21.02,56700,1,7,15,6,0,1,0,0,0,1,0,0,0,3.6
640,0.0,16.7,100.0,21.3,57600,1,7,16,6,0,1,0,0,0,1,0,0,0,3.64
641,0.0,23.8,100.0,17.42,58500,1,7,16,6,0,1,0,0,0,1,0,0,0,4.21
642,0.0,16.99,100.0,20.12,59400,1,7,16,6,0,1,0,0,0,1,0,0,0,3.49
643,0.0,16.99,100.0,20.34,60300,1,7,16,6,0,1,0,0,0,1,0,0,0,3.53
644,0.0,23.72,100.0,17.19,61200,1,7,17,6,0,1,0,0,0,1,0,0,0,4.14
645,0.0,16.85,100.0,20.67,62100,1,7,17,6,0,1,0,0,0,1,0,0,0,3.56
646,0.0,16.88,100.0,21.08,63000,1,7,17,6,0,1,0,0,0,1,0,0,0,3.64
647,0.0,24.01,100.0,16.99,63900,1,7,17,6,0,1,0,0,0,1,0,0,0,4.14
648,0.0,17.35,100.0,19.72,64800,1,7,18,6,0,1,0,0,0,1,0,0,0,3.49
649,0.0,6.41,100.0,46.32,65700,1,7,18,6,0,1,0,0,0,1,0,0,0,3.35
650,0.0,7.78,100.0,45.36,66600,1,7,18,6,0,1,0,0,0,1,0,0,0,3.96
651,0.0,14.69,100.0,23.55,67500,1,7,18,6,0,1,0,0,0,1,0,0,0,3.56
652,0.0,17.75,100.0,19.66,68400,1,7,19,6,0,1,0,0,0,1,0,0,0,3.56
653,0.0,23.4,100.0,17.14,69300,1,7,19,6,0,1,0,0,0,1,0,0,0,4.07
654,0.0,17.17,100.0,20.3,70200,1,7,19,6,0,1,0,0,0,1,0,0,0,3.56
655,0.0,18.72,100.0,19.24,71100,1,7,19,6,0,1,0,0,0,1,0,0,0,3.67
656,0.0,22.86,100.0,17.53,72000,1,7,20,6,0,1,0,0,0,1,0,0,0,4.07
657,0.0,17.14,100.0,20.56,72900,1,7,20,6,0,1,0,0,0,1,0,0,0,3.6
658,0.0,18.68,100.0,19.63,73800,1,7,20,6,0,1,0,0,0,1,0,0,0,3.74
659,0.0,21.49,100.0,18.3,74700,1,7,20,6,0,1,0,0,0,1,0,0,0,4.0
660,0.0,16.92,100.0,20.81,75600,1,7,21,6,0,1,0,0,0,1,0,0,0,3.6
661,0.0,19.69,100.0,19.19,76500,1,7,21,6,0,1,0,0,0,1,0,0,0,3.85
662,0.0,21.28,100.0,18.47,77400,1,7,21,6,0,1,0,0,0,1,0,0,0,4.0
663,0.0,16.88,100.0,21.25,78300,1,7,21,6,0,1,0,0,0,1,0,0,0,3.67
664,0.0,20.02,100.0,19.22,79200,1,7,22,6,0,1,0,0,0,1,0,0,0,3.92
665,1.48,13.36,93.25,27.49,80100,1,7,22,6,0,1,0,0,0,1,0,0,0,3.82
666,4.36,0.0,60.47,100.0,81000,1,7,22,6,0,1,0,0,0,1,0,0,0,3.31
667,5.08,0.0,57.82,100.0,81900,1,7,22,6,0,1,0,0,0,1,0,0,0,3.6
668,4.82,0.0,60.26,100.0,82800,1,7,23,6,0,1,0,0,0,1,0,0,0,3.64
669,3.64,0.0,66.49,100.0,83700,1,7,23,6,0,1,0,0,0,1,0,0,0,3.24
670,4.54,0.0,62.55,100.0,84600,1,7,23,6,0,1,0,0,0,1,0,0,0,3.64
671,4.1,0.0,64.06,100.0,85500,1,7,23,6,0,1,0,0,0,1,0,0,0,3.42
672,3.85,0.0,64.85,100.0,0,1,7,0,6,0,1,0,0,0,1,0,0,0,3.28
673,5.15,0.0,59.17,100.0,900,1,8,0,0,1,0,0,1,0,0,0,0,0,3.78
674,4.32,0.0,61.62,100.0,1800,1,8,0,0,1,0,0,1,0,0,0,0,0,3.38
675,4.25,0.0,61.45,100.0,2700,1,8,0,0,1,0,0,1,0,0,0,0,0,3.31
676,5.76,0.0,55.97,100.0,3600,1,8,1,0,1,0,0,1,0,0,0,0,0,3.89
677,4.32,0.0,61.28,100.0,4500,1,8,1,0,1,0,0,1,0,0,0,0,0,3.35
678,4.25,0.0,61.45,100.0,5400,1,8,1,0,1,0,0,1,0,0,0,0,0,3.31
679,5.83,0.0,56.57,100.0,6300,1,8,1,0,1,0,0,1,0,0,0,0,0,4.0
680,4.32,0.0,60.82,100.0,7200,1,8,2,0,1,0,0,1,0,0,0,0,0,3.31
681,4.68,0.0,59.0,100.0,8100,1,8,2,0,1,0,0,1,0,0,0,0,0,3.42
682,6.05,0.0,54.08,100.0,9000,1,8,2,0,1,0,0,1,0,0,0,0,0,3.89
683,4.68,0.0,58.55,100.0,9900,1,8,2,0,1,0,0,1,0,0,0,0,0,3.38
684,5.11,0.0,57.16,100.0,10800,1,8,3,0,1,0,0,1,0,0,0,0,0,3.56
685,5.76,0.0,54.87,100.0,11700,1,8,3,0,1,0,0,1,0,0,0,0,0,3.78
686,4.64,0.0,58.88,100.0,12600,1,8,3,0,1,0,0,1,0,0,0,0,0,3.38
687,5.36,0.0,56.18,100.0,13500,1,8,3,0,1,0,0,1,0,0,0,0,0,3.64
688,5.29,0.0,56.26,100.0,14400,1,8,4,0,1,0,0,1,0,0,0,0,0,3.6
689,4.54,0.0,60.61,100.0,15300,1,8,4,0,1,0,0,1,0,0,0,0,0,3.46
690,5.69,0.0,54.93,100.0,16200,1,8,4,0,1,0,0,1,0,0,0,0,0,3.74
691,4.93,0.0,58.22,100.0,17100,1,8,4,0,1,0,0,1,0,0,0,0,0,3.53
692,4.54,0.0,59.72,100.0,18000,1,8,5,0,1,0,0,1,0,0,0,0,0,3.38
693,5.94,0.0,54.39,100.0,18900,1,8,5,0,1,0,0,1,0,0,0,0,0,3.85
694,4.61,0.0,60.36,100.0,19800,1,8,5,0,1,0,0,1,0,0,0,0,0,3.49
695,4.57,0.0,59.12,100.0,20700,1,8,5,0,1,0,0,1,0,0,0,0,0,3.35
696,6.23,0.0,53.26,100.0,21600,1,8,6,0,1,0,0,1,0,0,0,0,0,3.92
697,4.43,0.0,60.32,100.0,22500,1,8,6,0,1,0,0,1,0,0,0,0,0,3.35
698,4.32,0.0,61.28,100.0,23400,1,8,6,0,1,0,0,1,0,0,0,0,0,3.35
699,5.87,0.0,55.54,100.0,24300,1,8,6,0,1,0,0,1,0,0,0,0,0,3.92
700,4.32,0.0,61.62,100.0,25200,1,8,7,0,1,0,0,1,0,0,0,0,0,3.38
701,4.46,0.0,60.06,100.0,26100,1,8,7,0,1,0,0,1,0,0,0,0,0,3.35
702,6.34,0.0,67.69,100.0,27000,1,8,7,0,1,0,0,1,0,0,0,0,0,5.83
703,5.94,0.0,73.35,100.0,27900,1,8,7,0,1,0,0,1,0,0,0,0,0,6.41
704,5.11,0.0,79.64,100.0,28800,1,8,8,0,1,0,0,1,0,0,0,0,0,6.73
705,32.36,0.0,83.92,100.0,29700,1,8,8,0,1,0,0,1,0,0,0,0,0,49.93
706,77.8,0.0,85.9,100.0,30600,1,8,8,0,1,0,0,1,0,0,0,0,0,130.54
707,56.23,0.0,82.26,100.0,31500,1,8,8,0,1,0,0,1,0,0,0,0,0,81.36
708,42.34,0.0,93.84,100.0,32400,1,8,9,0,1,0,0,1,0,0,0,0,0,114.95
709,30.56,0.0,96.22,100.0,33300,1,8,9,0,1,0,0,1,0,0,0,0,0,108.04
710,27.58,0.0,96.06,100.0,34200,1,8,9,0,1,0,0,1,0,0,0,0,0,95.26
711,51.37,0.0,93.56,100.0,35100,1,8,9,0,1,0,0,1,0,0,0,0,0,136.15
712,47.23,0.0,91.75,100.0,36000,1,8,10,0,1,0,0,1,0,0,0,0,0,108.97
713,55.8,0.0,92.42,100.0,36900,1,8,10,0,1,0,0,1,0,0,0,0,0,135.04
714,45.07,0.0,92.18,100.0,37800,1,8,10,0,1,0,0,1,0,0,0,0,0,107.14
715,58.9,0.0,92.11,100.0,38700,1,8,10,0,1,0,0,1,0,0,0,0,0,139.39
716,37.44,0.0,93.05,100.0,39600,1,8,11,0,1,0,0,1,0,0,0,0,0,95.08
717,74.63,0.0,88.02,100.0,40500,1,8,11,0,1,0,0,1,0,0,0,0,0,138.38
718,70.7,0.0,87.12,100.0,41400,1,8,11,0,1,0,0,1,0,0,0,0,0,125.46
719,65.95,0.0,86.98,100.0,42300,1,8,11,0,1,0,0,1,0,0,0,0,0,116.24
720,65.63,0.0,87.74,100.0,43200,1,8,12,0,1,0,0,1,0,0,0,0,0,120.02
721,0.72,20.63,99.72,42.37,44100,1,8,12,0,1,0,0,1,0,0,0,0,0,9.65
722,0.0,26.32,100.0,31.42,45000,1,8,12,0,1,0,0,1,0,0,0,0,0,8.71
723,0.0,25.7,100.0,32.59,45900,1,8,12,0,1,0,0,1,0,0,0,0,0,8.86
724,0.0,25.7,100.0,32.23,46800,1,8,13,0,1,0,0,1,0,0,0,0,0,8.75
725,25.56,5.69,91.89,99.55,47700,1,8,13,0,1,0,0,1,0,0,0,0,0,59.54
726,37.66,0.0,89.63,100.0,48600,1,8,13,0,1,0,0,1,0,0,0,0,0,76.14
727,55.62,0.0,89.54,100.0,49500,1,8,13,0,1,0,0,1,0,0,0,0,0,111.85
728,53.42,0.0,91.49,100.0,50400,1,8,14,0,1,0,0,1,0,0,0,0,0,121.07
729,44.28,0.0,90.64,100.0,51300,1,8,14,0,1,0,0,1,0,0,0,0,0,95.04
730,45.68,0.0,92.12,100.0,52200,1,8,14,0,1,0,0,1,0,0,0,0,0,108.14
731,33.12,0.0,94.22,100.0,53100,1,8,14,0,1,0,0,1,0,0,0,0,0,93.17
732,27.94,0.0,94.87,100.0,54000,1,8,15,0,1,0,0,1,0,0,0,0,0,83.84
733,43.13,0.0,93.31,100.0,54900,1,8,15,0,1,0,0,1,0,0,0,0,0,111.89
734,44.14,0.0,92.92,100.0,55800,1,8,15,0,1,0,0,1,0,0,0,0,0,111.02
735,56.84,0.0,91.21,100.0,56700,1,8,15,0,1,0,0,1,0,0,0,0,0,126.43
736,49.79,0.0,91.47,100.0,57600,1,8,16,0,1,0,0,1,0,0,0,0,0,112.68
737,35.82,0.0,91.68,100.0,58500,1,8,16,0,1,0,0,1,0,0,0,0,0,82.22
738,35.14,0.0,94.01,100.0,59400,1,8,16,0,1,0,0,1,0,0,0,0,0,96.88
739,53.93,0.0,93.05,100.0,60300,1,8,16,0,1,0,0,1,0,0,0,0,0,136.98
740,36.29,0.0,94.06,100.0,61200,1,8,17,0,1,0,0,1,0,0,0,0,0,100.58
741,49.21,0.0,93.66,100.0,62100,1,8,17,0,1,0,0,1,0,0,0,0,0,131.54
742,29.59,0.0,96.02,100.0,63000,1,8,17,0,1,0,0,1,0,0,0,0,0,101.66
743,1.01,9.0,99.96,97.27,63900,1,8,17,0,1,0,0,1,0,0,0,0,0,37.73
744,0.0,9.47,100.0,96.22,64800,1,8,18,0,1,0,0,1,0,0,0,0,0,33.48
745,33.95,0.58,90.9,100.0,65700,1,8,18,0,1,0,0,1,0,0,0,0,0,74.02
746,72.29,0.0,87.29,100.0,66600,1,8,18,0,1,0,0,1,0,0,0,0,0,129.35
747,57.35,0.0,91.13,100.0,67500,1,8,18,0,1,0,0,1,0,0,0,0,0,126.97
748,46.3,0.0,93.0,100.0,68400,1,8,19,0,1,0,0,1,0,0,0,0,0,117.14
749,24.23,0.0,94.6,100.0,69300,1,8,19,0,1,0,0,1,0,0,0,0,0,70.74
750,64.3,0.0,91.29,100.0,70200,1,8,19,0,1,0,0,1,0,0,0,0,0,143.78
751,46.94,0.0,91.7,100.0,71100,1,8,19,0,1,0,0,1,0,0,0,0,0,107.89
752,61.74,0.0,92.04,100.0,72000,1,8,20,0,1,0,0,1,0,0,0,0,0,145.3
753,40.9,0.0,92.99,100.0,72900,1,8,20,0,1,0,0,1,0,0,0,0,0,103.43
754,46.22,0.0,94.59,100.0,73800,1,8,20,0,1,0,0,1,0,0,0,0,0,134.78
755,40.28,0.0,93.83,100.0,74700,1,8,20,0,1,0,0,1,0,0,0,0,0,109.33
756,23.29,0.97,97.22,99.99,75600,1,8,21,0,1,0,0,1,0,0,0,0,0,96.73
757,0.14,20.3,99.99,55.57,76500,1,8,21,0,1,0,0,1,0,0,0,0,0,13.57
758,0.0,26.03,100.0,20.17,77400,1,8,21,0,1,0,0,1,0,0,0,0,0,5.36
759,0.0,25.99,100.0,19.55,78300,1,8,21,0,1,0,0,1,0,0,0,0,0,5.18
760,0.0,25.96,100.0,19.71,79200,1,8,22,0,1,0,0,1,0,0,0,0,0,5.22
761,1.98,14.65,92.98,32.3,80100,1,8,22,0,1,0,0,1,0,0,0,0,0,5.0
762,5.15,0.0,67.8,100.0,81000,1,8,22,0,1,0,0,1,0,0,0,0,0,4.75
763,5.0,0.0,68.65,100.0,81900,1,8,22,0,1,0,0,1,0,0,0,0,0,4.72
764,5.0,0.0,68.87,100.0,82800,1,8,23,0,1,0,0,1,0,0,0,0,0,4.75
765,4.28,0.0,74.08,100.0,83700,1,8,23,0,1,0,0,1,0,0,0,0,0,4.72
766,4.07,0.0,75.18,100.0,84600,1,8,23,0,1,0,0,1,0,0,0,0,0,4.64
767,4.1,0.0,74.94,100.0,85500,1,8,23,0,1,0,0,1,0,0,0,0,0,4.64
768,4.28,0.0,73.79,100.0,0,1,8,0,0,1,0,0,1,0,0,0,0,0,4.68
769,4.18,0.0,74.58,100.0,900,1,9,0,1,1,0,0,0,0,0,0,1,0,4.68
770,4.36,0.0,73.67,100.0,1800,1,9,0,1,1,0,0,0,0,0,0,1,0,4.75
771,4.46,0.0,72.39,100.0,2700,1,9,0,1,1,0,0,0,0,0,0,1,0,4.68
772,4.39,0.0,72.93,100.0,3600,1,9,1,1,1,0,0,0,0,0,0,1,0,4.68
773,4.32,0.0,73.48,100.0,4500,1,9,1,1,1,0,0,0,0,0,0,1,0,4.68
774,4.21,0.0,74.63,100.0,5400,1,9,1,1,1,0,0,0,0,0,0,1,0,4.72
775,4.39,0.0,73.44,100.0,6300,1,9,1,1,1,0,0,0,0,0,0,1,0,4.75
776,4.21,0.0,74.84,100.0,7200,1,9,2,1,1,0,0,0,0,0,0,1,0,4.75
777,4.25,0.0,73.74,100.0,8100,1,9,2,1,1,0,0,0,0,0,0,1,0,4.64
778,4.25,0.0,74.03,100.0,9000,1,9,2,1,1,0,0,0,0,0,0,1,0,4.68
779,4.28,0.0,74.08,100.0,9900,1,9,2,1,1,0,0,0,0,0,0,1,0,4.72
780,4.39,0.0,73.44,100.0,10800,1,9,3,1,1,0,0,0,0,0,0,1,0,4.75
781,4.57,0.0,71.84,100.0,11700,1,9,3,1,1,0,0,0,0,0,0,1,0,4.72
782,4.32,0.0,73.77,100.0,12600,1,9,3,1,1,0,0,0,0,0,0,1,0,4.72
783,4.5,0.0,72.08,100.0,13500,1,9,3,1,1,0,0,0,0,0,0,1,0,4.68
784,4.46,0.0,72.68,100.0,14400,1,9,4,1,1,0,0,0,0,0,0,1,0,4.72
785,4.14,0.0,74.9,100.0,15300,1,9,4,1,1,0,0,0,0,0,0,1,0,4.68
786,4.07,0.0,75.73,100.0,16200,1,9,4,1,1,0,0,0,0,0,0,1,0,4.72
787,4.18,0.0,74.58,100.0,17100,1,9,4,1,1,0,0,0,0,0,0,1,0,4.68
788,3.92,0.0,76.39,100.0,18000,1,9,5,1,1,0,0,0,0,0,0,1,0,4.64
789,4.0,0.0,75.74,100.0,18900,1,9,5,1,1,0,0,0,0,0,0,1,0,4.64
790,3.89,0.0,76.9,100.0,19800,1,9,5,1,1,0,0,0,0,0,0,1,0,4.68
791,3.89,0.0,77.37,100.0,20700,1,9,5,1,1,0,0,0,0,0,0,1,0,4.75
792,4.03,0.0,75.78,100.0,21600,1,9,6,1,1,0,0,0,0,0,0,1,0,4.68
793,3.82,0.0,77.47,100.0,22500,1,9,6,1,1,0,0,0,0,0,0,1,0,4.68
794,3.78,0.0,77.79,100.0,23400,1,9,6,1,1,0,0,0,0,0,0,1,0,4.68
795,2.88,0.0,81.15,100.0,24300,1,9,6,1,1,0,0,0,0,0,0,1,0,4.0
796,3.89,0.0,76.15,100.0,25200,1,9,7,1,1,0,0,0,0,0,0,1,0,4.57
797,3.28,0.0,78.09,100.0,26100,1,9,7,1,1,0,0,0,0,0,0,1,0,4.1
798,3.42,0.0,83.45,100.0,27000,1,9,7,1,1,0,0,0,0,0,0,1,0,5.18
799,4.07,0.0,86.85,100.0,27900,1,9,7,1,1,0,0,0,0,0,0,1,0,7.13
800,28.76,0.0,79.58,100.0,28800,1,9,8,1,1,0,0,0,0,0,0,1,0,37.8
801,59.69,0.0,85.74,100.0,29700,1,9,8,1,1,0,0,0,0,0,0,1,0,99.43
802,56.99,0.0,82.67,100.0,30600,1,9,8,1,1,0,0,0,0,0,0,1,0,83.74
803,66.67,0.0,83.88,100.0,31500,1,9,8,1,1,0,0,0,0,0,0,1,0,102.71
804,51.88,0.0,92.72,100.0,32400,1,9,9,1,1,0,0,0,0,0,0,1,0,128.38
805,57.46,0.0,90.63,100.0,33300,1,9,9,1,1,0,0,0,0,0,0,1,0,123.19
806,50.94,0.0,93.38,100.0,34200,1,9,9,1,1,0,0,0,0,0,0,1,0,132.91
807,33.44,0.0,95.34,100.0,35100,1,9,9,1,1,0,0,0,0,0,0,1,0,105.66
808,48.02,0.0,93.98,100.0,36000,1,9,10,1,1,0,0,0,0,0,0,1,0,132.01
809,33.55,0.0,95.37,100.0,36900,1,9,10,1,1,0,0,0,0,0,0,1,0,106.42
810,48.74,0.0,92.65,100.0,37800,1,9,10,1,1,0,0,0,0,0,0,1,0,120.02
811,45.83,0.0,94.21,100.0,38700,1,9,10,1,1,0,0,0,0,0,0,1,0,128.81
812,43.74,0.0,93.64,100.0,39600,1,9,11,1,1,0,0,0,0,0,0,1,0,116.68
813,70.96,0.0,88.68,100.0,40500,1,9,11,1,1,0,0,0,0,0,0,1,0,136.19
814,55.62,0.0,88.64,100.0,41400,1,9,11,1,1,0,0,0,0,0,0,1,0,106.49
815,66.31,0.0,88.45,100.0,42300,1,9,11,1,1,0,0,0,0,0,0,1,0,125.71
816,50.11,0.0,90.66,100.0,43200,1,9,12,1,1,0,0,0,0,0,0,1,0,107.64
817,4.14,19.37,96.2,60.14,44100,1,9,12,1,1,0,0,0,0,0,0,1,0,14.58
818,0.0,26.32,100.0,30.37,45000,1,9,12,1,1,0,0,0,0,0,0,1,0,8.39
819,0.0,25.78,100.0,31.64,45900,1,9,12,1,1,0,0,0,0,0,0,1,0,8.6
820,0.0,20.56,100.0,57.95,46800,1,9,13,1,1,0,0,0,0,0,0,1,0,14.62
821,20.56,2.59,97.19,99.95,47700,1,9,13,1,1,0,0,0,0,0,0,1,0,84.92
822,50.94,0.0,93.7,100.0,48600,1,9,13,1,1,0,0,0,0,0,0,1,0,136.69
823,33.88,0.0,95.05,100.0,49500,1,9,13,1,1,0,0,0,0,0,0,1,0,103.64
824,42.95,0.0,94.72,100.0,50400,1,9,14,1,1,0,0,0,0,0,0,1,0,126.83
825,36.04,0.0,94.67,100.0,51300,1,9,14,1,1,0,0,0,0,0,0,1,0,105.91
826,45.54,0.0,94.19,100.0,52200,1,9,14,1,1,0,0,0,0,0,0,1,0,127.73
827,34.78,0.0,95.1,100.0,53100,1,9,14,1,1,0,0,0,0,0,0,1,0,106.99
828,40.39,0.0,95.15,100.0,54000,1,9,15,1,1,0,0,0,0,0,0,1,0,124.92
829,23.29,0.0,94.42,100.0,54900,1,9,15,1,1,0,0,0,0,0,0,1,0,66.74
830,23.62,0.0,94.91,100.0,55800,1,9,15,1,1,0,0,0,0,0,0,1,0,71.14
831,37.55,0.0,94.82,100.0,56700,1,9,15,1,1,0,0,0,0,0,0,1,0,112.03
832,49.03,0.0,92.92,100.0,57600,1,9,16,1,1,0,0,0,0,0,0,1,0,123.3
833,34.24,0.0,95.49,100.0,58500,1,9,16,1,1,0,0,0,0,0,0,1,0,110.05
834,46.48,0.0,93.95,100.0,59400,1,9,16,1,1,0,0,0,0,0,0,1,0,127.48
835,34.52,0.0,95.07,100.0,60300,1,9,16,1,1,0,0,0,0,0,0,1,0,105.84
836,38.7,0.0,94.99,100.0,61200,1,9,17,1,1,0,0,0,0,0,0,1,0,117.61
837,43.27,0.0,93.8,100.0,62100,1,9,17,1,1,0,0,0,0,0,0,1,0,117.07
838,41.0,0.0,94.42,100.0,63000,1,9,17,1,1,0,0,0,0,0,0,1,0,117.58
839,1.15,8.53,99.95,97.29,63900,1,9,17,1,1,0,0,0,0,0,0,1,0,35.86
840,0.0,9.94,100.0,95.87,64800,1,9,18,1,1,0,0,0,0,0,0,1,0,33.52
841,35.17,0.79,91.12,99.99,65700,1,9,18,1,1,0,0,0,0,0,0,1,0,77.8
842,57.92,0.0,88.75,100.0,66600,1,9,18,1,1,0,0,0,0,0,0,1,0,111.53
843,49.25,0.0,92.66,100.0,67500,1,9,18,1,1,0,0,0,0,0,0,1,0,121.36
844,40.25,0.0,94.37,100.0,68400,1,9,19,1,1,0,0,0,0,0,0,1,0,114.8
845,33.34,0.0,95.2,100.0,69300,1,9,19,1,1,0,0,0,0,0,0,1,0,103.68
846,48.2,0.0,93.14,100.0,70200,1,9,19,1,1,0,0,0,0,0,0,1,0,123.34
847,40.82,0.0,93.6,100.0,71100,1,9,19,1,1,0,0,0,0,0,0,1,0,108.54
848,36.83,0.0,95.08,100.0,72000,1,9,20,1,1,0,0,0,0,0,0,1,0,113.0
849,37.15,0.0,94.36,100.0,72900,1,9,20,1,1,0,0,0,0,0,0,1,0,105.84
850,39.49,0.0,94.9,100.0,73800,1,9,20,1,1,0,0,0,0,0,0,1,0,118.87
851,25.88,0.0,96.79,100.0,74700,1,9,20,1,1,0,0,0,0,0,0,1,0,99.72
852,14.18,1.73,98.58,99.98,75600,1,9,21,1,1,0,0,0,0,0,0,1,0,83.12
853,0.0,22.93,100.0,44.55,76500,1,9,21,1,1,0,0,0,0,0,0,1,0,11.41
854,0.0,26.78,100.0,19.27,77400,1,9,21,1,1,0,0,0,0,0,0,1,0,5.26
855,0.0,26.71,100.0,18.4,78300,1,9,21,1,1,0,0,0,0,0,0,1,0,5.0
856,0.0,26.75,100.0,18.27,79200,1,9,22,1,1,0,0,0,0,0,0,1,0,4.97
857,1.8,15.3,93.93,30.67,80100,1,9,22,1,1,0,0,0,0,0,0,1,0,4.93
858,5.15,0.0,66.94,100.0,81000,1,9,22,1,1,0,0,0,0,0,0,1,0,4.64
859,4.97,0.0,68.24,100.0,81900,1,9,22,1,1,0,0,0,0,0,0,1,0,4.64
860,4.97,0.0,67.69,100.0,82800,1,9,23,1,1,0,0,0,0,0,0,1,0,4.57
861,4.32,0.0,73.19,100.0,83700,1,9,23,1,1,0,0,0,0,0,0,1,0,4.64
862,4.14,0.0,74.4,100.0,84600,1,9,23,1,1,0,0,0,0,0,0,1,0,4.61
863,4.25,0.0,73.23,100.0,85500,1,9,23,1,1,0,0,0,0,0,0,1,0,4.57
864,4.28,0.0,72.99,100.0,0,1,9,0,1,1,0,0,0,0,0,0,1,0,4.57
865,4.36,0.0,71.82,100.0,900,1,10,0,2,1,0,0,0,0,0,0,0,1,4.5
866,4.61,0.0,70.4,100.0,1800,1,10,0,2,1,0,0,0,0,0,0,0,1,4.57
867,4.61,0.0,70.71,100.0,2700,1,10,0,2,1,0,0,0,0,0,0,0,1,4.61
868,4.32,0.0,72.44,100.0,3600,1,10,1,2,1,0,0,0,0,0,0,0,1,4.54
869,4.39,0.0,72.42,100.0,4500,1,10,1,2,1,0,0,0,0,0,0,0,1,4.61
870,4.57,0.0,70.71,100.0,5400,1,10,1,2,1,0,0,0,0,0,0,0,1,4.57
871,4.57,0.0,71.02,100.0,6300,1,10,1,2,1,0,0,0,0,0,0,0,1,4.61
872,4.75,0.0,69.88,100.0,7200,1,10,2,2,1,0,0,0,0,0,0,0,1,4.64
873,4.72,0.0,69.87,100.0,8100,1,10,2,2,1,0,0,0,0,0,0,0,1,4.61
874,4.43,0.0,71.57,100.0,9000,1,10,2,2,1,0,0,0,0,0,0,0,1,4.54
875,4.5,0.0,71.25,100.0,9900,1,10,2,2,1,0,0,0,0,0,0,0,1,4.57
876,4.46,0.0,71.57,100.0,10800,1,10,3,2,1,0,0,0,0,0,0,0,1,4.57
877,4.39,0.0,72.42,100.0,11700,1,10,3,2,1,0,0,0,0,0,0,0,1,4.61
878,4.57,0.0,70.71,100.0,12600,1,10,3,2,1,0,0,0,0,0,0,0,1,4.57
879,4.5,0.0,71.02,100.0,13500,1,10,3,2,1,0,0,0,0,0,0,0,1,4.54
880,4.43,0.0,71.8,100.0,14400,1,10,4,2,1,0,0,0,0,0,0,0,1,4.57
881,4.54,0.0,70.94,100.0,15300,1,10,4,2,1,0,0,0,0,0,0,0,1,4.57
882,4.39,0.0,72.12,100.0,16200,1,10,4,2,1,0,0,0,0,0,0,0,1,4.57
883,4.36,0.0,72.13,100.0,17100,1,10,4,2,1,0,0,0,0,0,0,0,1,4.54
884,4.61,0.0,70.4,100.0,18000,1,10,5,2,1,0,0,0,0,0,0,0,1,4.57
885,4.46,0.0,71.57,100.0,18900,1,10,5,2,1,0,0,0,0,0,0,0,1,4.57
886,4.46,0.0,71.57,100.0,19800,1,10,5,2,1,0,0,0,0,0,0,0,1,4.57
887,4.39,0.0,72.12,100.0,20700,1,10,5,2,1,0,0,0,0,0,0,0,1,4.57
888,4.36,0.0,72.13,100.0,21600,1,10,6,2,1,0,0,0,0,0,0,0,1,4.54
889,5.0,0.0,67.79,100.0,22500,1,10,6,2,1,0,0,0,0,0,0,0,1,4.61
890,4.79,0.0,69.03,100.0,23400,1,10,6,2,1,0,0,0,0,0,0,0,1,4.57
891,4.75,0.0,68.2,100.0,24300,1,10,6,2,1,0,0,0,0,0,0,0,1,4.43
892,3.82,0.0,73.49,100.0,25200,1,10,7,2,1,0,0,0,0,0,0,0,1,4.14
893,4.82,0.0,71.0,100.0,26100,1,10,7,2,1,0,0,0,0,0,0,0,1,4.86
894,4.93,0.0,80.07,100.0,27000,1,10,7,2,1,0,0,0,0,0,0,0,1,6.59
895,5.0,0.0,81.72,100.0,27900,1,10,7,2,1,0,0,0,0,0,0,0,1,7.09
896,4.64,0.04,83.67,100.0,28800,1,10,8,2,1,0,0,0,0,0,0,0,1,7.09
897,58.9,0.0,84.89,100.0,29700,1,10,8,2,1,0,0,0,0,0,0,0,1,94.61
898,63.65,0.0,86.08,100.0,30600,1,10,8,2,1,0,0,0,0,0,0,0,1,107.64
899,63.22,0.0,84.91,100.0,31500,1,10,8,2,1,0,0,0,0,0,0,0,1,101.63
900,50.26,0.0,92.71,100.0,32400,1,10,9,2,1,0,0,0,0,0,0,0,1,124.31
901,35.42,0.0,95.18,100.0,33300,1,10,9,2,1,0,0,0,0,0,0,0,1,109.91
902,45.61,0.0,94.03,100.0,34200,1,10,9,2,1,0,0,0,0,0,0,0,1,126.04
903,32.58,0.0,94.93,100.0,35100,1,10,9,2,1,0,0,0,0,0,0,0,1,98.39
904,43.49,0.0,94.14,100.0,36000,1,10,10,2,1,0,0,0,0,0,0,0,1,121.43
905,38.77,0.0,94.94,100.0,36900,1,10,10,2,1,0,0,0,0,0,0,0,1,117.14
906,32.65,0.0,95.55,100.0,37800,1,10,10,2,1,0,0,0,0,0,0,0,1,105.8
907,42.23,0.0,94.73,100.0,38700,1,10,10,2,1,0,0,0,0,0,0,0,1,124.88
908,36.11,0.0,95.04,100.0,39600,1,10,11,2,1,0,0,0,0,0,0,0,1,110.34
909,70.56,0.0,89.7,100.0,40500,1,10,11,2,1,0,0,0,0,0,0,0,1,143.21
910,51.98,0.0,89.02,100.0,41400,1,10,11,2,1,0,0,0,0,0,0,0,1,101.59
911,71.89,0.0,88.53,100.0,42300,1,10,11,2,1,0,0,0,0,0,0,0,1,136.87
912,61.49,0.0,89.41,100.0,43200,1,10,12,2,1,0,0,0,0,0,0,0,1,122.76
913,4.82,20.16,94.92,58.5,44100,1,10,12,2,1,0,0,0,0,0,0,0,1,14.54
914,0.0,26.46,100.0,30.68,45000,1,10,12,2,1,0,0,0,0,0,0,0,1,8.53
915,0.0,25.78,100.0,32.01,45900,1,10,12,2,1,0,0,0,0,0,0,0,1,8.71
916,0.0,25.13,100.0,33.95,46800,1,10,13,2,1,0,0,0,0,0,0,0,1,9.07
917,31.25,3.02,93.83,99.94,47700,1,10,13,2,1,0,0,0,0,0,0,0,1,84.82
918,57.85,0.0,92.4,100.0,48600,1,10,13,2,1,0,0,0,0,0,0,0,1,139.75
919,31.36,0.0,95.27,100.0,49500,1,10,13,2,1,0,0,0,0,0,0,0,1,98.32
920,40.39,0.0,94.81,100.0,50400,1,10,14,2,1,0,0,0,0,0,0,0,1,120.49
921,40.5,0.0,94.38,100.0,51300,1,10,14,2,1,0,0,0,0,0,0,0,1,115.7
922,42.52,0.0,94.35,100.0,52200,1,10,14,2,1,0,0,0,0,0,0,0,1,121.1
923,34.09,0.0,95.68,100.0,53100,1,10,14,2,1,0,0,0,0,0,0,0,1,112.25
924,32.4,0.0,94.8,100.0,54000,1,10,15,2,1,0,0,0,0,0,0,0,1,96.52
925,40.79,0.0,93.84,100.0,54900,1,10,15,2,1,0,0,0,0,0,0,0,1,110.77
926,40.32,0.0,93.58,100.0,55800,1,10,15,2,1,0,0,0,0,0,0,0,1,107.03
927,29.41,0.0,95.97,100.0,56700,1,10,15,2,1,0,0,0,0,0,0,0,1,100.48
928,44.14,0.0,94.14,100.0,57600,1,10,16,2,1,0,0,0,0,0,0,0,1,123.19
929,31.86,0.0,95.7,100.0,58500,1,10,16,2,1,0,0,0,0,0,0,0,1,105.12
930,34.74,0.0,95.55,100.0,59400,1,10,16,2,1,0,0,0,0,0,0,0,1,112.46
931,46.69,0.0,93.45,100.0,60300,1,10,16,2,1,0,0,0,0,0,0,0,1,122.58
932,43.27,0.0,94.59,100.0,61200,1,10,17,2,1,0,0,0,0,0,0,0,1,126.18
933,32.83,0.0,94.58,100.0,62100,1,10,17,2,1,0,0,0,0,0,0,0,1,95.58
934,42.12,0.0,94.5,100.0,63000,1,10,17,2,1,0,0,0,0,0,0,0,1,121.72
935,53.57,0.0,92.39,100.0,63900,1,10,17,2,1,0,0,0,0,0,0,0,1,129.38
936,32.15,0.0,95.3,100.0,64800,1,10,18,2,1,0,0,0,0,0,0,0,1,101.09
937,10.98,0.14,95.47,100.0,65700,1,10,18,2,1,0,0,0,0,0,0,0,1,35.24
938,0.47,4.46,99.94,94.66,66600,1,10,18,2,1,0,0,0,0,0,0,0,1,13.1
939,0.0,21.02,100.0,36.38,67500,1,10,18,2,1,0,0,0,0,0,0,0,1,8.21
940,0.0,26.89,100.0,18.92,68400,1,10,19,2,1,0,0,0,0,0,0,0,1,5.18
941,0.0,26.82,100.0,19.35,69300,1,10,19,2,1,0,0,0,0,0,0,0,1,5.29
942,0.0,26.96,100.0,18.87,70200,1,10,19,2,1,0,0,0,0,0,0,0,1,5.18
943,0.0,27.04,100.0,18.32,71100,1,10,19,2,1,0,0,0,0,0,0,0,1,5.04
944,0.0,27.0,100.0,18.35,72000,1,10,20,2,1,0,0,0,0,0,0,0,1,5.04
945,0.0,26.93,100.0,18.4,72900,1,10,20,2,1,0,0,0,0,0,0,0,1,5.04
946,0.0,26.75,100.0,18.52,73800,1,10,20,2,1,0,0,0,0,0,0,0,1,5.04
947,0.0,26.75,100.0,18.91,74700,1,10,20,2,1,0,0,0,0,0,0,0,1,5.15
948,0.0,26.75,100.0,18.91,75600,1,10,21,2,1,0,0,0,0,0,0,0,1,5.15
949,0.0,26.53,100.0,18.81,76500,1,10,21,2,1,0,0,0,0,0,0,0,1,5.08
950,0.0,26.32,100.0,18.95,77400,1,10,21,2,1,0,0,0,0,0,0,0,1,5.08
951,0.0,26.35,100.0,18.79,78300,1,10,21,2,1,0,0,0,0,0,0,0,1,5.04
952,0.0,26.39,100.0,19.01,79200,1,10,22,2,1,0,0,0,0,0,0,0,1,5.11
953,1.98,15.08,92.72,30.9,80100,1,10,22,2,1,0,0,0,0,0,0,0,1,4.9
954,5.76,0.0,63.06,100.0,81000,1,10,22,2,1,0,0,0,0,0,0,0,1,4.68
955,5.4,0.0,65.17,100.0,81900,1,10,22,2,1,0,0,0,0,0,0,0,1,4.64
956,5.08,0.0,67.2,100.0,82800,1,10,23,2,1,0,0,0,0,0,0,0,1,4.61
957,4.21,0.0,74.06,100.0,83700,1,10,23,2,1,0,0,0,0,0,0,0,1,4.64
958,4.1,0.0,74.43,100.0,84600,1,10,23,2,1,0,0,0,0,0,0,0,1,4.57
959,4.54,0.0,70.94,100.0,85500,1,10,23,2,1,0,0,0,0,0,0,0,1,4.57
960,4.68,0.0,69.86,100.0,0,1,10,0,2,1,0,0,0,0,0,0,0,1,4.57
961,4.46,0.0,71.57,100.0,900,1,11,0,3,1,0,0,0,0,0,1,0,0,4.57
962,4.75,0.0,70.18,100.0,1800,1,11,0,3,1,0,0,0,0,0,1,0,0,4.68
963,4.9,0.0,68.52,100.0,2700,1,11,0,3,1,0,0,0,0,0,1,0,0,4.61
964,4.68,0.0,70.18,100.0,3600,1,11,1,3,1,0,0,0,0,0,1,0,0,4.61
965,4.9,0.0,68.52,100.0,4500,1,11,1,3,1,0,0,0,0,0,1,0,0,4.61
966,5.08,0.0,67.2,100.0,5400,1,11,1,3,1,0,0,0,0,0,1,0,0,4.61
967,4.79,0.0,69.88,100.0,6300,1,11,1,3,1,0,0,0,0,0,1,0,0,4.68
968,4.9,0.0,68.52,100.0,7200,1,11,2,3,1,0,0,0,0,0,1,0,0,4.61
969,4.72,0.0,69.87,100.0,8100,1,11,2,3,1,0,0,0,0,0,1,0,0,4.61
970,4.36,0.0,72.35,100.0,9000,1,11,2,3,1,0,0,0,0,0,1,0,0,4.57
971,4.39,0.0,72.12,100.0,9900,1,11,2,3,1,0,0,0,0,0,1,0,0,4.57
972,4.21,0.0,73.84,100.0,10800,1,11,3,3,1,0,0,0,0,0,1,0,0,4.61
973,4.68,0.0,70.18,100.0,11700,1,11,3,3,1,0,0,0,0,0,1,0,0,4.61
974,4.36,0.0,72.35,100.0,12600,1,11,3,3,1,0,0,0,0,0,1,0,0,4.57
975,4.28,0.0,72.99,100.0,13500,1,11,3,3,1,0,0,0,0,0,1,0,0,4.57
976,4.21,0.0,73.55,100.0,14400,1,11,4,3,1,0,0,0,0,0,1,0,0,4.57
977,4.21,0.0,73.84,100.0,15300,1,11,4,3,1,0,0,0,0,0,1,0,0,4.61
978,4.64,0.0,70.17,100.0,16200,1,11,4,3,1,0,0,0,0,0,1,0,0,4.57
979,4.5,0.0,71.56,100.0,17100,1,11,4,3,1,0,0,0,0,0,1,0,0,4.61
980,4.46,0.0,71.57,100.0,18000,1,11,5,3,1,0,0,0,0,0,1,0,0,4.57
981,4.5,0.0,71.25,100.0,18900,1,11,5,3,1,0,0,0,0,0,1,0,0,4.57
982,4.46,0.0,72.1,100.0,19800,1,11,5,3,1,0,0,0,0,0,1,0,0,4.64
983,4.54,0.0,70.94,100.0,20700,1,11,5,3,1,0,0,0,0,0,1,0,0,4.57
984,4.36,0.0,72.35,100.0,21600,1,11,6,3,1,0,0,0,0,0,1,0,0,4.57
985,4.46,0.0,71.57,100.0,22500,1,11,6,3,1,0,0,0,0,0,1,0,0,4.57
986,4.36,0.0,72.35,100.0,23400,1,11,6,3,1,0,0,0,0,0,1,0,0,4.57
987,3.92,0.0,74.36,100.0,24300,1,11,6,3,1,0,0,0,0,0,1,0,0,4.36
988,3.89,0.0,74.0,100.0,25200,1,11,7,3,1,0,0,0,0,0,1,0,0,4.28
989,4.1,0.0,74.22,100.0,26100,1,11,7,3,1,0,0,0,0,0,1,0,0,4.54
990,3.38,0.0,79.7,100.0,27000,1,11,7,3,1,0,0,0,0,0,1,0,0,4.46
991,4.0,0.0,87.3,100.0,27900,1,11,7,3,1,0,0,0,0,0,1,0,0,7.16
992,3.53,0.04,90.21,100.0,28800,1,11,8,3,1,0,0,0,0,0,1,0,0,7.38
993,46.37,0.0,84.01,100.0,29700,1,11,8,3,1,0,0,0,0,0,1,0,0,71.82
994,79.7,0.0,86.45,100.0,30600,1,11,8,3,1,0,0,0,0,0,1,0,0,137.09
995,71.78,0.0,85.09,100.0,31500,1,11,8,3,1,0,0,0,0,0,1,0,0,116.28
996,53.14,0.0,91.99,100.0,32400,1,11,9,3,1,0,0,0,0,0,1,0,0,124.63
997,47.52,0.0,93.17,100.0,33300,1,11,9,3,1,0,0,0,0,0,1,0,0,121.9
998,48.53,0.0,93.03,100.0,34200,1,11,9,3,1,0,0,0,0,0,1,0,0,123.08
999,44.5,0.0,91.74,100.0,35100,1,11,9,3,1,0,0,0,0,0,1,0,0,102.6
1000,33.98,0.0,92.87,100.0,36000,1,11,10,3,1,0,0,0,0,0,1,0,0,85.1
1001,28.51,0.0,93.23,100.0,36900,1,11,10,3,1,0,0,0,0,0,1,0,0,73.51
1002,43.92,0.0,92.6,100.0,37800,1,11,10,3,1,0,0,0,0,0,1,0,0,107.75
1003,45.32,0.0,93.12,100.0,38700,1,11,10,3,1,0,0,0,0,0,1,0,0,115.74
1004,36.61,0.0,92.93,100.0,39600,1,11,11,3,1,0,0,0,0,0,1,0,0,92.09
1005,42.26,0.0,85.15,100.0,40500,1,11,11,3,1,0,0,0,0,0,1,0,0,68.62
1006,44.28,0.0,85.05,100.0,41400,1,11,11,3,1,0,0,0,0,0,1,0,0,71.6
1007,43.24,0.0,84.9,100.0,42300,1,11,11,3,1,0,0,0,0,0,1,0,0,69.48
1008,48.56,0.0,83.7,100.0,43200,1,11,12,3,1,0,0,0,0,0,1,0,0,74.27
1009,5.58,17.96,96.3,74.3,44100,1,11,12,3,1,0,0,0,0,0,1,0,0,19.94
1010,0.0,25.45,100.0,42.18,45000,1,11,12,3,1,0,0,0,0,0,1,0,0,11.84
1011,0.0,23.69,100.0,50.2,45900,1,11,12,3,1,0,0,0,0,0,1,0,0,13.75
1012,3.71,16.78,99.06,84.84,46800,1,11,13,3,1,0,0,0,0,0,1,0,0,26.89
1013,40.54,0.0,92.03,100.0,47700,1,11,13,3,1,0,0,0,0,0,1,0,0,95.4
1014,49.86,0.0,92.25,100.0,48600,1,11,13,3,1,0,0,0,0,0,1,0,0,119.12
1015,50.76,0.0,92.13,100.0,49500,1,11,13,3,1,0,0,0,0,0,1,0,0,120.28
1016,37.51,0.0,94.34,100.0,50400,1,11,14,3,1,0,0,0,0,0,1,0,0,106.7
1017,34.52,0.0,95.06,100.0,51300,1,11,14,3,1,0,0,0,0,0,1,0,0,105.66
1018,31.1,0.0,94.11,100.0,52200,1,11,14,3,1,0,0,0,0,0,1,0,0,86.54
1019,56.99,0.0,92.26,100.0,53100,1,11,14,3,1,0,0,0,0,0,1,0,0,136.3
1020,53.39,0.0,92.42,100.0,54000,1,11,15,3,1,0,0,0,0,0,1,0,0,129.24
1021,49.86,0.0,93.17,100.0,54900,1,11,15,3,1,0,0,0,0,0,1,0,0,127.94
1022,54.65,0.0,92.55,100.0,55800,1,11,15,3,1,0,0,0,0,0,1,0,0,133.52
1023,48.64,0.0,93.16,100.0,56700,1,11,15,3,1,0,0,0,0,0,1,0,0,124.7
1024,43.09,0.0,92.75,100.0,57600,1,11,16,3,1,0,0,0,0,0,1,0,0,106.92
1025,46.91,0.0,89.89,100.0,58500,1,11,16,3,1,0,0,0,0,0,1,0,0,96.26
1026,42.91,0.0,89.18,100.0,59400,1,11,16,3,1,0,0,0,0,0,1,0,0,84.56
1027,39.06,0.0,92.76,100.0,60300,1,11,16,3,1,0,0,0,0,0,1,0,0,96.95
1028,53.21,0.0,92.8,100.0,61200,1,11,17,3,1,0,0,0,0,0,1,0,0,132.55
1029,50.94,0.0,92.85,100.0,62100,1,11,17,3,1,0,0,0,0,0,1,0,0,127.4
1030,36.5,0.0,94.9,100.0,63000,1,11,17,3,1,0,0,0,0,0,1,0,0,109.91
1031,4.28,3.06,99.64,99.82,63900,1,11,17,3,1,0,0,0,0,0,1,0,0,50.29
1032,0.04,9.11,100.0,96.75,64800,1,11,18,3,1,0,0,0,0,0,1,0,0,34.88
1033,45.86,0.86,90.3,100.0,65700,1,11,18,3,1,0,0,0,0,0,1,0,0,96.37
1034,70.99,0.0,88.19,100.0,66600,1,11,18,3,1,0,0,0,0,0,1,0,0,132.77
1035,47.88,0.0,92.44,100.0,67500,1,11,18,3,1,0,0,0,0,0,1,0,0,116.06
1036,36.94,0.0,94.55,100.0,68400,1,11,19,3,1,0,0,0,0,0,1,0,0,107.28
1037,34.45,0.0,95.25,100.0,69300,1,11,19,3,1,0,0,0,0,0,1,0,0,107.75
1038,41.4,0.0,93.95,100.0,70200,1,11,19,3,1,0,0,0,0,0,1,0,0,113.51
1039,63.04,0.0,90.83,100.0,71100,1,11,19,3,1,0,0,0,0,0,1,0,0,136.84
1040,43.74,0.0,93.7,100.0,72000,1,11,20,3,1,0,0,0,0,0,1,0,0,117.36
1041,45.79,0.0,93.67,100.0,72900,1,11,20,3,1,0,0,0,0,0,1,0,0,122.51
1042,54.25,0.0,91.73,100.0,73800,1,11,20,3,1,0,0,0,0,0,1,0,0,124.99
1043,28.94,0.0,96.27,100.0,74700,1,11,20,3,1,0,0,0,0,0,1,0,0,102.96
1044,14.65,2.56,97.98,99.94,75600,1,11,21,3,1,0,0,0,0,0,1,0,0,71.71
1045,0.0,26.46,100.0,23.02,76500,1,11,21,3,1,0,0,0,0,0,1,0,0,6.26
1046,0.0,26.64,100.0,19.09,77400,1,11,21,3,1,0,0,0,0,0,1,0,0,5.18
1047,0.0,26.5,100.0,19.18,78300,1,11,21,3,1,0,0,0,0,0,1,0,0,5.18
1048,0.0,26.64,100.0,18.98,79200,1,11,22,3,1,0,0,0,0,0,1,0,0,5.15
1049,1.84,15.52,93.85,30.66,80100,1,11,22,3,1,0,0,0,0,0,1,0,0,5.0
1050,5.58,0.0,65.14,100.0,81000,1,11,22,3,1,0,0,0,0,0,1,0,0,4.79
1051,5.54,0.0,64.85,100.0,81900,1,11,22,3,1,0,0,0,0,0,1,0,0,4.72
1052,5.18,0.0,67.04,100.0,82800,1,11,23,3,1,0,0,0,0,0,1,0,0,4.68
1053,4.72,0.0,70.93,100.0,83700,1,11,23,3,1,0,0,0,0,0,1,0,0,4.75
1054,4.79,0.0,69.58,100.0,84600,1,11,23,3,1,0,0,0,0,0,1,0,0,4.64
1055,4.86,0.0,69.67,100.0,85500,1,11,23,3,1,0,0,0,0,0,1,0,0,4.72
1056,4.64,0.0,70.71,100.0,0,1,11,0,3,1,0,0,0,0,0,1,0,0,4.64
1057,4.68,0.0,70.71,100.0,900,1,12,0,4,1,0,1,0,0,0,0,0,0,4.68
1058,4.9,0.0,69.38,100.0,1800,1,12,0,4,1,0,1,0,0,0,0,0,0,4.72
1059,5.15,0.0,67.57,100.0,2700,1,12,0,4,1,0,1,0,0,0,0,0,0,4.72
1060,5.18,0.0,67.35,100.0,3600,1,12,1,4,1,0,1,0,0,0,0,0,0,4.72
1061,4.9,0.0,69.38,100.0,4500,1,12,1,4,1,0,1,0,0,0,0,0,0,4.72
1062,5.08,0.0,68.6,100.0,5400,1,12,1,4,1,0,1,0,0,0,0,0,0,4.79
1063,5.4,0.0,66.36,100.0,6300,1,12,1,4,1,0,1,0,0,0,0,0,0,4.79
1064,4.9,0.0,69.6,100.0,7200,1,12,2,4,1,0,1,0,0,0,0,0,0,4.75
1065,5.11,0.0,68.39,100.0,8100,1,12,2,4,1,0,1,0,0,0,0,0,0,4.79
1066,5.22,0.0,67.61,100.0,9000,1,12,2,4,1,0,1,0,0,0,0,0,0,4.79
1067,5.08,0.0,68.6,100.0,9900,1,12,2,4,1,0,1,0,0,0,0,0,0,4.79
1068,5.08,0.0,68.3,100.0,10800,1,12,3,4,1,0,1,0,0,0,0,0,0,4.75
1069,4.97,0.0,69.09,100.0,11700,1,12,3,4,1,0,1,0,0,0,0,0,0,4.75
1070,4.97,0.0,69.09,100.0,12600,1,12,3,4,1,0,1,0,0,0,0,0,0,4.75
1071,4.82,0.0,69.97,100.0,13500,1,12,3,4,1,0,1,0,0,0,0,0,0,4.72
1072,4.79,0.0,70.41,100.0,14400,1,12,4,4,1,0,1,0,0,0,0,0,0,4.75
1073,5.04,0.0,68.59,100.0,15300,1,12,4,4,1,0,1,0,0,0,0,0,0,4.75
1074,5.0,0.0,68.87,100.0,16200,1,12,4,4,1,0,1,0,0,0,0,0,0,4.75
1075,4.9,0.0,69.6,100.0,17100,1,12,4,4,1,0,1,0,0,0,0,0,0,4.75
1076,5.15,0.0,67.57,100.0,18000,1,12,5,4,1,0,1,0,0,0,0,0,0,4.72
1077,5.15,0.0,68.33,100.0,18900,1,12,5,4,1,0,1,0,0,0,0,0,0,4.82
1078,5.08,0.0,68.3,100.0,19800,1,12,5,4,1,0,1,0,0,0,0,0,0,4.75
1079,5.22,0.0,67.3,100.0,20700,1,12,5,4,1,0,1,0,0,0,0,0,0,4.75
1080,5.08,0.0,68.07,100.0,21600,1,12,6,4,1,0,1,0,0,0,0,0,0,4.72
1081,4.97,0.0,69.09,100.0,22500,1,12,6,4,1,0,1,0,0,0,0,0,0,4.75
1082,5.04,0.0,68.89,100.0,23400,1,12,6,4,1,0,1,0,0,0,0,0,0,4.79
1083,4.97,0.0,68.86,100.0,24300,1,12,6,4,1,0,1,0,0,0,0,0,0,4.72
1084,4.82,0.0,69.97,100.0,25200,1,12,7,4,1,0,1,0,0,0,0,0,0,4.72
1085,4.82,0.0,69.35,100.0,26100,1,12,7,4,1,0,1,0,0,0,0,0,0,4.64
1086,4.54,0.0,75.7,100.0,27000,1,12,7,4,1,0,1,0,0,0,0,0,0,5.26
1087,4.46,0.04,82.82,100.0,27900,1,12,7,4,1,0,1,0,0,0,0,0,0,6.59
1088,4.18,0.0,86.14,100.0,28800,1,12,8,4,1,0,1,0,0,0,0,0,0,7.09
1089,25.81,0.0,81.84,100.0,29700,1,12,8,4,1,0,1,0,0,0,0,0,0,36.76
1090,72.18,0.0,84.63,100.0,30600,1,12,8,4,1,0,1,0,0,0,0,0,0,114.66
1091,68.08,0.0,85.89,100.0,31500,1,12,8,4,1,0,1,0,0,0,0,0,0,114.19
1092,51.3,0.0,91.85,100.0,32400,1,12,9,4,1,0,1,0,0,0,0,0,0,119.2
1093,50.08,0.0,93.33,100.0,33300,1,12,9,4,1,0,1,0,0,0,0,0,0,130.18
1094,63.65,0.0,91.38,100.0,34200,1,12,9,4,1,0,1,0,0,0,0,0,0,143.17
1095,33.26,0.0,94.77,100.0,35100,1,12,9,4,1,0,1,0,0,0,0,0,0,98.78
1096,23.9,0.0,97.3,100.0,36000,1,12,10,4,1,0,1,0,0,0,0,0,0,100.69
1097,23.36,0.0,97.45,100.0,36900,1,12,10,4,1,0,1,0,0,0,0,0,0,101.48
1098,24.48,0.0,97.24,100.0,37800,1,12,10,4,1,0,1,0,0,0,0,0,0,102.1
1099,34.09,0.0,96.02,100.0,38700,1,12,10,4,1,0,1,0,0,0,0,0,0,117.18
1100,30.85,0.0,96.18,100.0,39600,1,12,11,4,1,0,1,0,0,0,0,0,0,108.32
1101,55.51,0.0,91.06,100.0,40500,1,12,11,4,1,0,1,0,0,0,0,0,0,122.33
1102,35.24,0.0,92.16,100.0,41400,1,12,11,4,1,0,1,0,0,0,0,0,0,83.7
1103,59.98,0.0,87.0,100.0,42300,1,12,11,4,1,0,1,0,0,0,0,0,0,105.84
1104,61.88,0.0,87.91,100.0,43200,1,12,12,4,1,0,1,0,0,0,0,0,0,114.12
1105,8.71,18.61,94.78,81.19,44100,1,12,12,4,1,0,1,0,0,0,0,0,0,25.88
1106,0.0,25.38,100.0,42.8,45000,1,12,12,4,1,0,1,0,0,0,0,0,0,12.02
1107,0.0,24.66,100.0,44.78,45900,1,12,12,4,1,0,1,0,0,0,0,0,0,12.35
1108,0.0,24.73,100.0,44.24,46800,1,12,13,4,1,0,1,0,0,0,0,0,0,12.2
1109,43.38,3.82,92.69,99.94,47700,1,12,13,4,1,0,1,0,0,0,0,0,0,107.1
1110,40.46,0.0,92.74,100.0,48600,1,12,13,4,1,0,1,0,0,0,0,0,0,100.3
1111,42.16,0.0,91.49,100.0,49500,1,12,13,4,1,0,1,0,0,0,0,0,0,95.58
1112,42.91,0.0,92.54,100.0,50400,1,12,14,4,1,0,1,0,0,0,0,0,0,104.8
1113,57.28,0.0,91.34,100.0,51300,1,12,14,4,1,0,1,0,0,0,0,0,0,128.56
1114,58.28,0.0,91.51,100.0,52200,1,12,14,4,1,0,1,0,0,0,0,0,0,132.3
1115,48.1,0.0,92.48,100.0,53100,1,12,14,4,1,0,1,0,0,0,0,0,0,116.89
1116,42.95,0.0,92.48,100.0,54000,1,12,15,4,1,0,1,0,0,0,0,0,0,104.44
1117,62.82,0.0,89.77,100.0,54900,1,12,15,4,1,0,1,0,0,0,0,0,0,128.02
1118,61.13,0.0,91.0,100.0,55800,1,12,15,4,1,0,1,0,0,0,0,0,0,134.14
1119,49.82,0.0,91.42,100.0,56700,1,12,15,4,1,0,1,0,0,0,0,0,0,112.36
1120,46.19,0.0,88.69,100.0,57600,1,12,16,4,1,0,1,0,0,0,0,0,0,88.67
1121,46.8,0.0,92.32,100.0,58500,1,12,16,4,1,0,1,0,0,0,0,0,0,112.43
1122,35.21,0.0,92.15,100.0,59400,1,12,16,4,1,0,1,0,0,0,0,0,0,83.52
1123,46.4,0.0,92.87,100.0,60300,1,12,16,4,1,0,1,0,0,0,0,0,0,116.24
1124,27.97,0.0,94.31,100.0,61200,1,12,17,4,1,0,1,0,0,0,0,0,0,79.34
1125,24.41,0.0,94.71,100.0,62100,1,12,17,4,1,0,1,0,0,0,0,0,0,72.07
1126,57.56,0.0,91.59,100.0,63000,1,12,17,4,1,0,1,0,0,0,0,0,0,131.33
1127,1.26,6.3,99.95,98.77,63900,1,12,17,4,1,0,1,0,0,0,0,0,0,39.78
1128,0.0,8.17,100.0,97.67,64800,1,12,18,4,1,0,1,0,0,0,0,0,0,37.22
1129,48.2,0.61,86.89,100.0,65700,1,12,18,4,1,0,1,0,0,0,0,0,0,84.6
1130,63.54,0.0,87.3,100.0,66600,1,12,18,4,1,0,1,0,0,0,0,0,0,113.76
1131,57.02,0.0,89.99,100.0,67500,1,12,18,4,1,0,1,0,0,0,0,0,0,117.65
1132,44.57,0.0,92.83,100.0,68400,1,12,19,4,1,0,1,0,0,0,0,0,0,111.28
1133,31.93,0.0,92.36,100.0,69300,1,12,19,4,1,0,1,0,0,0,0,0,0,76.9
1134,50.62,0.0,92.2,100.0,70200,1,12,19,4,1,0,1,0,0,0,0,0,0,120.53
1135,59.94,0.0,89.62,100.0,71100,1,12,19,4,1,0,1,0,0,0,0,0,0,121.07
1136,39.89,0.0,91.43,100.0,72000,1,12,20,4,1,0,1,0,0,0,0,0,0,90.07
1137,40.1,0.0,93.45,100.0,72900,1,12,20,4,1,0,1,0,0,0,0,0,0,105.3
1138,48.02,0.0,92.54,100.0,73800,1,12,20,4,1,0,1,0,0,0,0,0,0,117.29
1139,24.66,0.04,96.52,100.0,74700,1,12,20,4,1,0,1,0,0,0,0,0,0,90.97
1140,0.61,6.34,99.99,98.56,75600,1,12,21,4,1,0,1,0,0,0,0,0,0,36.9
1141,0.0,25.24,100.0,34.54,76500,1,12,21,4,1,0,1,0,0,0,0,0,0,9.29
1142,0.0,26.78,100.0,20.15,77400,1,12,21,4,1,0,1,0,0,0,0,0,0,5.51
1143,0.0,26.78,100.0,18.88,78300,1,12,21,4,1,0,1,0,0,0,0,0,0,5.15
1144,0.0,26.78,100.0,19.13,79200,1,12,22,4,1,0,1,0,0,0,0,0,0,5.22
1145,1.66,15.88,94.91,30.03,80100,1,12,22,4,1,0,1,0,0,0,0,0,0,5.0
1146,4.9,0.0,69.6,100.0,81000,1,12,22,4,1,0,1,0,0,0,0,0,0,4.75
1147,4.93,0.0,69.38,100.0,81900,1,12,22,4,1,0,1,0,0,0,0,0,0,4.75
1148,5.0,0.0,69.18,100.0,82800,1,12,23,4,1,0,1,0,0,0,0,0,0,4.79
1149,3.71,0.0,78.62,100.0,83700,1,12,23,4,1,0,1,0,0,0,0,0,0,4.72
1150,3.38,0.0,80.83,100.0,84600,1,12,23,4,1,0,1,0,0,0,0,0,0,4.64
1151,3.46,0.0,80.17,100.0,85500,1,12,23,4,1,0,1,0,0,0,0,0,0,4.64
1152,3.42,0.0,80.31,100.0,0,1,12,0,4,1,0,1,0,0,0,0,0,0,4.61
1153,3.46,0.0,79.98,100.0,900,1,13,0,5,0,1,0,0,1,0,0,0,0,4.61
1154,3.64,0.0,78.94,100.0,1800,1,13,0,5,0,1,0,0,1,0,0,0,0,4.68
1155,3.89,0.0,76.63,100.0,2700,1,13,0,5,0,1,0,0,1,0,0,0,0,4.64
1156,3.85,0.0,77.23,100.0,3600,1,13,1,5,0,1,0,0,1,0,0,0,0,4.68
1157,3.96,0.0,76.06,100.0,4500,1,13,1,5,0,1,0,0,1,0,0,0,0,4.64
1158,3.89,0.0,76.63,100.0,5400,1,13,1,5,0,1,0,0,1,0,0,0,0,4.64
1159,3.74,0.0,78.12,100.0,6300,1,13,1,5,0,1,0,0,1,0,0,0,0,4.68
1160,3.96,0.0,76.61,100.0,7200,1,13,2,5,0,1,0,0,1,0,0,0,0,4.72
1161,4.0,0.0,76.29,100.0,8100,1,13,2,5,0,1,0,0,1,0,0,0,0,4.72
1162,4.18,0.0,74.86,100.0,9000,1,13,2,5,0,1,0,0,1,0,0,0,0,4.72
1163,4.14,0.0,75.39,100.0,9900,1,13,2,5,0,1,0,0,1,0,0,0,0,4.75
1164,4.07,0.0,75.94,100.0,10800,1,13,3,5,0,1,0,0,1,0,0,0,0,4.75
1165,4.46,0.0,72.9,100.0,11700,1,13,3,5,0,1,0,0,1,0,0,0,0,4.75
1166,4.32,0.0,73.77,100.0,12600,1,13,3,5,0,1,0,0,1,0,0,0,0,4.72
1167,4.28,0.0,74.29,100.0,13500,1,13,3,5,0,1,0,0,1,0,0,0,0,4.75
1168,4.14,0.0,75.66,100.0,14400,1,13,4,5,0,1,0,0,1,0,0,0,0,4.79
1169,4.0,0.0,76.29,100.0,15300,1,13,4,5,0,1,0,0,1,0,0,0,0,4.72
1170,4.28,0.0,74.29,100.0,16200,1,13,4,5,0,1,0,0,1,0,0,0,0,4.75
1171,4.07,0.0,75.73,100.0,17100,1,13,4,5,0,1,0,0,1,0,0,0,0,4.72
1172,4.18,0.0,75.07,100.0,18000,1,13,5,5,0,1,0,0,1,0,0,0,0,4.75
1173,4.25,0.0,74.8,100.0,18900,1,13,5,5,0,1,0,0,1,0,0,0,0,4.79
1174,4.32,0.0,73.77,100.0,19800,1,13,5,5,0,1,0,0,1,0,0,0,0,4.72
1175,4.39,0.0,73.44,100.0,20700,1,13,5,5,0,1,0,0,1,0,0,0,0,4.75
1176,4.21,0.0,74.63,100.0,21600,1,13,6,5,0,1,0,0,1,0,0,0,0,4.72
1177,4.43,0.0,73.13,100.0,22500,1,13,6,5,0,1,0,0,1,0,0,0,0,4.75
1178,4.18,0.0,75.07,100.0,23400,1,13,6,5,0,1,0,0,1,0,0,0,0,4.75
1179,4.32,0.0,73.77,100.0,24300,1,13,6,5,0,1,0,0,1,0,0,0,0,4.72
1180,4.25,0.0,74.31,100.0,25200,1,13,7,5,0,1,0,0,1,0,0,0,0,4.72
1181,4.07,0.0,75.46,100.0,26100,1,13,7,5,0,1,0,0,1,0,0,0,0,4.68
1182,3.96,0.0,79.04,100.0,27000,1,13,7,5,0,1,0,0,1,0,0,0,0,5.11
1183,4.14,0.0,83.73,100.0,27900,1,13,7,5,0,1,0,0,1,0,0,0,0,6.34
1184,4.07,0.0,85.94,100.0,28800,1,13,8,5,0,1,0,0,1,0,0,0,0,6.84
1185,32.36,0.0,83.33,100.0,29700,1,13,8,5,0,1,0,0,1,0,0,0,0,48.78
1186,58.46,0.0,84.97,100.0,30600,1,13,8,5,0,1,0,0,1,0,0,0,0,94.21
1187,68.62,0.0,84.02,100.0,31500,1,13,8,5,0,1,0,0,1,0,0,0,0,106.34
1188,21.46,0.0,94.69,100.0,32400,1,13,9,5,0,1,0,0,1,0,0,0,0,63.22
1189,29.88,0.0,95.86,100.0,33300,1,13,9,5,0,1,0,0,1,0,0,0,0,100.58
1190,29.84,0.0,95.12,100.0,34200,1,13,9,5,0,1,0,0,1,0,0,0,0,91.94
1191,11.27,0.0,98.12,100.0,35100,1,13,9,5,0,1,0,0,1,0,0,0,0,57.31
1192,11.34,0.0,97.78,100.0,36000,1,13,10,5,0,1,0,0,1,0,0,0,0,52.96
1193,14.18,0.0,96.65,100.0,36900,1,13,10,5,0,1,0,0,1,0,0,0,0,53.42
1194,26.93,0.0,96.4,100.0,37800,1,13,10,5,0,1,0,0,1,0,0,0,0,97.7
1195,26.17,0.0,96.85,100.0,38700,1,13,10,5,0,1,0,0,1,0,0,0,0,101.7
1196,28.33,0.0,96.1,100.0,39600,1,13,11,5,0,1,0,0,1,0,0,0,0,98.42
1197,51.26,0.0,90.16,100.0,40500,1,13,11,5,0,1,0,0,1,0,0,0,0,106.81
1198,47.27,0.0,89.59,100.0,41400,1,13,11,5,0,1,0,0,1,0,0,0,0,95.33
1199,46.51,0.0,91.04,100.0,42300,1,13,11,5,0,1,0,0,1,0,0,0,0,102.35
1200,49.43,0.0,89.5,100.0,43200,1,13,12,5,0,1,0,0,1,0,0,0,0,99.18
1201,0.32,19.84,99.93,38.95,44100,1,13,12,5,0,1,0,0,1,0,0,0,0,8.39
1202,0.0,25.45,100.0,27.08,45000,1,13,12,5,0,1,0,0,1,0,0,0,0,7.16
1203,0.0,25.52,100.0,26.28,45900,1,13,12,5,0,1,0,0,1,0,0,0,0,6.95
1204,0.0,25.7,100.0,25.86,46800,1,13,13,5,0,1,0,0,1,0,0,0,0,6.88
1205,10.4,6.8,97.85,99.07,47700,1,13,13,5,0,1,0,0,1,0,0,0,0,49.39
1206,24.16,0.0,96.82,100.0,48600,1,13,13,5,0,1,0,0,1,0,0,0,0,93.53
1207,25.45,0.0,96.49,100.0,49500,1,13,13,5,0,1,0,0,1,0,0,0,0,93.56
1208,32.11,0.0,94.63,100.0,50400,1,13,14,5,0,1,0,0,1,0,0,0,0,93.96
1209,32.04,0.0,94.41,100.0,51300,1,13,14,5,0,1,0,0,1,0,0,0,0,91.73
1210,30.38,0.0,95.28,100.0,52200,1,13,14,5,0,1,0,0,1,0,0,0,0,95.33
1211,29.05,0.0,94.68,100.0,53100,1,13,14,5,0,1,0,0,1,0,0,0,0,85.5
1212,20.66,0.0,96.81,100.0,54000,1,13,15,5,0,1,0,0,1,0,0,0,0,79.81
1213,36.36,0.0,94.87,100.0,54900,1,13,15,5,0,1,0,0,1,0,0,0,0,109.12
1214,24.62,0.0,95.71,100.0,55800,1,13,15,5,0,1,0,0,1,0,0,0,0,81.29
1215,41.87,0.0,93.71,100.0,56700,1,13,15,5,0,1,0,0,1,0,0,0,0,112.39
1216,29.84,0.0,96.15,100.0,57600,1,13,16,5,0,1,0,0,1,0,0,0,0,104.44
1217,31.9,0.0,92.76,100.0,58500,1,13,16,5,0,1,0,0,1,0,0,0,0,79.2
1218,26.46,0.0,93.35,100.0,59400,1,13,16,5,0,1,0,0,1,0,0,0,0,68.87
1219,21.49,0.0,94.58,100.0,60300,1,13,16,5,0,1,0,0,1,0,0,0,0,62.57
1220,21.35,0.0,95.61,100.0,61200,1,13,17,5,0,1,0,0,1,0,0,0,0,69.62
1221,1.69,19.98,99.53,65.65,62100,1,13,17,5,0,1,0,0,1,0,0,0,0,17.39
1222,0.0,26.42,100.0,19.63,63000,1,13,17,5,0,1,0,0,1,0,0,0,0,5.29
1223,0.0,26.5,100.0,19.18,63900,1,13,17,5,0,1,0,0,1,0,0,0,0,5.18
1224,0.0,26.6,100.0,19.11,64800,1,13,18,5,0,1,0,0,1,0,0,0,0,5.18
1225,0.0,10.37,100.0,42.72,65700,1,13,18,5,0,1,0,0,1,0,0,0,0,4.9
1226,0.0,9.0,100.0,47.51,66600,1,13,18,5,0,1,0,0,1,0,0,0,0,4.86
1227,0.0,23.08,100.0,21.17,67500,1,13,18,5,0,1,0,0,1,0,0,0,0,5.0
1228,0.0,26.82,100.0,18.22,68400,1,13,19,5,0,1,0,0,1,0,0,0,0,4.97
1229,0.0,26.86,100.0,18.44,69300,1,13,19,5,0,1,0,0,1,0,0,0,0,5.04
1230,0.0,26.89,100.0,18.28,70200,1,13,19,5,0,1,0,0,1,0,0,0,0,5.0
1231,0.0,26.82,100.0,18.33,71100,1,13,19,5,0,1,0,0,1,0,0,0,0,5.0
1232,0.0,26.75,100.0,18.52,72000,1,13,20,5,0,1,0,0,1,0,0,0,0,5.04
1233,0.0,26.75,100.0,18.37,72900,1,13,20,5,0,1,0,0,1,0,0,0,0,5.0
1234,0.0,26.89,100.0,18.56,73800,1,13,20,5,0,1,0,0,1,0,0,0,0,5.08
1235,0.0,27.0,100.0,18.1,74700,1,13,20,5,0,1,0,0,1,0,0,0,0,4.97
1236,0.0,26.89,100.0,18.28,75600,1,13,21,5,0,1,0,0,1,0,0,0,0,5.0
1237,0.0,26.75,100.0,18.37,76500,1,13,21,5,0,1,0,0,1,0,0,0,0,5.0
1238,0.0,26.78,100.0,18.64,77400,1,13,21,5,0,1,0,0,1,0,0,0,0,5.08
1239,0.0,26.78,100.0,18.5,78300,1,13,21,5,0,1,0,0,1,0,0,0,0,5.04
1240,0.0,26.78,100.0,18.5,79200,1,13,22,5,0,1,0,0,1,0,0,0,0,5.04
1241,1.76,15.44,94.02,30.02,80100,1,13,22,5,0,1,0,0,1,0,0,0,0,4.86
1242,4.9,0.0,69.07,100.0,81000,1,13,22,5,0,1,0,0,1,0,0,0,0,4.68
1243,4.72,0.0,70.71,100.0,81900,1,13,22,5,0,1,0,0,1,0,0,0,0,4.72
1244,4.39,0.0,72.42,100.0,82800,1,13,23,5,0,1,0,0,1,0,0,0,0,4.61
1245,3.96,0.0,75.36,100.0,83700,1,13,23,5,0,1,0,0,1,0,0,0,0,4.54
1246,3.85,0.0,76.48,100.0,84600,1,13,23,5,0,1,0,0,1,0,0,0,0,4.57
1247,4.07,0.0,74.96,100.0,85500,1,13,23,5,0,1,0,0,1,0,0,0,0,4.61
1248,3.96,0.0,76.06,100.0,0,1,13,0,5,0,1,0,0,1,0,0,0,0,4.64
1249,4.07,0.0,74.68,100.0,900,1,14,0,6,0,1,0,0,0,1,0,0,0,4.57
1250,4.39,0.0,72.42,100.0,1800,1,14,0,6,0,1,0,0,0,1,0,0,0,4.61
1251,4.46,0.0,71.87,100.0,2700,1,14,0,6,0,1,0,0,0,1,0,0,0,4.61
1252,4.32,0.0,72.97,100.0,3600,1,14,1,6,0,1,0,0,0,1,0,0,0,4.61
1253,4.5,0.0,72.08,100.0,4500,1,14,1,6,0,1,0,0,0,1,0,0,0,4.68
1254,4.5,0.0,71.56,100.0,5400,1,14,1,6,0,1,0,0,0,1,0,0,0,4.61
1255,4.93,0.0,68.54,100.0,6300,1,14,1,6,0,1,0,0,0,1,0,0,0,4.64
1256,4.79,0.0,69.58,100.0,7200,1,14,2,6,0,1,0,0,0,1,0,0,0,4.64
1257,4.61,0.0,70.71,100.0,8100,1,14,2,6,0,1,0,0,0,1,0,0,0,4.61
1258,4.64,0.0,71.01,100.0,9000,1,14,2,6,0,1,0,0,0,1,0,0,0,4.68
1259,4.97,0.0,68.24,100.0,9900,1,14,2,6,0,1,0,0,0,1,0,0,0,4.64
1260,4.93,0.0,68.54,100.0,10800,1,14,3,6,0,1,0,0,0,1,0,0,0,4.64
1261,4.79,0.0,69.58,100.0,11700,1,14,3,6,0,1,0,0,0,1,0,0,0,4.64
1262,4.79,0.0,69.34,100.0,12600,1,14,3,6,0,1,0,0,0,1,0,0,0,4.61
1263,5.33,0.0,66.53,100.0,13500,1,14,3,6,0,1,0,0,0,1,0,0,0,4.75
1264,3.89,0.0,72.29,100.0,14400,1,14,4,6,0,1,0,0,0,1,0,0,0,4.07
1265,4.54,0.0,70.4,100.0,15300,1,14,4,6,0,1,0,0,0,1,0,0,0,4.5
1266,4.36,0.0,70.38,100.0,16200,1,14,4,6,0,1,0,0,0,1,0,0,0,4.32
1267,3.74,0.0,74.52,100.0,17100,1,14,4,6,0,1,0,0,0,1,0,0,0,4.18
1268,4.57,0.0,71.02,100.0,18000,1,14,5,6,0,1,0,0,0,1,0,0,0,4.61
1269,3.2,0.0,76.9,100.0,18900,1,14,5,6,0,1,0,0,0,1,0,0,0,3.85
1270,4.43,0.0,72.1,100.0,19800,1,14,5,6,0,1,0,0,0,1,0,0,0,4.61
1271,3.56,0.0,74.95,100.0,20700,1,14,5,6,0,1,0,0,0,1,0,0,0,4.03
1272,4.46,0.0,70.15,100.0,21600,1,14,6,6,0,1,0,0,0,1,0,0,0,4.39
1273,4.39,0.0,70.47,100.0,22500,1,14,6,6,0,1,0,0,0,1,0,0,0,4.36
1274,3.82,0.0,72.91,100.0,23400,1,14,6,6,0,1,0,0,0,1,0,0,0,4.07
1275,5.0,0.0,67.47,100.0,24300,1,14,6,6,0,1,0,0,0,1,0,0,0,4.57
1276,3.64,0.0,73.62,100.0,25200,1,14,7,6,0,1,0,0,0,1,0,0,0,3.96
1277,4.75,0.0,68.45,100.0,26100,1,14,7,6,0,1,0,0,0,1,0,0,0,4.46
1278,4.07,0.0,70.97,100.0,27000,1,14,7,6,0,1,0,0,0,1,0,0,0,4.1
1279,4.25,0.0,70.38,100.0,27900,1,14,7,6,0,1,0,0,0,1,0,0,0,4.21
1280,4.57,0.0,69.84,100.0,28800,1,14,8,6,0,1,0,0,0,1,0,0,0,4.46
1281,16.63,0.0,76.57,100.0,29700,1,14,8,6,0,1,0,0,0,1,0,0,0,19.8
1282,16.42,0.0,77.6,100.0,30600,1,14,8,6,0,1,0,0,0,1,0,0,0,20.2
1283,7.31,0.25,69.06,99.94,31500,1,14,8,6,0,1,0,0,0,1,0,0,0,6.98
1284,0.0,17.89,100.0,45.5,32400,1,14,9,6,0,1,0,0,0,1,0,0,0,9.14
1285,0.0,23.76,100.0,37.39,33300,1,14,9,6,0,1,0,0,0,1,0,0,0,9.58
1286,0.0,23.18,100.0,36.68,34200,1,14,9,6,0,1,0,0,0,1,0,0,0,9.14
1287,0.0,22.61,100.0,40.95,35100,1,14,9,6,0,1,0,0,0,1,0,0,0,10.15
1288,0.04,20.45,100.0,49.53,36000,1,14,10,6,0,1,0,0,0,1,0,0,0,11.66
1289,0.04,13.5,100.0,74.35,36900,1,14,10,6,0,1,0,0,0,1,0,0,0,15.01
1290,0.0,14.08,100.0,74.51,37800,1,14,10,6,0,1,0,0,0,1,0,0,0,15.73
1291,0.0,13.97,100.0,74.39,38700,1,14,10,6,0,1,0,0,0,1,0,0,0,15.55
1292,0.0,21.82,100.0,54.0,39600,1,14,11,6,0,1,0,0,0,1,0,0,0,14.0
1293,0.79,6.37,99.82,90.16,40500,1,14,11,6,0,1,0,0,0,1,0,0,0,13.28
1294,0.94,5.15,99.74,92.93,41400,1,14,11,6,0,1,0,0,0,1,0,0,0,12.96
1295,1.08,5.08,99.7,93.98,42300,1,14,11,6,0,1,0,0,0,1,0,0,0,13.97
1296,0.94,4.14,99.41,90.18,43200,1,14,12,6,0,1,0,0,0,1,0,0,0,8.64
1297,0.0,12.64,100.0,34.0,44100,1,14,12,6,0,1,0,0,0,1,0,0,0,4.57
1298,0.0,23.4,100.0,21.33,45000,1,14,12,6,0,1,0,0,0,1,0,0,0,5.11
1299,0.0,17.21,100.0,24.93,45900,1,14,12,6,0,1,0,0,0,1,0,0,0,4.43
1300,0.0,17.14,100.0,25.18,46800,1,14,13,6,0,1,0,0,0,1,0,0,0,4.46
1301,1.15,13.54,99.85,84.16,47700,1,14,13,6,0,1,0,0,0,1,0,0,0,21.1
1302,1.4,5.26,99.9,98.68,48600,1,14,13,6,0,1,0,0,0,1,0,0,0,32.0
1303,1.12,4.32,99.93,99.04,49500,1,14,13,6,0,1,0,0,0,1,0,0,0,30.96
1304,0.47,5.94,99.99,98.19,50400,1,14,14,6,0,1,0,0,0,1,0,0,0,30.78
1305,0.18,8.75,100.0,95.75,51300,1,14,14,6,0,1,0,0,0,1,0,0,0,29.05
1306,0.0,10.26,100.0,93.94,52200,1,14,14,6,0,1,0,0,0,1,0,0,0,28.12
1307,0.11,9.32,100.0,95.34,53100,1,14,14,6,0,1,0,0,0,1,0,0,0,29.45
1308,0.65,2.52,99.98,99.68,54000,1,14,15,6,0,1,0,0,0,1,0,0,0,31.57
1309,0.68,2.45,99.98,99.7,54900,1,14,15,6,0,1,0,0,0,1,0,0,0,31.61
1310,1.62,2.41,99.88,99.74,55800,1,14,15,6,0,1,0,0,0,1,0,0,0,33.62
1311,3.96,0.86,99.47,99.97,56700,1,14,15,6,0,1,0,0,0,1,0,0,0,38.2
1312,20.92,0.07,94.23,100.0,57600,1,14,16,6,0,1,0,0,0,1,0,0,0,58.86
1313,7.52,1.3,98.35,99.95,58500,1,14,16,6,0,1,0,0,0,1,0,0,0,40.86
1314,0.11,8.71,100.0,95.67,59400,1,14,16,6,0,1,0,0,0,1,0,0,0,28.62
1315,0.0,22.25,100.0,30.36,60300,1,14,16,6,0,1,0,0,0,1,0,0,0,7.09
1316,0.0,26.6,100.0,19.89,61200,1,14,17,6,0,1,0,0,0,1,0,0,0,5.4
1317,0.0,26.68,100.0,18.81,62100,1,14,17,6,0,1,0,0,0,1,0,0,0,5.11
1318,0.0,26.6,100.0,18.62,63000,1,14,17,6,0,1,0,0,0,1,0,0,0,5.04
1319,0.0,26.64,100.0,19.09,63900,1,14,17,6,0,1,0,0,0,1,0,0,0,5.18
1320,0.0,26.82,100.0,18.47,64800,1,14,18,6,0,1,0,0,0,1,0,0,0,5.04
1321,0.0,10.91,100.0,39.92,65700,1,14,18,6,0,1,0,0,0,1,0,0,0,4.75
1322,0.0,9.47,100.0,44.83,66600,1,14,18,6,0,1,0,0,0,1,0,0,0,4.75
1323,0.0,23.22,100.0,20.77,67500,1,14,18,6,0,1,0,0,0,1,0,0,0,4.93
1324,0.0,27.04,100.0,17.94,68400,1,14,19,6,0,1,0,0,0,1,0,0,0,4.93
1325,0.0,27.0,100.0,18.1,69300,1,14,19,6,0,1,0,0,0,1,0,0,0,4.97
1326,0.0,27.0,100.0,17.96,70200,1,14,19,6,0,1,0,0,0,1,0,0,0,4.93
1327,0.0,27.04,100.0,18.08,71100,1,14,19,6,0,1,0,0,0,1,0,0,0,4.97
1328,0.0,26.93,100.0,18.4,72000,1,14,20,6,0,1,0,0,0,1,0,0,0,5.04
1329,0.0,27.04,100.0,18.08,72900,1,14,20,6,0,1,0,0,0,1,0,0,0,4.97
1330,0.0,27.14,100.0,17.87,73800,1,14,20,6,0,1,0,0,0,1,0,0,0,4.93
1331,0.0,27.04,100.0,17.94,74700,1,14,20,6,0,1,0,0,0,1,0,0,0,4.93
1332,0.0,26.96,100.0,18.13,75600,1,14,21,6,0,1,0,0,0,1,0,0,0,4.97
1333,0.0,27.0,100.0,18.21,76500,1,14,21,6,0,1,0,0,0,1,0,0,0,5.0
1334,0.0,27.07,100.0,17.92,77400,1,14,21,6,0,1,0,0,0,1,0,0,0,4.93
1335,0.0,26.96,100.0,18.13,78300,1,14,21,6,0,1,0,0,0,1,0,0,0,4.97
1336,0.0,27.11,100.0,17.89,79200,1,14,22,6,0,1,0,0,0,1,0,0,0,4.93
1337,1.37,15.62,96.19,29.49,80100,1,14,22,6,0,1,0,0,0,1,0,0,0,4.82
1338,4.21,0.0,73.84,100.0,81000,1,14,22,6,0,1,0,0,0,1,0,0,0,4.61
1339,4.1,0.0,74.43,100.0,81900,1,14,22,6,0,1,0,0,0,1,0,0,0,4.57
1340,4.0,0.0,75.25,100.0,82800,1,14,23,6,0,1,0,0,0,1,0,0,0,4.57
1341,3.56,0.0,78.43,100.0,83700,1,14,23,6,0,1,0,0,0,1,0,0,0,4.5
1342,3.56,0.0,79.15,100.0,84600,1,14,23,6,0,1,0,0,0,1,0,0,0,4.61
1343,3.74,0.0,77.18,100.0,85500,1,14,23,6,0,1,0,0,0,1,0,0,0,4.54
1344,4.0,0.0,75.25,100.0,0,1,14,0,6,0,1,0,0,0,1,0,0,0,4.57
1345,4.03,0.0,74.79,100.0,900,1,15,0,0,1,0,0,1,0,0,0,0,0,4.54
1346,4.25,0.0,73.23,100.0,1800,1,15,0,0,1,0,0,1,0,0,0,0,0,4.57
1347,4.39,0.0,72.93,100.0,2700,1,15,0,0,1,0,0,1,0,0,0,0,0,4.68
1348,4.46,0.0,71.87,100.0,3600,1,15,1,0,1,0,0,1,0,0,0,0,0,4.61
1349,4.46,0.0,71.57,100.0,4500,1,15,1,0,1,0,0,1,0,0,0,0,0,4.57
1350,4.54,0.0,71.25,100.0,5400,1,15,1,0,1,0,0,1,0,0,0,0,0,4.61
1351,4.46,0.0,71.87,100.0,6300,1,15,1,0,1,0,0,1,0,0,0,0,0,4.61
1352,4.5,0.0,71.79,100.0,7200,1,15,2,0,1,0,0,1,0,0,0,0,0,4.64
1353,4.68,0.0,70.18,100.0,8100,1,15,2,0,1,0,0,1,0,0,0,0,0,4.61
1354,4.68,0.0,69.86,100.0,9000,1,15,2,0,1,0,0,1,0,0,0,0,0,4.57
1355,4.64,0.0,70.48,100.0,9900,1,15,2,0,1,0,0,1,0,0,0,0,0,4.61
1356,4.39,0.0,72.42,100.0,10800,1,15,3,0,1,0,0,1,0,0,0,0,0,4.61
1357,4.75,0.0,70.18,100.0,11700,1,15,3,0,1,0,0,1,0,0,0,0,0,4.68
1358,4.9,0.0,68.76,100.0,12600,1,15,3,0,1,0,0,1,0,0,0,0,0,4.64
1359,4.57,0.0,71.02,100.0,13500,1,15,3,0,1,0,0,1,0,0,0,0,0,4.61
1360,4.64,0.0,70.48,100.0,14400,1,15,4,0,1,0,0,1,0,0,0,0,0,4.61
1361,4.5,0.0,71.56,100.0,15300,1,15,4,0,1,0,0,1,0,0,0,0,0,4.61
1362,4.57,0.0,71.25,100.0,16200,1,15,4,0,1,0,0,1,0,0,0,0,0,4.64
1363,4.43,0.0,71.8,100.0,17100,1,15,4,0,1,0,0,1,0,0,0,0,0,4.57
1364,4.32,0.0,72.97,100.0,18000,1,15,5,0,1,0,0,1,0,0,0,0,0,4.61
1365,4.07,0.0,73.64,100.0,18900,1,15,5,0,1,0,0,1,0,0,0,0,0,4.43
1366,3.35,0.0,76.9,100.0,19800,1,15,5,0,1,0,0,1,0,0,0,0,0,4.03
1367,4.36,0.0,72.88,100.0,20700,1,15,5,0,1,0,0,1,0,0,0,0,0,4.64
1368,3.38,0.0,76.38,100.0,21600,1,15,6,0,1,0,0,1,0,0,0,0,0,4.0
1369,3.96,0.0,77.96,100.0,22500,1,15,6,0,1,0,0,1,0,0,0,0,0,4.93
1370,4.07,0.0,79.86,100.0,23400,1,15,6,0,1,0,0,1,0,0,0,0,0,5.4
1371,4.0,0.0,78.57,100.0,24300,1,15,6,0,1,0,0,1,0,0,0,0,0,5.08
1372,3.96,0.0,82.59,100.0,25200,1,15,7,0,1,0,0,1,0,0,0,0,0,5.8
1373,3.71,0.0,79.06,100.0,26100,1,15,7,0,1,0,0,1,0,0,0,0,0,4.79
1374,3.74,0.0,83.25,100.0,27000,1,15,7,0,1,0,0,1,0,0,0,0,0,5.62
1375,3.56,0.0,85.5,100.0,27900,1,15,7,0,1,0,0,1,0,0,0,0,0,5.87
1376,3.71,0.04,88.41,100.0,28800,1,15,8,0,1,0,0,1,0,0,0,0,0,7.02
1377,29.16,0.04,78.52,100.0,29700,1,15,8,0,1,0,0,1,0,0,0,0,0,36.97
1378,69.7,0.0,77.3,100.0,30600,1,15,8,0,1,0,0,1,0,0,0,0,0,84.92
1379,78.26,0.0,72.37,100.0,31500,1,15,8,0,1,0,0,1,0,0,0,0,0,82.08
1380,50.04,0.0,86.68,100.0,32400,1,15,9,0,1,0,0,1,0,0,0,0,0,86.98
1381,47.12,0.0,88.49,100.0,33300,1,15,9,0,1,0,0,1,0,0,0,0,0,89.53
1382,43.2,0.0,89.96,100.0,34200,1,15,9,0,1,0,0,1,0,0,0,0,0,88.99
1383,47.05,0.0,88.17,100.0,35100,1,15,9,0,1,0,0,1,0,0,0,0,0,87.91
1384,65.59,0.0,85.8,100.0,36000,1,15,10,0,1,0,0,1,0,0,0,0,0,109.58
1385,39.2,0.0,89.82,100.0,36900,1,15,10,0,1,0,0,1,0,0,0,0,0,80.1
1386,64.12,0.0,85.53,100.0,37800,1,15,10,0,1,0,0,1,0,0,0,0,0,105.84
1387,48.85,0.0,88.29,100.0,38700,1,15,10,0,1,0,0,1,0,0,0,0,0,91.87
1388,46.94,0.0,87.52,100.0,39600,1,15,11,0,1,0,0,1,0,0,0,0,0,84.92
1389,69.55,0.0,81.89,100.0,40500,1,15,11,0,1,0,0,1,0,0,0,0,0,99.25
1390,66.31,0.0,78.67,100.0,41400,1,15,11,0,1,0,0,1,0,0,0,0,0,84.49
1391,68.47,0.0,83.73,100.0,42300,1,15,11,0,1,0,0,1,0,0,0,0,0,104.87
1392,72.07,0.0,85.83,100.0,43200,1,15,12,0,1,0,0,1,0,0,0,0,0,120.53
1393,16.6,18.47,92.47,90.92,44100,1,15,12,0,1,0,0,1,0,0,0,0,0,40.32
1394,0.0,26.14,100.0,26.79,45000,1,15,12,0,1,0,0,1,0,0,0,0,0,7.27
1395,0.0,25.52,100.0,29.26,45900,1,15,12,0,1,0,0,1,0,0,0,0,0,7.81
1396,0.0,25.52,100.0,29.26,46800,1,15,13,0,1,0,0,1,0,0,0,0,0,7.81
1397,31.5,6.66,92.33,99.62,47700,1,15,13,0,1,0,0,1,0,0,0,0,0,75.74
1398,76.79,0.0,88.54,100.0,48600,1,15,13,0,1,0,0,1,0,0,0,0,0,146.27
1399,70.45,0.0,90.85,100.0,49500,1,15,13,0,1,0,0,1,0,0,0,0,0,153.14
1400,62.57,0.0,89.33,100.0,50400,1,15,14,0,1,0,0,1,0,0,0,0,0,124.34
1401,31.64,0.0,92.12,100.0,51300,1,15,14,0,1,0,0,1,0,0,0,0,0,74.92
1402,31.07,0.0,91.4,100.0,52200,1,15,14,0,1,0,0,1,0,0,0,0,0,69.98
1403,26.6,0.0,93.49,100.0,53100,1,15,14,0,1,0,0,1,0,0,0,0,0,70.09
1404,23.76,0.0,92.81,100.0,54000,1,15,15,0,1,0,0,1,0,0,0,0,0,59.22
1405,17.89,0.0,94.73,100.0,54900,1,15,15,0,1,0,0,1,0,0,0,0,0,52.92
1406,20.27,0.0,94.65,100.0,55800,1,15,15,0,1,0,0,1,0,0,0,0,0,59.44
1407,20.02,0.0,94.82,100.0,56700,1,15,15,0,1,0,0,1,0,0,0,0,0,59.76
1408,17.42,0.0,95.28,100.0,57600,1,15,16,0,1,0,0,1,0,0,0,0,0,54.65
1409,17.03,0.0,95.62,100.0,58500,1,15,16,0,1,0,0,1,0,0,0,0,0,55.66
1410,20.41,0.0,94.49,100.0,59400,1,15,16,0,1,0,0,1,0,0,0,0,0,58.93
1411,26.6,0.0,92.78,100.0,60300,1,15,16,0,1,0,0,1,0,0,0,0,0,66.13
1412,19.15,0.0,95.24,100.0,61200,1,15,17,0,1,0,0,1,0,0,0,0,0,59.83
1413,18.0,0.0,95.14,100.0,62100,1,15,17,0,1,0,0,1,0,0,0,0,0,55.62
1414,25.16,0.0,92.5,100.0,63000,1,15,17,0,1,0,0,1,0,0,0,0,0,61.24
1415,3.31,0.61,99.7,99.99,63900,1,15,17,0,1,0,0,1,0,0,0,0,0,42.95
1416,0.18,4.93,100.0,98.99,64800,1,15,18,0,1,0,0,1,0,0,0,0,0,34.42
1417,38.38,0.32,85.22,100.0,65700,1,15,18,0,1,0,0,1,0,0,0,0,0,62.5
1418,48.49,0.0,82.81,100.0,66600,1,15,18,0,1,0,0,1,0,0,0,0,0,71.64
1419,37.04,0.0,89.13,100.0,67500,1,15,18,0,1,0,0,1,0,0,0,0,0,72.83
1420,32.72,0.0,90.74,100.0,68400,1,15,19,0,1,0,0,1,0,0,0,0,0,70.63
1421,32.51,0.0,91.34,100.0,69300,1,15,19,0,1,0,0,1,0,0,0,0,0,72.94
1422,33.16,0.0,90.96,100.0,70200,1,15,19,0,1,0,0,1,0,0,0,0,0,72.58
1423,30.85,0.0,91.19,100.0,71100,1,15,19,0,1,0,0,1,0,0,0,0,0,68.54
1424,30.13,0.0,91.18,100.0,72000,1,15,20,0,1,0,0,1,0,0,0,0,0,66.92
1425,39.85,0.0,89.3,100.0,72900,1,15,20,0,1,0,0,1,0,0,0,0,0,79.09
1426,36.86,0.0,88.84,100.0,73800,1,15,20,0,1,0,0,1,0,0,0,0,0,71.32
1427,22.54,0.0,93.55,100.0,74700,1,15,20,0,1,0,0,1,0,0,0,0,0,59.69
1428,8.78,2.88,98.25,99.81,75600,1,15,21,0,1,0,0,1,0,0,0,0,0,46.33
1429,0.0,23.69,100.0,35.38,76500,1,15,21,0,1,0,0,1,0,0,0,0,0,8.96
1430,0.0,25.78,100.0,21.15,77400,1,15,21,0,1,0,0,1,0,0,0,0,0,5.58
1431,0.0,25.88,100.0,19.37,78300,1,15,21,0,1,0,0,1,0,0,0,0,0,5.11
1432,0.0,25.99,100.0,19.18,79200,1,15,22,0,1,0,0,1,0,0,0,0,0,5.08
1433,2.23,14.47,91.24,32.48,80100,1,15,22,0,1,0,0,1,0,0,0,0,0,4.97
1434,6.26,0.0,60.77,100.0,81000,1,15,22,0,1,0,0,1,0,0,0,0,0,4.79
1435,6.12,0.0,61.63,100.0,81900,1,15,22,0,1,0,0,1,0,0,0,0,0,4.79
1436,5.72,0.0,63.32,100.0,82800,1,15,23,0,1,0,0,1,0,0,0,0,0,4.68
1437,5.22,0.0,66.75,100.0,83700,1,15,23,0,1,0,0,1,0,0,0,0,0,4.68
1438,5.04,0.0,67.49,100.0,84600,1,15,23,0,1,0,0,1,0,0,0,0,0,4.61
1439,5.33,0.0,65.66,100.0,85500,1,15,23,0,1,0,0,1,0,0,0,0,0,4.64
1440,5.44,0.0,64.89,100.0,0,1,15,0,0,1,0,0,1,0,0,0,0,0,4.64
1441,5.29,0.0,65.13,100.0,900,1,16,0,1,1,0,0,0,0,0,0,1,0,4.54
1442,5.58,0.0,64.26,100.0,1800,1,16,0,1,1,0,0,0,0,0,0,1,0,4.68
1443,6.01,0.0,61.11,100.0,2700,1,16,0,1,1,0,0,0,0,0,0,1,0,4.64
1444,5.65,0.0,63.47,100.0,3600,1,16,1,1,1,0,0,0,0,0,0,1,0,4.64
1445,5.54,0.0,63.96,100.0,4500,1,16,1,1,1,0,0,0,0,0,0,1,0,4.61
1446,5.62,0.0,63.67,100.0,5400,1,16,1,1,1,0,0,0,0,0,0,1,0,4.64
1447,5.58,0.0,63.94,100.0,6300,1,16,1,1,1,0,0,0,0,0,0,1,0,4.64
1448,5.72,0.0,63.0,100.0,7200,1,16,2,1,1,0,0,0,0,0,0,1,0,4.64
1449,5.54,0.0,63.96,100.0,8100,1,16,2,1,1,0,0,0,0,0,0,1,0,4.61
1450,5.83,0.0,62.27,100.0,9000,1,16,2,1,1,0,0,0,0,0,0,1,0,4.64
1451,5.94,0.0,61.56,100.0,9900,1,16,2,1,1,0,0,0,0,0,0,1,0,4.64
1452,5.94,0.0,62.21,100.0,10800,1,16,3,1,1,0,0,0,0,0,0,1,0,4.72
1453,6.16,0.0,59.92,100.0,11700,1,16,3,1,1,0,0,0,0,0,0,1,0,4.61
1454,5.83,0.0,62.27,100.0,12600,1,16,3,1,1,0,0,0,0,0,0,1,0,4.64
1455,5.76,0.0,62.49,100.0,13500,1,16,3,1,1,0,0,0,0,0,0,1,0,4.61
1456,5.9,0.0,61.82,100.0,14400,1,16,4,1,1,0,0,0,0,0,0,1,0,4.64
1457,5.83,0.0,62.6,100.0,15300,1,16,4,1,1,0,0,0,0,0,0,1,0,4.68
1458,5.69,0.0,62.62,100.0,16200,1,16,4,1,1,0,0,0,0,0,0,1,0,4.57
1459,5.87,0.0,62.01,100.0,17100,1,16,4,1,1,0,0,0,0,0,0,1,0,4.64
1460,5.62,0.0,63.09,100.0,18000,1,16,5,1,1,0,0,0,0,0,0,1,0,4.57
1461,5.69,0.0,62.95,100.0,18900,1,16,5,1,1,0,0,0,0,0,0,1,0,4.61
1462,5.47,0.0,64.44,100.0,19800,1,16,5,1,1,0,0,0,0,0,0,1,0,4.61
1463,5.54,0.0,63.96,100.0,20700,1,16,5,1,1,0,0,0,0,0,0,1,0,4.61
1464,5.18,0.0,66.16,100.0,21600,1,16,6,1,1,0,0,0,0,0,0,1,0,4.57
1465,5.22,0.0,65.87,100.0,22500,1,16,6,1,1,0,0,0,0,0,0,1,0,4.57
1466,5.44,0.0,64.32,100.0,23400,1,16,6,1,1,0,0,0,0,0,0,1,0,4.57
1467,6.41,0.0,59.29,100.0,24300,1,16,6,1,1,0,0,0,0,0,0,1,0,4.72
1468,6.05,0.0,60.86,100.0,25200,1,16,7,1,1,0,0,0,0,0,0,1,0,4.64
1469,5.8,0.0,61.89,100.0,26100,1,16,7,1,1,0,0,0,0,0,0,1,0,4.57
1470,5.87,0.0,67.43,100.0,27000,1,16,7,1,1,0,0,0,0,0,0,1,0,5.36
1471,6.08,0.0,74.2,100.0,27900,1,16,7,1,1,0,0,0,0,0,0,1,0,6.73
1472,10.66,0.0,78.73,100.0,28800,1,16,8,1,1,0,0,0,0,0,0,1,0,13.61
1473,33.66,0.0,83.03,100.0,29700,1,16,8,1,1,0,0,0,0,0,0,1,0,50.15
1474,51.91,0.0,78.38,100.0,30600,1,16,8,1,1,0,0,0,0,0,0,1,0,65.52
1475,64.37,0.0,77.37,100.0,31500,1,16,8,1,1,0,0,0,0,0,0,1,0,78.62
1476,48.85,0.0,88.23,100.0,32400,1,16,9,1,1,0,0,0,0,0,0,1,0,91.58
1477,41.58,0.0,91.05,100.0,33300,1,16,9,1,1,0,0,0,0,0,0,1,0,91.58
1478,47.63,0.0,90.08,100.0,34200,1,16,9,1,1,0,0,0,0,0,0,1,0,98.82
1479,35.64,0.0,91.78,100.0,35100,1,16,9,1,1,0,0,0,0,0,0,1,0,82.37
1480,30.2,0.0,92.86,100.0,36000,1,16,10,1,1,0,0,0,0,0,0,1,0,75.56
1481,31.0,0.0,93.09,100.0,36900,1,16,10,1,1,0,0,0,0,0,0,1,0,78.98
1482,46.73,0.0,88.42,100.0,37800,1,16,10,1,1,0,0,0,0,0,0,1,0,88.45
1483,37.44,0.0,91.16,100.0,38700,1,16,10,1,1,0,0,0,0,0,0,1,0,83.05
1484,36.65,0.0,91.55,100.0,39600,1,16,11,1,1,0,0,0,0,0,0,1,0,83.38
1485,49.61,0.0,84.01,100.0,40500,1,16,11,1,1,0,0,0,0,0,0,1,0,76.82
1486,65.05,0.0,82.71,100.0,41400,1,16,11,1,1,0,0,0,0,0,0,1,0,95.72
1487,46.37,0.0,85.56,100.0,42300,1,16,11,1,1,0,0,0,0,0,0,1,0,76.64
1488,63.29,0.0,82.58,100.0,43200,1,16,12,1,1,0,0,0,0,0,0,1,0,92.66
1489,5.51,19.51,95.49,67.21,44100,1,16,12,1,1,0,0,0,0,0,0,1,0,17.71
1490,0.0,26.32,100.0,29.78,45000,1,16,12,1,1,0,0,0,0,0,0,1,0,8.21
1491,0.0,25.7,100.0,31.03,45900,1,16,12,1,1,0,0,0,0,0,0,1,0,8.39
1492,0.0,25.45,100.0,32.98,46800,1,16,13,1,1,0,0,0,0,0,0,1,0,8.89
1493,33.77,1.84,91.62,99.97,47700,1,16,13,1,1,0,0,0,0,0,0,1,0,77.22
1494,44.89,0.0,89.81,100.0,48600,1,16,13,1,1,0,0,0,0,0,0,1,0,91.69
1495,40.07,0.0,90.85,100.0,49500,1,16,13,1,1,0,0,0,0,0,0,1,0,87.12
1496,35.42,0.0,91.05,100.0,50400,1,16,14,1,1,0,0,0,0,0,0,1,0,77.98
1497,31.61,0.0,92.27,100.0,51300,1,16,14,1,1,0,0,0,0,0,0,1,0,75.64
1498,30.92,0.0,92.44,100.0,52200,1,16,14,1,1,0,0,0,0,0,0,1,0,74.95
1499,44.46,0.0,89.41,100.0,53100,1,16,14,1,1,0,0,0,0,0,0,1,0,88.78
1500,28.73,0.0,92.77,100.0,54000,1,16,15,1,1,0,0,0,0,0,0,1,0,71.42
1501,27.68,0.0,92.53,100.0,54900,1,16,15,1,1,0,0,0,0,0,0,1,0,67.54
1502,36.61,0.0,90.97,100.0,55800,1,16,15,1,1,0,0,0,0,0,0,1,0,80.21
1503,43.2,0.0,90.23,100.0,56700,1,16,15,1,1,0,0,0,0,0,0,1,0,90.4
1504,30.6,0.0,92.79,100.0,57600,1,16,16,1,1,0,0,0,0,0,0,1,0,76.14
1505,30.78,0.0,91.43,100.0,58500,1,16,16,1,1,0,0,0,0,0,0,1,0,69.48
1506,36.61,0.0,90.27,100.0,59400,1,16,16,1,1,0,0,0,0,0,0,1,0,76.82
1507,36.97,0.0,90.96,100.0,60300,1,16,16,1,1,0,0,0,0,0,0,1,0,80.96
1508,41.29,0.0,90.47,100.0,61200,1,16,17,1,1,0,0,0,0,0,0,1,0,87.66
1509,50.47,0.0,87.67,100.0,62100,1,16,17,1,1,0,0,0,0,0,0,1,0,91.98
1510,44.71,0.0,90.01,100.0,63000,1,16,17,1,1,0,0,0,0,0,0,1,0,92.38
1511,17.64,0.5,95.33,100.0,63900,1,16,17,1,1,0,0,0,0,0,0,1,0,55.69
1512,0.07,8.6,100.0,97.01,64800,1,16,18,1,1,0,0,0,0,0,0,1,0,34.38
1513,29.02,0.54,86.4,99.99,65700,1,16,18,1,1,0,0,0,0,0,0,1,0,49.79
1514,67.36,0.0,81.15,100.0,66600,1,16,18,1,1,0,0,0,0,0,0,1,0,93.53
1515,37.44,0.0,89.64,100.0,67500,1,16,18,1,1,0,0,0,0,0,0,1,0,75.71
1516,42.05,0.0,88.51,100.0,68400,1,16,19,1,1,0,0,0,0,0,0,1,0,79.99
1517,50.26,0.0,88.62,100.0,69300,1,16,19,1,1,0,0,0,0,0,0,1,0,96.16
1518,35.53,0.0,89.53,100.0,70200,1,16,19,1,1,0,0,0,0,0,0,1,0,71.39
1519,37.22,0.0,90.51,100.0,71100,1,16,19,1,1,0,0,0,0,0,0,1,0,79.24
1520,37.87,0.0,90.06,100.0,72000,1,16,20,1,1,0,0,0,0,0,0,1,0,78.48
1521,55.19,0.0,87.75,100.0,72900,1,16,20,1,1,0,0,0,0,0,0,1,0,100.98
1522,36.32,0.0,90.65,100.0,73800,1,16,20,1,1,0,0,0,0,0,0,1,0,77.98
1523,50.4,0.0,88.1,100.0,74700,1,16,20,1,1,0,0,0,0,0,0,1,0,93.85
1524,16.31,0.79,96.54,99.99,75600,1,16,21,1,1,0,0,0,0,0,0,1,0,60.37
1525,0.04,22.46,100.0,48.72,76500,1,16,21,1,1,0,0,0,0,0,0,1,0,12.53
1526,0.0,26.5,100.0,20.22,77400,1,16,21,1,1,0,0,0,0,0,0,1,0,5.47
1527,0.0,26.64,100.0,19.09,78300,1,16,21,1,1,0,0,0,0,0,0,1,0,5.18
1528,0.0,26.57,100.0,19.53,79200,1,16,22,1,1,0,0,0,0,0,0,1,0,5.29
1529,1.55,14.87,95.58,32.1,80100,1,16,22,1,1,0,0,0,0,0,0,1,0,5.04
1530,4.03,0.0,75.78,100.0,81000,1,16,22,1,1,0,0,0,0,0,0,1,0,4.68
1531,3.92,0.0,76.18,100.0,81900,1,16,22,1,1,0,0,0,0,0,0,1,0,4.61
1532,3.74,0.0,77.86,100.0,82800,1,16,23,1,1,0,0,0,0,0,0,1,0,4.64
1533,3.17,0.0,82.17,100.0,83700,1,16,23,1,1,0,0,0,0,0,0,1,0,4.57
1534,3.49,0.04,79.48,100.0,84600,1,16,23,1,1,0,0,0,0,0,0,1,0,4.57
1535,4.39,0.0,72.93,100.0,85500,1,16,23,1,1,0,0,0,0,0,0,1,0,4.68
1536,4.57,0.0,71.55,100.0,0,1,16,0,1,1,0,0,0,0,0,0,1,0,4.68
1537,4.54,0.0,71.48,100.0,900,1,17,0,2,1,0,0,0,0,0,0,0,1,4.64
1538,5.0,0.0,68.87,100.0,1800,1,17,0,2,1,0,0,0,0,0,0,0,1,4.75
1539,4.86,0.0,69.36,100.0,2700,1,17,0,2,1,0,0,0,0,0,0,0,1,4.68
1540,4.79,0.0,69.88,100.0,3600,1,17,1,2,1,0,0,0,0,0,0,0,1,4.68
1541,4.86,0.0,69.36,100.0,4500,1,17,1,2,1,0,0,0,0,0,0,0,1,4.68
1542,4.64,0.0,71.01,100.0,5400,1,17,1,2,1,0,0,0,0,0,0,0,1,4.68
1543,4.97,0.0,69.09,100.0,6300,1,17,1,2,1,0,0,0,0,0,0,0,1,4.75
1544,4.93,0.0,68.85,100.0,7200,1,17,2,2,1,0,0,0,0,0,0,0,1,4.68
1545,5.0,0.0,68.65,100.0,8100,1,17,2,2,1,0,0,0,0,0,0,0,1,4.72
1546,4.75,0.0,70.49,100.0,9000,1,17,2,2,1,0,0,0,0,0,0,0,1,4.72
1547,4.86,0.0,69.67,100.0,9900,1,17,2,2,1,0,0,0,0,0,0,0,1,4.72
1548,5.22,0.0,67.61,100.0,10800,1,17,3,2,1,0,0,0,0,0,0,0,1,4.79
1549,4.75,0.0,70.49,100.0,11700,1,17,3,2,1,0,0,0,0,0,0,0,1,4.72
1550,4.86,0.0,69.36,100.0,12600,1,17,3,2,1,0,0,0,0,0,0,0,1,4.68
1551,4.82,0.0,69.66,100.0,13500,1,17,3,2,1,0,0,0,0,0,0,0,1,4.68
1552,4.72,0.0,70.41,100.0,14400,1,17,4,2,1,0,0,0,0,0,0,0,1,4.68
1553,4.54,0.0,72.07,100.0,15300,1,17,4,2,1,0,0,0,0,0,0,0,1,4.72
1554,4.5,0.0,71.79,100.0,16200,1,17,4,2,1,0,0,0,0,0,0,0,1,4.64
1555,4.54,0.0,71.48,100.0,17100,1,17,4,2,1,0,0,0,0,0,0,0,1,4.64
1556,4.46,0.0,72.39,100.0,18000,1,17,5,2,1,0,0,0,0,0,0,0,1,4.68
1557,4.57,0.0,71.55,100.0,18900,1,17,5,2,1,0,0,0,0,0,0,0,1,4.68
1558,4.61,0.0,71.54,100.0,19800,1,17,5,2,1,0,0,0,0,0,0,0,1,4.72
1559,4.72,0.0,70.41,100.0,20700,1,17,5,2,1,0,0,0,0,0,0,0,1,4.68
1560,4.54,0.0,71.48,100.0,21600,1,17,6,2,1,0,0,0,0,0,0,0,1,4.64
1561,4.61,0.0,70.94,100.0,22500,1,17,6,2,1,0,0,0,0,0,0,0,1,4.64
1562,4.46,0.0,72.39,100.0,23400,1,17,6,2,1,0,0,0,0,0,0,0,1,4.68
1563,3.85,0.0,74.66,100.0,24300,1,17,6,2,1,0,0,0,0,0,0,0,1,4.32
1564,4.0,0.0,73.69,100.0,25200,1,17,7,2,1,0,0,0,0,0,0,0,1,4.36
1565,4.43,0.0,70.39,100.0,26100,1,17,7,2,1,0,0,0,0,0,0,0,1,4.39
1566,3.85,0.0,80.26,100.0,27000,1,17,7,2,1,0,0,0,0,0,0,0,1,5.18
1567,4.54,0.0,85.17,100.0,27900,1,17,7,2,1,0,0,0,0,0,0,0,1,7.38
1568,4.57,0.0,84.56,100.0,28800,1,17,8,2,1,0,0,0,0,0,0,0,1,7.24
1569,42.52,0.0,79.95,100.0,29700,1,17,8,2,1,0,0,0,0,0,0,0,1,56.59
1570,54.25,0.0,77.62,100.0,30600,1,17,8,2,1,0,0,0,0,0,0,0,1,66.78
1571,49.18,0.0,78.71,100.0,31500,1,17,8,2,1,0,0,0,0,0,0,0,1,62.75
1572,28.66,0.0,92.04,100.0,32400,1,17,9,2,1,0,0,0,0,0,0,0,1,67.46
1573,22.75,0.0,95.3,100.0,33300,1,17,9,2,1,0,0,0,0,0,0,0,1,71.6
1574,32.76,0.0,92.99,100.0,34200,1,17,9,2,1,0,0,0,0,0,0,0,1,82.84
1575,13.46,0.0,97.9,100.0,35100,1,17,9,2,1,0,0,0,0,0,0,0,1,64.69
1576,19.94,0.0,95.87,100.0,36000,1,17,10,2,1,0,0,0,0,0,0,0,1,67.18
1577,17.06,0.0,96.29,100.0,36900,1,17,10,2,1,0,0,0,0,0,0,0,1,60.88
1578,11.52,0.0,97.96,100.0,37800,1,17,10,2,1,0,0,0,0,0,0,0,1,56.16
1579,21.96,0.0,95.77,100.0,38700,1,17,10,2,1,0,0,0,0,0,0,0,1,73.08
1580,32.44,0.0,92.15,100.0,39600,1,17,11,2,1,0,0,0,0,0,0,0,1,76.97
1581,35.42,0.0,86.68,100.0,40500,1,17,11,2,1,0,0,0,0,0,0,0,1,61.56
1582,40.43,0.0,84.37,100.0,41400,1,17,11,2,1,0,0,0,0,0,0,0,1,63.54
1583,44.82,0.0,83.93,100.0,42300,1,17,11,2,1,0,0,0,0,0,0,0,1,69.19
1584,44.21,0.0,83.44,100.0,43200,1,17,12,2,1,0,0,0,0,0,0,0,1,66.92
1585,9.14,18.36,91.21,74.23,44100,1,17,12,2,1,0,0,0,0,0,0,0,1,20.34
1586,0.0,25.78,100.0,29.84,45000,1,17,12,2,1,0,0,0,0,0,0,0,1,8.06
1587,0.0,25.34,100.0,29.97,45900,1,17,12,2,1,0,0,0,0,0,0,0,1,7.96
1588,0.0,25.27,100.0,29.04,46800,1,17,13,2,1,0,0,0,0,0,0,0,1,7.67
1589,28.87,3.6,91.75,99.85,47700,1,17,13,2,1,0,0,0,0,0,0,0,1,66.6
1590,28.12,0.0,92.15,100.0,48600,1,17,13,2,1,0,0,0,0,0,0,0,1,66.74
1591,57.6,0.0,87.49,100.0,49500,1,17,13,2,1,0,0,0,0,0,0,0,1,104.04
1592,35.5,0.0,91.54,100.0,50400,1,17,14,2,1,0,0,0,0,0,0,0,1,80.75
1593,43.78,0.0,88.79,100.0,51300,1,17,14,2,1,0,0,0,0,0,0,0,1,84.49
1594,22.9,0.0,94.03,100.0,52200,1,17,14,2,1,0,0,0,0,0,0,0,1,63.25
1595,18.25,0.0,94.44,100.0,53100,1,17,14,2,1,0,0,0,0,0,0,0,1,52.42
1596,12.38,0.0,97.05,100.0,54000,1,17,15,2,1,0,0,0,0,0,0,0,1,49.82
1597,17.71,0.0,95.65,100.0,54900,1,17,15,2,1,0,0,0,0,0,0,0,1,58.1
1598,20.27,0.0,95.31,100.0,55800,1,17,15,2,1,0,0,0,0,0,0,0,1,63.83
1599,32.4,0.0,92.0,100.0,56700,1,17,15,2,1,0,0,0,0,0,0,0,1,76.07
1600,20.16,0.0,94.99,100.0,57600,1,17,16,2,1,0,0,0,0,0,0,0,1,61.24
1601,12.35,0.0,97.14,100.0,58500,1,17,16,2,1,0,0,0,0,0,0,0,1,50.51
1602,22.0,0.0,93.71,100.0,59400,1,17,16,2,1,0,0,0,0,0,0,0,1,59.08
1603,19.62,0.0,94.75,100.0,60300,1,17,16,2,1,0,0,0,0,0,0,0,1,58.14
1604,23.15,0.0,93.73,100.0,61200,1,17,17,2,1,0,0,0,0,0,0,0,1,62.24
1605,13.82,0.0,96.61,100.0,62100,1,17,17,2,1,0,0,0,0,0,0,0,1,51.73
1606,25.7,0.0,93.07,100.0,63000,1,17,17,2,1,0,0,0,0,0,0,0,1,65.38
1607,8.39,1.15,98.16,99.96,63900,1,17,17,2,1,0,0,0,0,0,0,0,1,43.16
1608,0.04,9.07,100.0,96.38,64800,1,17,18,2,1,0,0,0,0,0,0,0,1,32.8
1609,11.77,0.86,95.04,99.97,65700,1,17,18,2,1,0,0,0,0,0,0,0,1,35.96
1610,17.32,0.0,92.07,100.0,66600,1,17,18,2,1,0,0,0,0,0,0,0,1,40.86
1611,4.32,2.2,99.39,99.84,67500,1,17,18,2,1,0,0,0,0,0,0,0,1,38.92
1612,0.79,1.55,99.98,99.93,68400,1,17,19,2,1,0,0,0,0,0,0,0,1,40.07
1613,0.54,2.12,99.99,99.85,69300,1,17,19,2,1,0,0,0,0,0,0,0,1,38.09
1614,0.83,2.09,99.98,99.86,70200,1,17,19,2,1,0,0,0,0,0,0,0,1,39.53
1615,0.76,1.62,99.98,99.92,71100,1,17,19,2,1,0,0,0,0,0,0,0,1,39.92
1616,0.5,2.81,99.99,99.73,72000,1,17,20,2,1,0,0,0,0,0,0,0,1,38.12
1617,0.79,1.73,99.98,99.91,72900,1,17,20,2,1,0,0,0,0,0,0,0,1,39.78
1618,0.68,2.34,99.98,99.82,73800,1,17,20,2,1,0,0,0,0,0,0,0,1,38.92
1619,0.79,1.8,99.98,99.9,74700,1,17,20,2,1,0,0,0,0,0,0,0,1,39.53
1620,0.61,2.38,99.99,99.81,75600,1,17,21,2,1,0,0,0,0,0,0,0,1,38.09
1621,0.9,2.48,99.97,99.79,76500,1,17,21,2,1,0,0,0,0,0,0,0,1,38.56
1622,1.26,1.44,99.95,99.93,77400,1,17,21,2,1,0,0,0,0,0,0,0,1,39.82
1623,1.22,0.86,99.95,99.98,78300,1,17,21,2,1,0,0,0,0,0,0,0,1,40.25
1624,0.32,3.96,100.0,99.42,79200,1,17,22,2,1,0,0,0,0,0,0,0,1,36.58
1625,13.57,0.43,94.81,99.99,80100,1,17,22,2,1,0,0,0,0,0,0,0,1,40.46
1626,30.96,0.0,78.75,100.0,81000,1,17,22,2,1,0,0,0,0,0,0,0,1,39.56
1627,25.74,0.0,80.44,100.0,81900,1,17,22,2,1,0,0,0,0,0,0,0,1,34.85
1628,24.66,0.0,81.65,100.0,82800,1,17,23,2,1,0,0,0,0,0,0,0,1,34.88
1629,21.53,0.0,83.89,100.0,83700,1,17,23,2,1,0,0,0,0,0,0,0,1,33.19
1630,27.29,0.0,81.0,100.0,84600,1,17,23,2,1,0,0,0,0,0,0,0,1,37.69
1631,30.46,0.0,79.74,100.0,85500,1,17,23,2,1,0,0,0,0,0,0,0,1,40.25
1632,27.29,0.0,80.4,100.0,0,1,17,0,2,1,0,0,0,0,0,0,0,1,36.9
1633,25.6,0.0,80.5,100.0,900,1,18,0,3,1,0,0,0,0,0,1,0,0,34.74
1634,28.37,0.0,79.42,100.0,1800,1,18,0,3,1,0,0,0,0,0,1,0,0,37.08
1635,26.14,0.0,80.24,100.0,2700,1,18,0,3,1,0,0,0,0,0,1,0,0,35.14
1636,31.72,0.0,79.02,100.0,3600,1,18,1,3,1,0,0,0,0,0,1,0,0,40.9
1637,29.95,0.0,78.89,100.0,4500,1,18,1,3,1,0,0,0,0,0,1,0,0,38.45
1638,26.5,0.0,79.26,100.0,5400,1,18,1,3,1,0,0,0,0,0,1,0,0,34.45
1639,24.7,0.0,76.96,100.0,6300,1,18,1,3,1,0,0,0,0,0,1,0,0,29.77
1640,24.37,0.0,77.57,100.0,7200,1,18,2,3,1,0,0,0,0,0,1,0,0,29.95
1641,28.87,0.0,76.91,100.0,8100,1,18,2,3,1,0,0,0,0,0,1,0,0,34.74
1642,32.04,0.0,78.4,100.0,9000,1,18,2,3,1,0,0,0,0,0,1,0,0,40.46
1643,28.62,0.0,78.93,100.0,9900,1,18,2,3,1,0,0,0,0,0,1,0,0,36.79
1644,28.69,0.0,80.04,100.0,10800,1,18,3,3,1,0,0,0,0,0,1,0,0,38.3
1645,31.61,0.0,78.88,100.0,11700,1,18,3,3,1,0,0,0,0,0,1,0,0,40.57
1646,27.97,0.0,79.83,100.0,12600,1,18,3,3,1,0,0,0,0,0,1,0,0,37.08
1647,26.24,0.0,80.24,100.0,13500,1,18,3,3,1,0,0,0,0,0,1,0,0,35.28
1648,28.01,0.0,79.9,100.0,14400,1,18,4,3,1,0,0,0,0,0,1,0,0,37.22
1649,30.92,0.0,79.48,100.0,15300,1,18,4,3,1,0,0,0,0,0,1,0,0,40.5
1650,27.9,0.0,80.02,100.0,16200,1,18,4,3,1,0,0,0,0,0,1,0,0,37.22
1651,27.11,0.0,79.79,100.0,17100,1,18,4,3,1,0,0,0,0,0,1,0,0,35.89
1652,29.92,0.0,78.94,100.0,18000,1,18,5,3,1,0,0,0,0,0,1,0,0,38.48
1653,31.18,0.0,79.16,100.0,18900,1,18,5,3,1,0,0,0,0,0,1,0,0,40.39
1654,27.43,0.0,80.01,100.0,19800,1,18,5,3,1,0,0,0,0,0,1,0,0,36.58
1655,30.53,0.0,78.87,100.0,20700,1,18,5,3,1,0,0,0,0,0,1,0,0,39.17
1656,31.21,0.0,79.13,100.0,21600,1,18,6,3,1,0,0,0,0,0,1,0,0,40.39
1657,27.72,0.0,79.76,100.0,22500,1,18,6,3,1,0,0,0,0,0,1,0,0,36.65
1658,31.39,0.0,79.04,100.0,23400,1,18,6,3,1,0,0,0,0,0,1,0,0,40.5
1659,28.94,0.0,79.49,100.0,24300,1,18,6,3,1,0,0,0,0,0,1,0,0,37.91
1660,27.94,0.0,78.79,100.0,25200,1,18,7,3,1,0,0,0,0,0,1,0,0,35.75
1661,24.98,0.0,79.87,100.0,26100,1,18,7,3,1,0,0,0,0,0,1,0,0,33.16
1662,29.74,0.0,80.32,100.0,27000,1,18,7,3,1,0,0,0,0,0,1,0,0,40.1
1663,30.64,0.0,81.03,100.0,27900,1,18,7,3,1,0,0,0,0,0,1,0,0,42.37
1664,24.84,0.0,82.75,100.0,28800,1,18,8,3,1,0,0,0,0,0,1,0,0,36.61
1665,40.57,0.0,79.62,100.0,29700,1,18,8,3,1,0,0,0,0,0,1,0,0,53.39
1666,51.84,0.0,77.97,100.0,30600,1,18,8,3,1,0,0,0,0,0,1,0,0,64.55
1667,58.82,0.0,77.96,100.0,31500,1,18,8,3,1,0,0,0,0,0,1,0,0,73.22
1668,42.08,0.0,88.76,100.0,32400,1,18,9,3,1,0,0,0,0,0,1,0,0,81.07
1669,43.92,0.0,91.12,100.0,33300,1,18,9,3,1,0,0,0,0,0,1,0,0,97.13
1670,50.36,0.0,88.85,100.0,34200,1,18,9,3,1,0,0,0,0,0,1,0,0,97.49
1671,27.47,0.0,93.1,100.0,35100,1,18,9,3,1,0,0,0,0,0,1,0,0,70.06
1672,23.0,0.0,95.0,100.0,36000,1,18,10,3,1,0,0,0,0,0,1,0,0,69.98
1673,56.56,0.0,91.43,100.0,36900,1,18,10,3,1,0,0,0,0,0,1,0,0,127.69
1674,53.32,0.0,92.81,100.0,37800,1,18,10,3,1,0,0,0,0,0,1,0,0,132.91
1675,55.08,0.0,92.55,100.0,38700,1,18,10,3,1,0,0,0,0,0,1,0,0,134.6
1676,62.21,0.0,90.87,100.0,39600,1,18,11,3,1,0,0,0,0,0,1,0,0,135.4
1677,72.18,0.0,89.39,100.0,40500,1,18,11,3,1,0,0,0,0,0,1,0,0,143.93
1678,79.09,0.0,85.61,100.0,41400,1,18,11,3,1,0,0,0,0,0,1,0,0,131.04
1679,75.17,0.0,88.5,100.0,42300,1,18,11,3,1,0,0,0,0,0,1,0,0,142.85
1680,84.89,0.0,86.52,100.0,43200,1,18,12,3,1,0,0,0,0,0,1,0,0,146.48
1681,9.54,18.43,93.72,81.19,44100,1,18,12,3,1,0,0,0,0,0,1,0,0,25.63
1682,0.0,26.06,100.0,28.71,45000,1,18,12,3,1,0,0,0,0,0,1,0,0,7.81
1683,0.0,25.02,100.0,29.55,45900,1,18,12,3,1,0,0,0,0,0,1,0,0,7.74
1684,0.32,23.47,99.94,37.28,46800,1,18,13,3,1,0,0,0,0,0,1,0,0,9.43
1685,38.38,0.0,93.37,100.0,47700,1,18,13,3,1,0,0,0,0,0,1,0,0,100.12
1686,55.55,0.0,91.09,100.0,48600,1,18,13,3,1,0,0,0,0,0,1,0,0,122.65
1687,29.77,0.0,94.89,100.0,49500,1,18,13,3,1,0,0,0,0,0,1,0,0,89.5
1688,34.27,0.0,94.87,100.0,50400,1,18,14,3,1,0,0,0,0,0,1,0,0,102.85
1689,32.08,0.0,94.57,100.0,51300,1,18,14,3,1,0,0,0,0,0,1,0,0,93.31
1690,43.92,0.0,94.1,100.0,52200,1,18,14,3,1,0,0,0,0,0,1,0,0,122.11
1691,42.05,0.0,93.46,100.0,53100,1,18,14,3,1,0,0,0,0,0,1,0,0,110.48
1692,39.24,0.0,94.07,100.0,54000,1,18,15,3,1,0,0,0,0,0,1,0,0,108.83
1693,32.18,0.0,95.61,100.0,54900,1,18,15,3,1,0,0,0,0,0,1,0,0,105.05
1694,28.55,0.0,95.86,100.0,55800,1,18,15,3,1,0,0,0,0,0,1,0,0,96.16
1695,45.72,0.0,93.15,100.0,56700,1,18,15,3,1,0,0,0,0,0,1,0,0,117.04
1696,56.45,0.0,91.85,100.0,57600,1,18,16,3,1,0,0,0,0,0,1,0,0,131.11
1697,47.02,0.0,92.5,100.0,58500,1,18,16,3,1,0,0,0,0,0,1,0,0,114.48
1698,64.22,0.0,91.18,100.0,59400,1,18,16,3,1,0,0,0,0,0,1,0,0,142.56
1699,35.6,0.0,94.81,100.0,60300,1,18,16,3,1,0,0,0,0,0,1,0,0,106.16
1700,39.92,0.0,94.89,100.0,61200,1,18,17,3,1,0,0,0,0,0,1,0,0,120.02
1701,41.18,0.0,93.68,100.0,62100,1,18,17,3,1,0,0,0,0,0,1,0,0,110.23
1702,64.87,0.0,91.75,100.0,63000,1,18,17,3,1,0,0,0,0,0,1,0,0,149.65
1703,8.14,1.8,99.03,99.95,63900,1,18,17,3,1,0,0,0,0,0,1,0,0,58.1
1704,0.25,6.84,100.0,98.33,64800,1,18,18,3,1,0,0,0,0,0,1,0,0,36.97
1705,44.53,0.61,88.71,100.0,65700,1,18,18,3,1,0,0,0,0,0,1,0,0,85.57
1706,75.06,0.0,87.66,100.0,66600,1,18,18,3,1,0,0,0,0,0,1,0,0,136.76
1707,55.19,0.0,91.24,100.0,67500,1,18,18,3,1,0,0,0,0,0,1,0,0,123.05
1708,54.72,0.0,92.77,100.0,68400,1,18,19,3,1,0,0,0,0,0,1,0,0,135.94
1709,44.42,0.0,92.18,100.0,69300,1,18,19,3,1,0,0,0,0,0,1,0,0,105.59
1710,56.88,0.0,91.97,100.0,70200,1,18,19,3,1,0,0,0,0,0,1,0,0,133.2
1711,60.01,0.0,92.08,100.0,71100,1,18,19,3,1,0,0,0,0,0,1,0,0,141.66
1712,47.41,0.0,92.41,100.0,72000,1,18,20,3,1,0,0,0,0,0,1,0,0,114.66
1713,51.59,0.0,91.63,100.0,72900,1,18,20,3,1,0,0,0,0,0,1,0,0,118.01
1714,36.25,0.0,94.81,100.0,73800,1,18,20,3,1,0,0,0,0,0,1,0,0,108.04
1715,40.36,0.0,94.72,100.0,74700,1,18,20,3,1,0,0,0,0,0,1,0,0,119.2
1716,15.73,0.32,97.72,100.0,75600,1,18,21,3,1,0,0,0,0,0,1,0,0,72.43
1717,10.94,0.18,99.04,100.0,76500,1,18,21,3,1,0,0,0,0,0,1,0,0,78.34
1718,13.79,0.0,98.9,100.0,77400,1,18,21,3,1,0,0,0,0,0,1,0,0,92.27
1719,0.72,2.27,99.98,99.84,78300,1,18,21,3,1,0,0,0,0,0,1,0,0,40.25
1720,12.28,0.0,98.99,100.0,79200,1,18,22,3,1,0,0,0,0,0,1,0,0,85.82
1721,26.68,0.0,95.93,100.0,80100,1,18,22,3,1,0,0,0,0,0,1,0,0,90.58
1722,34.78,0.0,84.94,100.0,81000,1,18,22,3,1,0,0,0,0,0,1,0,0,55.98
1723,44.71,0.0,89.69,100.0,81900,1,18,22,3,1,0,0,0,0,0,1,0,0,90.68
1724,41.51,0.0,89.0,100.0,82800,1,18,23,3,1,0,0,0,0,0,1,0,0,81.04
1725,30.56,0.0,83.92,100.0,83700,1,18,23,3,1,0,0,0,0,0,1,0,0,47.16
1726,32.18,0.0,85.72,100.0,84600,1,18,23,3,1,0,0,0,0,0,1,0,0,53.57
1727,43.34,0.0,89.99,100.0,85500,1,18,23,3,1,0,0,0,0,0,1,0,0,89.42
1728,39.02,0.0,87.99,100.0,0,1,18,0,3,1,0,0,0,0,0,1,0,0,72.25
1729,31.54,0.0,83.45,100.0,900,1,19,0,4,1,0,1,0,0,0,0,0,0,47.77
1730,39.24,0.0,88.77,100.0,1800,1,19,0,4,1,0,1,0,0,0,0,0,0,75.64
1731,44.28,0.0,89.99,100.0,2700,1,19,0,4,1,0,1,0,0,0,0,0,0,91.4
1732,32.47,0.0,85.67,100.0,3600,1,19,1,4,1,0,1,0,0,0,0,0,0,53.93
1733,27.76,0.0,81.1,100.0,4500,1,19,1,4,1,0,1,0,0,0,0,0,0,38.48
1734,24.05,0.0,78.27,100.0,5400,1,19,1,4,1,0,1,0,0,0,0,0,0,30.24
1735,23.98,0.0,78.46,100.0,6300,1,19,1,4,1,0,1,0,0,0,0,0,0,30.35
1736,24.37,0.0,78.29,100.0,7200,1,19,2,4,1,0,1,0,0,0,0,0,0,30.67
1737,42.59,0.0,88.8,100.0,8100,1,19,2,4,1,0,1,0,0,0,0,0,0,82.26
1738,42.01,0.0,88.8,100.0,9000,1,19,2,4,1,0,1,0,0,0,0,0,0,81.11
1739,34.09,0.0,86.2,100.0,9900,1,19,2,4,1,0,1,0,0,0,0,0,0,57.96
1740,37.15,0.0,88.09,100.0,10800,1,19,3,4,1,0,1,0,0,0,0,0,0,69.16
1741,32.51,0.0,84.52,100.0,11700,1,19,3,4,1,0,1,0,0,0,0,0,0,51.41
1742,35.89,0.0,86.93,100.0,12600,1,19,3,4,1,0,1,0,0,0,0,0,0,63.11
1743,28.91,0.0,81.84,100.0,13500,1,19,3,4,1,0,1,0,0,0,0,0,0,41.18
1744,26.39,0.0,83.14,100.0,14400,1,19,4,4,1,0,1,0,0,0,0,0,0,39.49
1745,25.38,0.0,81.18,100.0,15300,1,19,4,4,1,0,1,0,0,0,0,0,0,35.28
1746,32.33,0.0,84.08,100.0,16200,1,19,4,4,1,0,1,0,0,0,0,0,0,50.22
1747,29.45,0.0,78.25,100.0,17100,1,19,4,4,1,0,1,0,0,0,0,0,0,37.01
1748,28.3,0.0,79.69,100.0,18000,1,19,5,4,1,0,1,0,0,0,0,0,0,37.33
1749,29.38,0.0,78.49,100.0,18900,1,19,5,4,1,0,1,0,0,0,0,0,0,37.22
1750,34.96,0.0,86.54,100.0,19800,1,19,5,4,1,0,1,0,0,0,0,0,0,60.37
1751,40.57,0.0,89.44,100.0,20700,1,19,5,4,1,0,1,0,0,0,0,0,0,81.14
1752,36.14,0.0,87.54,100.0,21600,1,19,6,4,1,0,1,0,0,0,0,0,0,65.45
1753,38.41,0.0,87.72,100.0,22500,1,19,6,4,1,0,1,0,0,0,0,0,0,70.16
1754,41.29,0.0,89.89,100.0,23400,1,19,6,4,1,0,1,0,0,0,0,0,0,84.71
1755,35.89,0.0,88.4,100.0,24300,1,19,6,4,1,0,1,0,0,0,0,0,0,67.86
1756,42.19,0.0,89.59,100.0,25200,1,19,7,4,1,0,1,0,0,0,0,0,0,85.07
1757,40.43,0.0,88.95,100.0,26100,1,19,7,4,1,0,1,0,0,0,0,0,0,78.7
1758,33.7,0.0,86.26,100.0,27000,1,19,7,4,1,0,1,0,0,0,0,0,0,57.46
1759,39.89,0.0,90.02,100.0,27900,1,19,7,4,1,0,1,0,0,0,0,0,0,82.48
1760,22.1,0.0,85.15,100.0,28800,1,19,8,4,1,0,1,0,0,0,0,0,0,35.89
1761,41.11,0.0,80.1,100.0,29700,1,19,8,4,1,0,1,0,0,0,0,0,0,55.01
1762,49.97,0.0,80.13,100.0,30600,1,19,8,4,1,0,1,0,0,0,0,0,0,66.92
1763,49.54,0.0,80.54,100.0,31500,1,19,8,4,1,0,1,0,0,0,0,0,0,67.32
1764,32.0,0.0,91.31,100.0,32400,1,19,9,4,1,0,1,0,0,0,0,0,0,71.64
1765,21.2,0.0,95.21,100.0,33300,1,19,9,4,1,0,1,0,0,0,0,0,0,66.02
1766,21.67,0.0,95.06,100.0,34200,1,19,9,4,1,0,1,0,0,0,0,0,0,66.35
1767,32.98,0.0,93.78,100.0,35100,1,19,9,4,1,0,1,0,0,0,0,0,0,89.1
1768,32.29,0.0,93.99,100.0,36000,1,19,10,4,1,0,1,0,0,0,0,0,0,88.85
1769,33.34,0.0,94.21,100.0,36900,1,19,10,4,1,0,1,0,0,0,0,0,0,93.64
1770,37.69,0.0,94.33,100.0,37800,1,19,10,4,1,0,1,0,0,0,0,0,0,107.1
1771,35.46,0.0,94.54,100.0,38700,1,19,10,4,1,0,1,0,0,0,0,0,0,102.85
1772,45.83,0.0,93.29,100.0,39600,1,19,11,4,1,0,1,0,0,0,0,0,0,118.69
1773,60.8,0.0,88.69,100.0,40500,1,19,11,4,1,0,1,0,0,0,0,0,0,116.75
1774,60.34,0.0,89.22,100.0,41400,1,19,11,4,1,0,1,0,0,0,0,0,0,119.2
1775,57.2,0.0,88.91,100.0,42300,1,19,11,4,1,0,1,0,0,0,0,0,0,111.1
1776,57.82,0.0,88.9,100.0,43200,1,19,12,4,1,0,1,0,0,0,0,0,0,112.28
1777,0.43,20.59,99.89,40.05,44100,1,19,12,4,1,0,1,0,0,0,0,0,0,9.0
1778,0.0,25.96,100.0,28.81,45000,1,19,12,4,1,0,1,0,0,0,0,0,0,7.81
1779,0.0,25.38,100.0,28.17,45900,1,19,12,4,1,0,1,0,0,0,0,0,0,7.45
1780,0.0,25.42,100.0,29.99,46800,1,19,13,4,1,0,1,0,0,0,0,0,0,7.99
1781,43.13,2.09,93.11,99.98,47700,1,19,13,4,1,0,1,0,0,0,0,0,0,110.09
1782,50.76,0.0,92.44,100.0,48600,1,19,13,4,1,0,1,0,0,0,0,0,0,122.98
1783,48.1,0.0,93.43,100.0,49500,1,19,13,4,1,0,1,0,0,0,0,0,0,126.11
1784,39.49,0.0,95.12,100.0,50400,1,19,14,4,1,0,1,0,0,0,0,0,0,121.79
1785,34.02,0.0,94.73,100.0,51300,1,19,14,4,1,0,1,0,0,0,0,0,0,100.55
1786,44.35,0.0,93.88,100.0,52200,1,19,14,4,1,0,1,0,0,0,0,0,0,120.85
1787,33.44,0.0,94.86,100.0,53100,1,19,14,4,1,0,1,0,0,0,0,0,0,100.26
1788,25.78,0.0,94.43,100.0,54000,1,19,15,4,1,0,1,0,0,0,0,0,0,73.94
1789,22.93,0.0,95.93,100.0,54900,1,19,15,4,1,0,1,0,0,0,0,0,0,77.87
1790,44.39,0.0,93.86,100.0,55800,1,19,15,4,1,0,1,0,0,0,0,0,0,120.71
1791,46.3,0.0,91.61,100.0,56700,1,19,15,4,1,0,1,0,0,0,0,0,0,105.8
1792,40.5,0.0,94.28,100.0,57600,1,19,16,4,1,0,1,0,0,0,0,0,0,114.59
1793,33.01,0.0,94.24,100.0,58500,1,19,16,4,1,0,1,0,0,0,0,0,0,93.02
1794,20.7,0.0,94.17,100.0,59400,1,19,16,4,1,0,1,0,0,0,0,0,0,57.96
1795,32.15,0.0,94.75,100.0,60300,1,19,16,4,1,0,1,0,0,0,0,0,0,95.26
1796,40.0,0.0,93.47,100.0,61200,1,19,17,4,1,0,1,0,0,0,0,0,0,105.16
1797,53.57,0.0,92.0,100.0,62100,1,19,17,4,1,0,1,0,0,0,0,0,0,125.75
1798,49.46,0.0,92.3,100.0,63000,1,19,17,4,1,0,1,0,0,0,0,0,0,118.66
1799,0.36,8.42,99.99,97.33,63900,1,19,17,4,1,0,1,0,0,0,0,0,0,35.68
1800,0.0,9.04,100.0,96.43,64800,1,19,18,4,1,0,1,0,0,0,0,0,0,32.94
1801,40.72,0.58,88.04,100.0,65700,1,19,18,4,1,0,1,0,0,0,0,0,0,75.6
1802,67.07,0.0,88.06,100.0,66600,1,19,18,4,1,0,1,0,0,0,0,0,0,124.63
1803,36.72,0.0,93.98,100.0,67500,1,19,18,4,1,0,1,0,0,0,0,0,0,100.98
1804,37.55,0.0,94.53,100.0,68400,1,19,19,4,1,0,1,0,0,0,0,0,0,108.79
1805,32.15,0.0,91.96,100.0,69300,1,19,19,4,1,0,1,0,0,0,0,0,0,75.24
1806,45.65,0.0,92.58,100.0,70200,1,19,19,4,1,0,1,0,0,0,0,0,0,111.78
1807,63.25,0.0,90.21,100.0,71100,1,19,19,4,1,0,1,0,0,0,0,0,0,132.23
1808,42.84,0.0,92.8,100.0,72000,1,19,20,4,1,0,1,0,0,0,0,0,0,106.74
1809,38.52,0.0,93.69,100.0,72900,1,19,20,4,1,0,1,0,0,0,0,0,0,103.21
1810,40.79,0.0,89.58,100.0,73800,1,19,20,4,1,0,1,0,0,0,0,0,0,82.22
1811,14.94,0.0,96.2,100.0,74700,1,19,20,4,1,0,1,0,0,0,0,0,0,52.63
1812,10.19,0.29,98.59,100.0,75600,1,19,21,4,1,0,1,0,0,0,0,0,0,60.01
1813,10.62,0.61,99.1,100.0,76500,1,19,21,4,1,0,1,0,0,0,0,0,0,78.62
1814,13.18,0.0,98.96,100.0,77400,1,19,21,4,1,0,1,0,0,0,0,0,0,90.83
1815,4.64,2.05,99.65,99.93,78300,1,19,21,4,1,0,1,0,0,0,0,0,0,55.37
1816,12.64,0.0,99.02,100.0,79200,1,19,22,4,1,0,1,0,0,0,0,0,0,89.68
1817,23.51,0.0,96.29,100.0,80100,1,19,22,4,1,0,1,0,0,0,0,0,0,83.88
1818,35.17,0.0,87.24,100.0,81000,1,19,22,4,1,0,1,0,0,0,0,0,0,62.78
1819,44.17,0.0,90.11,100.0,81900,1,19,22,4,1,0,1,0,0,0,0,0,0,91.8
1820,35.46,0.0,87.57,100.0,82800,1,19,23,4,1,0,1,0,0,0,0,0,0,64.3
1821,25.24,0.0,82.01,100.0,83700,1,19,23,4,1,0,1,0,0,0,0,0,0,36.18
1822,22.97,0.0,80.14,100.0,84600,1,19,23,4,1,0,1,0,0,0,0,0,0,30.78
1823,23.11,0.0,79.8,100.0,85500,1,19,23,4,1,0,1,0,0,0,0,0,0,30.6
1824,23.29,0.0,79.64,100.0,0,1,19,0,4,1,0,1,0,0,0,0,0,0,30.67
1825,33.95,0.0,86.92,100.0,900,1,20,0,5,0,1,0,0,1,0,0,0,0,59.69
1826,42.84,0.0,89.84,100.0,1800,1,20,0,5,0,1,0,0,1,0,0,0,0,87.62
1827,35.68,0.0,88.11,100.0,2700,1,20,0,5,0,1,0,0,1,0,0,0,0,66.46
1828,38.66,0.0,89.4,100.0,3600,1,20,1,5,0,1,0,0,1,0,0,0,0,77.15
1829,43.49,0.0,90.21,100.0,4500,1,20,1,5,0,1,0,0,1,0,0,0,0,90.94
1830,37.01,0.0,88.96,100.0,5400,1,20,1,5,0,1,0,0,1,0,0,0,0,72.07
1831,42.8,0.0,90.2,100.0,6300,1,20,1,5,0,1,0,0,1,0,0,0,0,89.42
1832,41.0,0.0,89.86,100.0,7200,1,20,2,5,0,1,0,0,1,0,0,0,0,83.95
1833,31.93,0.0,85.01,100.0,8100,1,20,2,5,0,1,0,0,1,0,0,0,0,51.55
1834,41.98,0.0,90.2,100.0,9000,1,20,2,5,0,1,0,0,1,0,0,0,0,87.73
1835,41.4,0.0,90.03,100.0,9900,1,20,2,5,0,1,0,0,1,0,0,0,0,85.61
1836,34.45,0.0,86.65,100.0,10800,1,20,3,5,0,1,0,0,1,0,0,0,0,59.8
1837,38.95,0.0,88.08,100.0,11700,1,20,3,5,0,1,0,0,1,0,0,0,0,72.47
1838,42.37,0.0,90.01,100.0,12600,1,20,3,5,0,1,0,0,1,0,0,0,0,87.55
1839,36.58,0.0,87.73,100.0,13500,1,20,3,5,0,1,0,0,1,0,0,0,0,66.85
1840,40.43,0.0,88.78,100.0,14400,1,20,4,5,0,1,0,0,1,0,0,0,0,78.01
1841,42.16,0.0,90.27,100.0,15300,1,20,4,5,0,1,0,0,1,0,0,0,0,88.45
1842,33.01,0.0,87.74,100.0,16200,1,20,4,5,0,1,0,0,1,0,0,0,0,60.37
1843,43.7,0.0,90.35,100.0,17100,1,20,4,5,0,1,0,0,1,0,0,0,0,92.12
1844,40.97,0.0,90.08,100.0,18000,1,20,5,5,0,1,0,0,1,0,0,0,0,85.0
1845,34.99,0.0,88.45,100.0,18900,1,20,5,5,0,1,0,0,1,0,0,0,0,66.35
1846,43.42,0.0,90.41,100.0,19800,1,20,5,5,0,1,0,0,1,0,0,0,0,91.84
1847,34.99,0.0,88.08,100.0,20700,1,20,5,5,0,1,0,0,1,0,0,0,0,65.09
1848,32.98,0.0,86.73,100.0,21600,1,20,6,5,0,1,0,0,1,0,0,0,0,57.46
1849,44.21,0.0,90.25,100.0,22500,1,20,6,5,0,1,0,0,1,0,0,0,0,92.66
1850,38.02,0.0,88.97,100.0,23400,1,20,6,5,0,1,0,0,1,0,0,0,0,74.09
1851,38.74,0.0,88.25,100.0,24300,1,20,6,5,0,1,0,0,1,0,0,0,0,72.68
1852,43.81,0.0,90.22,100.0,25200,1,20,7,5,0,1,0,0,1,0,0,0,0,91.66
1853,32.58,0.0,86.27,100.0,26100,1,20,7,5,0,1,0,0,1,0,0,0,0,55.58
1854,28.44,0.0,81.15,100.0,27000,1,20,7,5,0,1,0,0,1,0,0,0,0,39.49
1855,27.4,0.0,78.61,100.0,27900,1,20,7,5,0,1,0,0,1,0,0,0,0,34.85
1856,21.2,0.0,83.98,100.0,28800,1,20,8,5,0,1,0,0,1,0,0,0,0,32.8
1857,21.06,0.0,85.63,100.0,29700,1,20,8,5,0,1,0,0,1,0,0,0,0,34.92
1858,29.09,0.0,83.23,100.0,30600,1,20,8,5,0,1,0,0,1,0,0,0,0,43.67
1859,25.24,0.0,83.73,100.0,31500,1,20,8,5,0,1,0,0,1,0,0,0,0,38.66
1860,4.9,2.02,99.33,99.88,32400,1,20,9,5,0,1,0,0,1,0,0,0,0,42.01
1861,2.48,0.86,99.86,99.98,33300,1,20,9,5,0,1,0,0,1,0,0,0,0,47.05
1862,1.26,2.23,99.96,99.87,34200,1,20,9,5,0,1,0,0,1,0,0,0,0,43.67
1863,1.33,1.73,99.96,99.93,35100,1,20,9,5,0,1,0,0,1,0,0,0,0,45.94
1864,6.59,0.68,99.06,99.99,36000,1,20,10,5,0,1,0,0,1,0,0,0,0,47.84
1865,11.95,0.0,97.65,100.0,36900,1,20,10,5,0,1,0,0,1,0,0,0,0,54.18
1866,11.34,0.0,97.75,100.0,37800,1,20,10,5,0,1,0,0,1,0,0,0,0,52.52
1867,11.12,0.0,98.04,100.0,38700,1,20,10,5,0,1,0,0,1,0,0,0,0,55.4
1868,10.48,0.0,98.24,100.0,39600,1,20,11,5,0,1,0,0,1,0,0,0,0,55.04
1869,26.75,0.0,88.75,100.0,40500,1,20,11,5,0,1,0,0,1,0,0,0,0,51.52
1870,29.56,0.0,87.03,100.0,41400,1,20,11,5,0,1,0,0,1,0,0,0,0,52.24
1871,29.2,0.0,88.53,100.0,42300,1,20,11,5,0,1,0,0,1,0,0,0,0,55.58
1872,30.53,0.0,87.77,100.0,43200,1,20,12,5,0,1,0,0,1,0,0,0,0,55.91
1873,0.04,21.28,100.0,31.33,44100,1,20,12,5,0,1,0,0,1,0,0,0,0,7.02
1874,0.0,26.6,100.0,23.53,45000,1,20,12,5,0,1,0,0,1,0,0,0,0,6.44
1875,0.0,26.42,100.0,23.2,45900,1,20,12,5,0,1,0,0,1,0,0,0,0,6.3
1876,0.0,26.35,100.0,23.25,46800,1,20,13,5,0,1,0,0,1,0,0,0,0,6.3
1877,6.55,9.0,98.11,96.51,47700,1,20,13,5,0,1,0,0,1,0,0,0,0,33.19
1878,22.54,0.0,95.04,100.0,48600,1,20,13,5,0,1,0,0,1,0,0,0,0,68.9
1879,19.15,0.0,95.95,100.0,49500,1,20,13,5,0,1,0,0,1,0,0,0,0,65.2
1880,17.14,0.0,96.38,100.0,50400,1,20,14,5,0,1,0,0,1,0,0,0,0,61.92
1881,18.5,0.0,95.96,100.0,51300,1,20,14,5,0,1,0,0,1,0,0,0,0,63.07
1882,20.02,0.0,95.43,100.0,52200,1,20,14,5,0,1,0,0,1,0,0,0,0,63.9
1883,18.29,0.0,95.92,100.0,53100,1,20,14,5,0,1,0,0,1,0,0,0,0,62.03
1884,19.62,0.0,95.66,100.0,54000,1,20,15,5,0,1,0,0,1,0,0,0,0,64.37
1885,16.92,0.0,96.44,100.0,54900,1,20,15,5,0,1,0,0,1,0,0,0,0,61.7
1886,19.12,0.0,95.62,100.0,55800,1,20,15,5,0,1,0,0,1,0,0,0,0,62.46
1887,19.4,0.0,95.31,100.0,56700,1,20,15,5,0,1,0,0,1,0,0,0,0,61.06
1888,14.83,0.0,96.51,100.0,57600,1,20,16,5,0,1,0,0,1,0,0,0,0,54.65
1889,9.9,0.0,98.03,100.0,58500,1,20,16,5,0,1,0,0,1,0,0,0,0,49.18
1890,3.24,2.16,99.7,99.87,59400,1,20,16,5,0,1,0,0,1,0,0,0,0,42.08
1891,0.72,1.94,99.98,99.89,60300,1,20,16,5,0,1,0,0,1,0,0,0,0,41.29
1892,0.22,3.92,100.0,99.46,61200,1,20,17,5,0,1,0,0,1,0,0,0,0,37.48
1893,0.5,3.06,99.99,99.7,62100,1,20,17,5,0,1,0,0,1,0,0,0,0,39.13
1894,0.36,3.06,100.0,99.69,63000,1,20,17,5,0,1,0,0,1,0,0,0,0,38.56
1895,0.04,6.52,100.0,98.29,63900,1,20,17,5,0,1,0,0,1,0,0,0,0,34.81
1896,0.04,9.83,100.0,95.69,64800,1,20,18,5,0,1,0,0,1,0,0,0,0,32.4
1897,6.95,0.68,97.7,99.98,65700,1,20,18,5,0,1,0,0,1,0,0,0,0,31.86
1898,6.08,0.0,98.14,100.0,66600,1,20,18,5,0,1,0,0,1,0,0,0,0,31.07
1899,1.12,9.4,99.93,95.48,67500,1,20,18,5,0,1,0,0,1,0,0,0,0,30.2
1900,0.04,10.44,100.0,94.81,68400,1,20,19,5,0,1,0,0,1,0,0,0,0,31.14
1901,0.22,7.24,100.0,97.88,69300,1,20,19,5,0,1,0,0,1,0,0,0,0,34.6
1902,0.36,2.2,100.0,99.85,70200,1,20,19,5,0,1,0,0,1,0,0,0,0,40.07
1903,0.25,2.81,100.0,99.74,71100,1,20,19,5,0,1,0,0,1,0,0,0,0,38.81
1904,0.14,4.68,100.0,99.22,72000,1,20,20,5,0,1,0,0,1,0,0,0,0,37.33
1905,0.25,2.38,100.0,99.82,72900,1,20,20,5,0,1,0,0,1,0,0,0,0,39.53
1906,0.18,3.31,100.0,99.63,73800,1,20,20,5,0,1,0,0,1,0,0,0,0,38.41
1907,0.25,2.88,100.0,99.73,74700,1,20,20,5,0,1,0,0,1,0,0,0,0,39.46
1908,0.22,1.98,100.0,99.88,75600,1,20,21,5,0,1,0,0,1,0,0,0,0,40.14
1909,0.14,5.22,100.0,98.99,76500,1,20,21,5,0,1,0,0,1,0,0,0,0,36.5
1910,0.43,1.8,99.99,99.9,77400,1,20,21,5,0,1,0,0,1,0,0,0,0,40.39
1911,0.22,2.56,100.0,99.79,78300,1,20,21,5,0,1,0,0,1,0,0,0,0,39.35
1912,0.22,4.07,100.0,99.43,79200,1,20,22,5,0,1,0,0,1,0,0,0,0,37.8
1913,11.88,0.94,95.89,99.97,80100,1,20,22,5,0,1,0,0,1,0,0,0,0,40.14
1914,26.64,0.0,81.71,100.0,81000,1,20,22,5,0,1,0,0,1,0,0,0,0,37.76
1915,22.64,0.0,79.92,100.0,81900,1,20,22,5,0,1,0,0,1,0,0,0,0,30.1
1916,21.78,0.0,79.02,100.0,82800,1,20,23,5,0,1,0,0,1,0,0,0,0,28.08
1917,21.96,0.0,78.77,100.0,83700,1,20,23,5,0,1,0,0,1,0,0,0,0,28.08
1918,22.57,0.0,78.21,100.0,84600,1,20,23,5,0,1,0,0,1,0,0,0,0,28.33
1919,29.16,0.0,79.49,100.0,85500,1,20,23,5,0,1,0,0,1,0,0,0,0,38.2
1920,30.1,0.0,79.37,100.0,0,1,20,0,5,0,1,0,0,1,0,0,0,0,39.28
1921,25.2,0.0,80.24,100.0,900,1,21,0,6,0,1,0,0,0,1,0,0,0,33.88
1922,29.23,0.0,79.33,100.0,1800,1,21,0,6,0,1,0,0,0,1,0,0,0,38.09
1923,29.95,0.0,79.92,100.0,2700,1,21,0,6,0,1,0,0,0,1,0,0,0,39.82
1924,27.9,0.0,80.18,100.0,3600,1,21,1,6,0,1,0,0,0,1,0,0,0,37.44
1925,30.89,0.0,79.46,100.0,4500,1,21,1,6,0,1,0,0,0,1,0,0,0,40.43
1926,30.1,0.0,79.64,100.0,5400,1,21,1,6,0,1,0,0,0,1,0,0,0,39.64
1927,28.44,0.0,79.99,100.0,6300,1,21,1,6,0,1,0,0,0,1,0,0,0,37.91
1928,31.36,0.0,79.38,100.0,7200,1,21,2,6,0,1,0,0,0,1,0,0,0,40.93
1929,28.8,0.0,79.29,100.0,8100,1,21,2,6,0,1,0,0,0,1,0,0,0,37.48
1930,26.14,0.0,80.05,100.0,9000,1,21,2,6,0,1,0,0,0,1,0,0,0,34.92
1931,30.24,0.0,79.79,100.0,9900,1,21,2,6,0,1,0,0,0,1,0,0,0,40.03
1932,31.21,0.0,79.42,100.0,10800,1,21,3,6,0,1,0,0,0,1,0,0,0,40.79
1933,28.84,0.0,79.94,100.0,11700,1,21,3,6,0,1,0,0,0,1,0,0,0,38.38
1934,30.85,0.0,79.55,100.0,12600,1,21,3,6,0,1,0,0,0,1,0,0,0,40.5
1935,29.09,0.0,79.83,100.0,13500,1,21,3,6,0,1,0,0,0,1,0,0,0,38.56
1936,28.87,0.0,79.78,100.0,14400,1,21,4,6,0,1,0,0,0,1,0,0,0,38.2
1937,31.28,0.0,79.53,100.0,15300,1,21,4,6,0,1,0,0,0,1,0,0,0,41.04
1938,27.76,0.0,80.24,100.0,16200,1,21,4,6,0,1,0,0,0,1,0,0,0,37.33
1939,31.57,0.0,79.34,100.0,17100,1,21,4,6,0,1,0,0,0,1,0,0,0,41.15
1940,31.18,0.0,78.94,100.0,18000,1,21,5,6,0,1,0,0,0,1,0,0,0,40.1
1941,25.6,0.0,79.34,100.0,18900,1,21,5,6,0,1,0,0,0,1,0,0,0,33.37
1942,15.66,0.0,77.76,100.0,19800,1,21,5,6,0,1,0,0,0,1,0,0,0,19.37
1943,5.44,0.0,67.67,100.0,20700,1,21,5,6,0,1,0,0,0,1,0,0,0,5.0
1944,5.65,0.0,67.36,100.0,21600,1,21,6,6,0,1,0,0,0,1,0,0,0,5.15
1945,5.65,0.0,65.52,100.0,22500,1,21,6,6,0,1,0,0,0,1,0,0,0,4.9
1946,5.76,0.0,65.02,100.0,23400,1,21,6,6,0,1,0,0,0,1,0,0,0,4.93
1947,5.83,0.0,64.03,100.0,24300,1,21,6,6,0,1,0,0,0,1,0,0,0,4.86
1948,5.72,0.0,64.2,100.0,25200,1,21,7,6,0,1,0,0,0,1,0,0,0,4.79
1949,5.83,0.0,62.92,100.0,26100,1,21,7,6,0,1,0,0,0,1,0,0,0,4.72
1950,6.05,0.0,61.75,100.0,27000,1,21,7,6,0,1,0,0,0,1,0,0,0,4.75
1951,6.08,0.0,61.88,100.0,27900,1,21,7,6,0,1,0,0,0,1,0,0,0,4.79
1952,6.16,0.0,61.39,100.0,28800,1,21,8,6,0,1,0,0,0,1,0,0,0,4.79
1953,5.8,0.0,63.68,100.0,29700,1,21,8,6,0,1,0,0,0,1,0,0,0,4.79
1954,5.65,0.0,64.11,100.0,30600,1,21,8,6,0,1,0,0,0,1,0,0,0,4.72
1955,5.47,0.36,65.88,99.72,31500,1,21,8,6,0,1,0,0,0,1,0,0,0,4.79
1956,0.0,20.38,100.0,24.01,32400,1,21,9,6,0,1,0,0,0,1,0,0,0,5.04
1957,0.0,25.81,100.0,19.42,33300,1,21,9,6,0,1,0,0,0,1,0,0,0,5.11
1958,0.0,25.96,100.0,19.46,34200,1,21,9,6,0,1,0,0,0,1,0,0,0,5.15
1959,0.0,25.96,100.0,19.46,35100,1,21,9,6,0,1,0,0,0,1,0,0,0,5.15
1960,0.0,25.85,100.0,19.65,36000,1,21,10,6,0,1,0,0,0,1,0,0,0,5.18
1961,0.0,25.56,100.0,19.75,36900,1,21,10,6,0,1,0,0,0,1,0,0,0,5.15
1962,0.0,25.74,100.0,19.62,37800,1,21,10,6,0,1,0,0,0,1,0,0,0,5.15
1963,0.0,25.56,100.0,19.75,38700,1,21,10,6,0,1,0,0,0,1,0,0,0,5.15
1964,0.0,25.56,100.0,19.75,39600,1,21,11,6,0,1,0,0,0,1,0,0,0,5.15
1965,0.0,8.46,100.0,50.88,40500,1,21,11,6,0,1,0,0,0,1,0,0,0,5.0
1966,0.0,7.42,100.0,55.34,41400,1,21,11,6,0,1,0,0,0,1,0,0,0,4.93
1967,0.0,7.49,100.0,54.75,42300,1,21,11,6,0,1,0,0,0,1,0,0,0,4.9
1968,0.0,7.31,100.0,55.68,43200,1,21,12,6,0,1,0,0,0,1,0,0,0,4.9
1969,0.0,19.91,100.0,24.72,44100,1,21,12,6,0,1,0,0,0,1,0,0,0,5.08
1970,0.0,25.38,100.0,20.0,45000,1,21,12,6,0,1,0,0,0,1,0,0,0,5.18
1971,0.0,25.31,100.0,20.2,45900,1,21,12,6,0,1,0,0,0,1,0,0,0,5.22
1972,0.0,25.38,100.0,19.74,46800,1,21,13,6,0,1,0,0,0,1,0,0,0,5.11
1973,0.0,25.67,100.0,19.52,47700,1,21,13,6,0,1,0,0,0,1,0,0,0,5.11
1974,0.0,25.85,100.0,19.39,48600,1,21,13,6,0,1,0,0,0,1,0,0,0,5.11
1975,0.0,25.78,100.0,19.44,49500,1,21,13,6,0,1,0,0,0,1,0,0,0,5.11
1976,0.0,25.67,100.0,19.78,50400,1,21,14,6,0,1,0,0,0,1,0,0,0,5.18
1977,0.0,25.74,100.0,19.36,51300,1,21,14,6,0,1,0,0,0,1,0,0,0,5.08
1978,0.0,25.7,100.0,19.65,52200,1,21,14,6,0,1,0,0,0,1,0,0,0,5.15
1979,0.0,25.67,100.0,19.41,53100,1,21,14,6,0,1,0,0,0,1,0,0,0,5.08
1980,0.0,25.74,100.0,19.47,54000,1,21,15,6,0,1,0,0,0,1,0,0,0,5.11
1981,0.0,25.81,100.0,19.42,54900,1,21,15,6,0,1,0,0,0,1,0,0,0,5.11
1982,0.0,25.7,100.0,19.65,55800,1,21,15,6,0,1,0,0,0,1,0,0,0,5.15
1983,0.0,25.7,100.0,19.39,56700,1,21,15,6,0,1,0,0,0,1,0,0,0,5.08
1984,0.0,25.56,100.0,19.6,57600,1,21,16,6,0,1,0,0,0,1,0,0,0,5.11
1985,0.0,25.49,100.0,19.66,58500,1,21,16,6,0,1,0,0,0,1,0,0,0,5.11
1986,0.0,25.6,100.0,19.83,59400,1,21,16,6,0,1,0,0,0,1,0,0,0,5.18
1987,0.0,25.7,100.0,19.39,60300,1,21,16,6,0,1,0,0,0,1,0,0,0,5.08
1988,0.0,25.6,100.0,19.46,61200,1,21,17,6,0,1,0,0,0,1,0,0,0,5.08
1989,0.0,26.03,100.0,19.15,62100,1,21,17,6,0,1,0,0,0,1,0,0,0,5.08
1990,0.0,26.35,100.0,18.64,63000,1,21,17,6,0,1,0,0,0,1,0,0,0,5.0
1991,0.0,26.71,100.0,18.4,63900,1,21,17,6,0,1,0,0,0,1,0,0,0,5.0
1992,0.0,26.89,100.0,18.17,64800,1,21,18,6,0,1,0,0,0,1,0,0,0,4.97
1993,0.0,10.91,100.0,39.92,65700,1,21,18,6,0,1,0,0,0,1,0,0,0,4.75
1994,0.0,9.43,100.0,44.99,66600,1,21,18,6,0,1,0,0,0,1,0,0,0,4.75
1995,0.0,23.04,100.0,20.92,67500,1,21,18,6,0,1,0,0,0,1,0,0,0,4.93
1996,0.0,27.0,100.0,18.1,68400,1,21,19,6,0,1,0,0,0,1,0,0,0,4.97
1997,0.0,27.0,100.0,18.35,69300,1,21,19,6,0,1,0,0,0,1,0,0,0,5.04
1998,0.0,26.96,100.0,18.13,70200,1,21,19,6,0,1,0,0,0,1,0,0,0,4.97
1999,0.0,27.07,100.0,18.06,71100,1,21,19,6,0,1,0,0,0,1,0,0,0,4.97
2000,0.0,23.69,100.0,19.22,72000,1,21,20,6,0,1,0,0,0,1,0,0,0,4.64
